Copyright 1986-2022 Xilinx, Inc. All Rights Reserved. Copyright 2022-2025 Advanced Micro Devices, Inc. All Rights Reserved.
---------------------------------------------------------------------------------------------------------------------------------------------------------------------------------------------------------------------------------------------
| Tool Version : Vivado v.2025.2 (win64) Build 6299465 Fri Nov 14 19:35:11 GMT 2025
| Date         : Tue Nov 25 20:51:38 2025
| Host         : SaiReddy running 64-bit major release  (build 9200)
| Command      : report_timing_summary -max_paths 10 -routable_nets -report_unconstrained -file aes_wrapper_timing_summary_routed.rpt -pb aes_wrapper_timing_summary_routed.pb -rpx aes_wrapper_timing_summary_routed.rpx -warn_on_violation
| Design       : aes_wrapper
| Device       : 7z020-clg400
| Speed File   : -1  PRODUCTION 1.12 2019-11-22
| Design State : Routed
---------------------------------------------------------------------------------------------------------------------------------------------------------------------------------------------------------------------------------------------

Timing Summary Report

------------------------------------------------------------------------------------------------
| Timer Settings
| --------------
------------------------------------------------------------------------------------------------

  Enable Multi Corner Analysis               :  Yes
  Enable Pessimism Removal                   :  Yes
  Pessimism Removal Resolution               :  Nearest Common Node
  Enable Input Delay Default Clock           :  No
  Enable Preset / Clear Arcs                 :  No
  Disable Flight Delays                      :  No
  Ignore I/O Paths                           :  No
  Timing Early Launch at Borrowing Latches   :  No
  Borrow Time for Max Delay Exceptions       :  Yes
  Merge Timing Exceptions                    :  Yes
  Inter-SLR Compensation                     :  Conservative

  Corner  Analyze    Analyze    
  Name    Max Paths  Min Paths  
  ------  ---------  ---------  
  Slow    Yes        Yes        
  Fast    Yes        Yes        


------------------------------------------------------------------------------------------------
| Report Methodology
| ------------------
------------------------------------------------------------------------------------------------

Rule     Severity  Description                   Violations  
-------  --------  ----------------------------  ----------  
LUTAR-1  Warning   LUT drives async reset alert  7           

Note: This report is based on the most recent report_methodology run and may not be up-to-date. Run report_methodology on the current design for the latest report.



check_timing report

Table of Contents
-----------------
1. checking no_clock (0)
2. checking constant_clock (0)
3. checking pulse_width_clock (0)
4. checking unconstrained_internal_endpoints (0)
5. checking no_input_delay (0)
6. checking no_output_delay (0)
7. checking multiple_clock (0)
8. checking generated_clocks (0)
9. checking loops (0)
10. checking partial_input_delay (0)
11. checking partial_output_delay (0)
12. checking latch_loops (0)

1. checking no_clock (0)
------------------------
 There are 0 register/latch pins with no clock.


2. checking constant_clock (0)
------------------------------
 There are 0 register/latch pins with constant_clock.


3. checking pulse_width_clock (0)
---------------------------------
 There are 0 register/latch pins which need pulse_width check


4. checking unconstrained_internal_endpoints (0)
------------------------------------------------
 There are 0 pins that are not constrained for maximum delay.

 There are 0 pins that are not constrained for maximum delay due to constant clock.


5. checking no_input_delay (0)
------------------------------
 There are 0 input ports with no input delay specified.

 There are 0 input ports with no input delay but user has a false path constraint.


6. checking no_output_delay (0)
-------------------------------
 There are 0 ports with no output delay specified.

 There are 0 ports with no output delay but user has a false path constraint

 There are 0 ports with no output delay but with a timing clock defined on it or propagating through it


7. checking multiple_clock (0)
------------------------------
 There are 0 register/latch pins with multiple clocks.


8. checking generated_clocks (0)
--------------------------------
 There are 0 generated clocks that are not connected to a clock source.


9. checking loops (0)
---------------------
 There are 0 combinational loops in the design.


10. checking partial_input_delay (0)
------------------------------------
 There are 0 input ports with partial input delay specified.


11. checking partial_output_delay (0)
-------------------------------------
 There are 0 ports with partial output delay specified.


12. checking latch_loops (0)
----------------------------
 There are 0 combinational latch loops in the design through latch input



------------------------------------------------------------------------------------------------
| Design Timing Summary
| ---------------------
------------------------------------------------------------------------------------------------

    WNS(ns)      TNS(ns)  TNS Failing Endpoints  TNS Total Endpoints      WHS(ns)      THS(ns)  THS Failing Endpoints  THS Total Endpoints     WPWS(ns)     TPWS(ns)  TPWS Failing Endpoints  TPWS Total Endpoints  
    -------      -------  ---------------------  -------------------      -------      -------  ---------------------  -------------------     --------     --------  ----------------------  --------------------  
      0.324        0.000                      0                41530        0.010        0.000                      0                41530        3.750        0.000                       0                 17796  


All user specified timing constraints are met.


------------------------------------------------------------------------------------------------
| Clock Summary
| -------------
------------------------------------------------------------------------------------------------

Clock       Waveform(ns)       Period(ns)      Frequency(MHz)
-----       ------------       ----------      --------------
clk_fpga_0  {0.000 5.000}      10.000          100.000         


------------------------------------------------------------------------------------------------
| Intra Clock Table
| -----------------
------------------------------------------------------------------------------------------------

Clock             WNS(ns)      TNS(ns)  TNS Failing Endpoints  TNS Total Endpoints      WHS(ns)      THS(ns)  THS Failing Endpoints  THS Total Endpoints     WPWS(ns)     TPWS(ns)  TPWS Failing Endpoints  TPWS Total Endpoints  
-----             -------      -------  ---------------------  -------------------      -------      -------  ---------------------  -------------------     --------     --------  ----------------------  --------------------  
clk_fpga_0          0.324        0.000                      0                41306        0.010        0.000                      0                41306        3.750        0.000                       0                 17796  


------------------------------------------------------------------------------------------------
| Inter Clock Table
| -----------------
------------------------------------------------------------------------------------------------

From Clock    To Clock          WNS(ns)      TNS(ns)  TNS Failing Endpoints  TNS Total Endpoints      WHS(ns)      THS(ns)  THS Failing Endpoints  THS Total Endpoints  
----------    --------          -------      -------  ---------------------  -------------------      -------      -------  ---------------------  -------------------  


------------------------------------------------------------------------------------------------
| Other Path Groups Table
| -----------------------
------------------------------------------------------------------------------------------------

Path Group         From Clock         To Clock               WNS(ns)      TNS(ns)  TNS Failing Endpoints  TNS Total Endpoints      WHS(ns)      THS(ns)  THS Failing Endpoints  THS Total Endpoints  
----------         ----------         --------               -------      -------  ---------------------  -------------------      -------      -------  ---------------------  -------------------  
**async_default**  clk_fpga_0         clk_fpga_0               6.288        0.000                      0                  224        0.503        0.000                      0                  224  


------------------------------------------------------------------------------------------------
| User Ignored Path Table
| -----------------------
------------------------------------------------------------------------------------------------

Path Group    From Clock    To Clock    
----------    ----------    --------    
(none)                      clk_fpga_0    
(none)        clk_fpga_0    clk_fpga_0    


------------------------------------------------------------------------------------------------
| Unconstrained Path Table
| ------------------------
------------------------------------------------------------------------------------------------

Path Group    From Clock    To Clock    
----------    ----------    --------    


------------------------------------------------------------------------------------------------
| Timing Details
| --------------
------------------------------------------------------------------------------------------------


---------------------------------------------------------------------------------------------------
From Clock:  clk_fpga_0
  To Clock:  clk_fpga_0

Setup :            0  Failing Endpoints,  Worst Slack        0.324ns,  Total Violation        0.000ns
Hold  :            0  Failing Endpoints,  Worst Slack        0.010ns,  Total Violation        0.000ns
PW    :            0  Failing Endpoints,  Worst Slack        3.750ns,  Total Violation        0.000ns
---------------------------------------------------------------------------------------------------


Max Delay Paths
--------------------------------------------------------------------------------------
Slack (MET) :             0.324ns  (required time - arrival time)
  Source:                 aes_i/AES_En_De_0/inst/grp_extendKey_fu_621/grp_extendKey_Pipeline_extendKey_label0_fu_134/S_U/q0_reg/CLKARDCLK
                            (rising edge-triggered cell RAMB18E1 clocked by clk_fpga_0  {rise@0.000ns fall@5.000ns period=10.000ns})
  Destination:            aes_i/AES_En_De_0/inst/grp_extendKey_fu_621/w_26_o_reg_reg[3]/D
                            (rising edge-triggered cell FDRE clocked by clk_fpga_0  {rise@0.000ns fall@5.000ns period=10.000ns})
  Path Group:             clk_fpga_0
  Path Type:              Setup (Max at Slow Process Corner)
  Requirement:            10.000ns  (clk_fpga_0 rise@10.000ns - clk_fpga_0 rise@0.000ns)
  Data Path Delay:        9.463ns  (logic 3.074ns (32.486%)  route 6.389ns (67.514%))
  Logic Levels:           5  (LUT2=1 LUT5=1 LUT6=3)
  Clock Path Skew:        -0.090ns (DCD - SCD + CPR)
    Destination Clock Delay (DCD):    2.730ns = ( 12.730 - 10.000 ) 
    Source Clock Delay      (SCD):    3.050ns
    Clock Pessimism Removal (CPR):    0.230ns
  Clock Uncertainty:      0.154ns  ((TSJ^2 + TIJ^2)^1/2 + DJ) / 2 + PE
    Total System Jitter     (TSJ):    0.071ns
    Total Input Jitter      (TIJ):    0.300ns
    Discrete Jitter          (DJ):    0.000ns
    Phase Error              (PE):    0.000ns

    Location             Delay type                Incr(ns)  Path(ns)    Netlist Resource(s)
  -------------------------------------------------------------------    -------------------
                         (clock clk_fpga_0 rise edge)
                                                      0.000     0.000 r  
    PS7_X0Y0             PS7                          0.000     0.000 r  aes_i/processing_system7_0/inst/PS7_i/FCLKCLK[0]
                         net (fo=1, routed)           1.193     1.193    aes_i/processing_system7_0/inst/FCLK_CLK_unbuffered[0]
    BUFGCTRL_X0Y16       BUFG (Prop_bufg_I_O)         0.101     1.294 r  aes_i/processing_system7_0/inst/buffer_fclk_clk_0.FCLK_CLK_0_BUFG/O
                         net (fo=17798, routed)       1.756     3.050    aes_i/AES_En_De_0/inst/grp_extendKey_fu_621/grp_extendKey_Pipeline_extendKey_label0_fu_134/S_U/ap_clk
    RAMB18_X3Y11         RAMB18E1                                     r  aes_i/AES_En_De_0/inst/grp_extendKey_fu_621/grp_extendKey_Pipeline_extendKey_label0_fu_134/S_U/q0_reg/CLKARDCLK
  -------------------------------------------------------------------    -------------------
    RAMB18_X3Y11         RAMB18E1 (Prop_ramb18e1_CLKARDCLK_DOADO[3])
                                                      2.454     5.504 r  aes_i/AES_En_De_0/inst/grp_extendKey_fu_621/grp_extendKey_Pipeline_extendKey_label0_fu_134/S_U/q0_reg/DOADO[3]
                         net (fo=54, routed)          1.365     6.870    aes_i/AES_En_De_0/inst/grp_extendKey_fu_621/grp_extendKey_Pipeline_extendKey_label0_fu_134/S_U/or_ln183_2_fu_1244_p5[3]
    SLICE_X43Y29         LUT2 (Prop_lut2_I1_O)        0.124     6.994 f  aes_i/AES_En_De_0/inst/grp_extendKey_fu_621/grp_extendKey_Pipeline_extendKey_label0_fu_134/S_U/w_5_o_reg[3]_i_2/O
                         net (fo=41, routed)          1.275     8.269    aes_i/AES_En_De_0/inst/grp_extendKey_fu_621/grp_extendKey_Pipeline_extendKey_label0_fu_134/S_U/w_5_o_reg[3]_i_2_n_2
    SLICE_X29Y25         LUT6 (Prop_lut6_I5_O)        0.124     8.393 f  aes_i/AES_En_De_0/inst/grp_extendKey_fu_621/grp_extendKey_Pipeline_extendKey_label0_fu_134/S_U/tmp_reg_1554[3]_i_19/O
                         net (fo=1, routed)           0.581     8.974    aes_i/AES_En_De_0/inst/grp_extendKey_fu_621/grp_extendKey_Pipeline_extendKey_label0_fu_134/S_U/tmp_reg_1554[3]_i_19_n_2
    SLICE_X30Y25         LUT5 (Prop_lut5_I2_O)        0.124     9.098 f  aes_i/AES_En_De_0/inst/grp_extendKey_fu_621/grp_extendKey_Pipeline_extendKey_label0_fu_134/S_U/tmp_reg_1554[3]_i_7/O
                         net (fo=1, routed)           1.589    10.686    aes_i/AES_En_De_0/inst/grp_extendKey_fu_621/grp_extendKey_Pipeline_extendKey_label0_fu_134/S_U/tmp_reg_1554[3]_i_7_n_2
    SLICE_X49Y34         LUT6 (Prop_lut6_I5_O)        0.124    10.810 r  aes_i/AES_En_De_0/inst/grp_extendKey_fu_621/grp_extendKey_Pipeline_extendKey_label0_fu_134/S_U/tmp_reg_1554[3]_i_1/O
                         net (fo=60, routed)          1.579    12.389    aes_i/AES_En_De_0/inst/grp_extendKey_fu_621/grp_extendKey_Pipeline_extendKey_label0_fu_134/S_U/i_1_fu_220_reg[3]_0
    SLICE_X70Y33         LUT6 (Prop_lut6_I0_O)        0.124    12.513 r  aes_i/AES_En_De_0/inst/grp_extendKey_fu_621/grp_extendKey_Pipeline_extendKey_label0_fu_134/S_U/w_26_o_reg[3]_i_1/O
                         net (fo=1, routed)           0.000    12.513    aes_i/AES_En_De_0/inst/grp_extendKey_fu_621/grp_extendKey_Pipeline_extendKey_label0_fu_134_w_26_o[3]
    SLICE_X70Y33         FDRE                                         r  aes_i/AES_En_De_0/inst/grp_extendKey_fu_621/w_26_o_reg_reg[3]/D
  -------------------------------------------------------------------    -------------------

                         (clock clk_fpga_0 rise edge)
                                                     10.000    10.000 r  
    PS7_X0Y0             PS7                          0.000    10.000 r  aes_i/processing_system7_0/inst/PS7_i/FCLKCLK[0]
                         net (fo=1, routed)           1.088    11.088    aes_i/processing_system7_0/inst/FCLK_CLK_unbuffered[0]
    BUFGCTRL_X0Y16       BUFG (Prop_bufg_I_O)         0.091    11.179 r  aes_i/processing_system7_0/inst/buffer_fclk_clk_0.FCLK_CLK_0_BUFG/O
                         net (fo=17798, routed)       1.551    12.731    aes_i/AES_En_De_0/inst/grp_extendKey_fu_621/ap_clk
    SLICE_X70Y33         FDRE                                         r  aes_i/AES_En_De_0/inst/grp_extendKey_fu_621/w_26_o_reg_reg[3]/C
                         clock pessimism              0.230    12.960    
                         clock uncertainty           -0.154    12.806    
    SLICE_X70Y33         FDRE (Setup_fdre_C_D)        0.031    12.837    aes_i/AES_En_De_0/inst/grp_extendKey_fu_621/w_26_o_reg_reg[3]
  -------------------------------------------------------------------
                         required time                         12.837    
                         arrival time                         -12.513    
  -------------------------------------------------------------------
                         slack                                  0.324    

Slack (MET) :             0.329ns  (required time - arrival time)
  Source:                 aes_i/AES_En_De_0/inst/grp_extendKey_fu_621/grp_extendKey_Pipeline_extendKey_label0_fu_134/S_U/q0_reg/CLKBWRCLK
                            (rising edge-triggered cell RAMB18E1 clocked by clk_fpga_0  {rise@0.000ns fall@5.000ns period=10.000ns})
  Destination:            aes_i/AES_En_De_0/inst/w_42_reg[13]/D
                            (rising edge-triggered cell FDRE clocked by clk_fpga_0  {rise@0.000ns fall@5.000ns period=10.000ns})
  Path Group:             clk_fpga_0
  Path Type:              Setup (Max at Slow Process Corner)
  Requirement:            10.000ns  (clk_fpga_0 rise@10.000ns - clk_fpga_0 rise@0.000ns)
  Data Path Delay:        9.296ns  (logic 3.310ns (35.606%)  route 5.986ns (64.394%))
  Logic Levels:           5  (LUT2=1 LUT6=4)
  Clock Path Skew:        -0.250ns (DCD - SCD + CPR)
    Destination Clock Delay (DCD):    2.667ns = ( 12.667 - 10.000 ) 
    Source Clock Delay      (SCD):    3.046ns
    Clock Pessimism Removal (CPR):    0.129ns
  Clock Uncertainty:      0.154ns  ((TSJ^2 + TIJ^2)^1/2 + DJ) / 2 + PE
    Total System Jitter     (TSJ):    0.071ns
    Total Input Jitter      (TIJ):    0.300ns
    Discrete Jitter          (DJ):    0.000ns
    Phase Error              (PE):    0.000ns

    Location             Delay type                Incr(ns)  Path(ns)    Netlist Resource(s)
  -------------------------------------------------------------------    -------------------
                         (clock clk_fpga_0 rise edge)
                                                      0.000     0.000 r  
    PS7_X0Y0             PS7                          0.000     0.000 r  aes_i/processing_system7_0/inst/PS7_i/FCLKCLK[0]
                         net (fo=1, routed)           1.193     1.193    aes_i/processing_system7_0/inst/FCLK_CLK_unbuffered[0]
    BUFGCTRL_X0Y16       BUFG (Prop_bufg_I_O)         0.101     1.294 r  aes_i/processing_system7_0/inst/buffer_fclk_clk_0.FCLK_CLK_0_BUFG/O
                         net (fo=17798, routed)       1.752     3.046    aes_i/AES_En_De_0/inst/grp_extendKey_fu_621/grp_extendKey_Pipeline_extendKey_label0_fu_134/S_U/ap_clk
    RAMB18_X3Y11         RAMB18E1                                     r  aes_i/AES_En_De_0/inst/grp_extendKey_fu_621/grp_extendKey_Pipeline_extendKey_label0_fu_134/S_U/q0_reg/CLKBWRCLK
  -------------------------------------------------------------------    -------------------
    RAMB18_X3Y11         RAMB18E1 (Prop_ramb18e1_CLKBWRCLK_DOBDO[5])
                                                      2.454     5.500 r  aes_i/AES_En_De_0/inst/grp_extendKey_fu_621/grp_extendKey_Pipeline_extendKey_label0_fu_134/S_U/q0_reg/DOBDO[5]
                         net (fo=53, routed)          1.647     7.147    aes_i/AES_En_De_0/inst/grp_extendKey_fu_621/grp_extendKey_Pipeline_extendKey_label0_fu_134/S_U/or_ln183_2_fu_1244_p5[13]
    SLICE_X49Y36         LUT2 (Prop_lut2_I1_O)        0.152     7.299 f  aes_i/AES_En_De_0/inst/grp_extendKey_fu_621/grp_extendKey_Pipeline_extendKey_label0_fu_134/S_U/w_5_o_reg[13]_i_2/O
                         net (fo=41, routed)          1.338     8.637    aes_i/AES_En_De_0/inst/grp_extendKey_fu_621/grp_extendKey_Pipeline_extendKey_label0_fu_134/S_U/w_5_o_reg[13]_i_2_n_2
    SLICE_X70Y36         LUT6 (Prop_lut6_I5_O)        0.332     8.969 f  aes_i/AES_En_De_0/inst/grp_extendKey_fu_621/grp_extendKey_Pipeline_extendKey_label0_fu_134/S_U/q2_reg_i_145/O
                         net (fo=1, routed)           0.512     9.481    aes_i/AES_En_De_0/inst/grp_extendKey_fu_621/grp_extendKey_Pipeline_extendKey_label0_fu_134/S_U/q2_reg_i_145_n_2
    SLICE_X70Y35         LUT6 (Prop_lut6_I0_O)        0.124     9.605 f  aes_i/AES_En_De_0/inst/grp_extendKey_fu_621/grp_extendKey_Pipeline_extendKey_label0_fu_134/S_U/q2_reg_i_32__0/O
                         net (fo=1, routed)           1.307    10.912    aes_i/AES_En_De_0/inst/grp_extendKey_fu_621/grp_extendKey_Pipeline_extendKey_label0_fu_134/S_U/q2_reg_i_32__0_n_2
    SLICE_X54Y34         LUT6 (Prop_lut6_I3_O)        0.124    11.036 r  aes_i/AES_En_De_0/inst/grp_extendKey_fu_621/grp_extendKey_Pipeline_extendKey_label0_fu_134/S_U/q2_reg_i_3__0/O
                         net (fo=60, routed)          1.183    12.219    aes_i/AES_En_De_0/inst/grp_extendKey_fu_621/grp_extendKey_Pipeline_extendKey_label0_fu_134/S_U/S_address2[5]
    SLICE_X43Y33         LUT6 (Prop_lut6_I3_O)        0.124    12.343 r  aes_i/AES_En_De_0/inst/grp_extendKey_fu_621/grp_extendKey_Pipeline_extendKey_label0_fu_134/S_U/w_42[13]_i_1/O
                         net (fo=1, routed)           0.000    12.343    aes_i/AES_En_De_0/inst/grp_extendKey_fu_621_w_42_o[13]
    SLICE_X43Y33         FDRE                                         r  aes_i/AES_En_De_0/inst/w_42_reg[13]/D
  -------------------------------------------------------------------    -------------------

                         (clock clk_fpga_0 rise edge)
                                                     10.000    10.000 r  
    PS7_X0Y0             PS7                          0.000    10.000 r  aes_i/processing_system7_0/inst/PS7_i/FCLKCLK[0]
                         net (fo=1, routed)           1.088    11.088    aes_i/processing_system7_0/inst/FCLK_CLK_unbuffered[0]
    BUFGCTRL_X0Y16       BUFG (Prop_bufg_I_O)         0.091    11.179 r  aes_i/processing_system7_0/inst/buffer_fclk_clk_0.FCLK_CLK_0_BUFG/O
                         net (fo=17798, routed)       1.488    12.667    aes_i/AES_En_De_0/inst/ap_clk
    SLICE_X43Y33         FDRE                                         r  aes_i/AES_En_De_0/inst/w_42_reg[13]/C
                         clock pessimism              0.129    12.796    
                         clock uncertainty           -0.154    12.642    
    SLICE_X43Y33         FDRE (Setup_fdre_C_D)        0.029    12.671    aes_i/AES_En_De_0/inst/w_42_reg[13]
  -------------------------------------------------------------------
                         required time                         12.671    
                         arrival time                         -12.343    
  -------------------------------------------------------------------
                         slack                                  0.329    

Slack (MET) :             0.337ns  (required time - arrival time)
  Source:                 aes_i/AES_En_De_0/inst/grp_extendKey_fu_621/grp_extendKey_Pipeline_extendKey_label0_fu_134/S_U/q2_reg/CLKBWRCLK
                            (rising edge-triggered cell RAMB18E1 clocked by clk_fpga_0  {rise@0.000ns fall@5.000ns period=10.000ns})
  Destination:            aes_i/AES_En_De_0/inst/w_26_reg[30]/D
                            (rising edge-triggered cell FDRE clocked by clk_fpga_0  {rise@0.000ns fall@5.000ns period=10.000ns})
  Path Group:             clk_fpga_0
  Path Type:              Setup (Max at Slow Process Corner)
  Requirement:            10.000ns  (clk_fpga_0 rise@10.000ns - clk_fpga_0 rise@0.000ns)
  Data Path Delay:        9.446ns  (logic 3.074ns (32.541%)  route 6.372ns (67.459%))
  Logic Levels:           5  (LUT3=1 LUT6=4)
  Clock Path Skew:        -0.091ns (DCD - SCD + CPR)
    Destination Clock Delay (DCD):    2.732ns = ( 12.733 - 10.000 ) 
    Source Clock Delay      (SCD):    3.053ns
    Clock Pessimism Removal (CPR):    0.230ns
  Clock Uncertainty:      0.154ns  ((TSJ^2 + TIJ^2)^1/2 + DJ) / 2 + PE
    Total System Jitter     (TSJ):    0.071ns
    Total Input Jitter      (TIJ):    0.300ns
    Discrete Jitter          (DJ):    0.000ns
    Phase Error              (PE):    0.000ns

    Location             Delay type                Incr(ns)  Path(ns)    Netlist Resource(s)
  -------------------------------------------------------------------    -------------------
                         (clock clk_fpga_0 rise edge)
                                                      0.000     0.000 r  
    PS7_X0Y0             PS7                          0.000     0.000 r  aes_i/processing_system7_0/inst/PS7_i/FCLKCLK[0]
                         net (fo=1, routed)           1.193     1.193    aes_i/processing_system7_0/inst/FCLK_CLK_unbuffered[0]
    BUFGCTRL_X0Y16       BUFG (Prop_bufg_I_O)         0.101     1.294 r  aes_i/processing_system7_0/inst/buffer_fclk_clk_0.FCLK_CLK_0_BUFG/O
                         net (fo=17798, routed)       1.759     3.053    aes_i/AES_En_De_0/inst/grp_extendKey_fu_621/grp_extendKey_Pipeline_extendKey_label0_fu_134/S_U/ap_clk
    RAMB18_X3Y13         RAMB18E1                                     r  aes_i/AES_En_De_0/inst/grp_extendKey_fu_621/grp_extendKey_Pipeline_extendKey_label0_fu_134/S_U/q2_reg/CLKBWRCLK
  -------------------------------------------------------------------    -------------------
    RAMB18_X3Y13         RAMB18E1 (Prop_ramb18e1_CLKBWRCLK_DOBDO[6])
                                                      2.454     5.507 r  aes_i/AES_En_De_0/inst/grp_extendKey_fu_621/grp_extendKey_Pipeline_extendKey_label0_fu_134/S_U/q2_reg/DOBDO[6]
                         net (fo=44, routed)          1.596     7.104    aes_i/AES_En_De_0/inst/grp_extendKey_fu_621/grp_extendKey_Pipeline_extendKey_label0_fu_134/S_U/DOBDO[6]
    SLICE_X53Y23         LUT3 (Prop_lut3_I1_O)        0.124     7.228 f  aes_i/AES_En_De_0/inst/grp_extendKey_fu_621/grp_extendKey_Pipeline_extendKey_label0_fu_134/S_U/w_5_o_reg[30]_i_2/O
                         net (fo=53, routed)          1.453     8.681    aes_i/AES_En_De_0/inst/grp_extendKey_fu_621/grp_extendKey_Pipeline_extendKey_label0_fu_134/S_U/w_5_o_reg[30]_i_2_n_2
    SLICE_X49Y10         LUT6 (Prop_lut6_I5_O)        0.124     8.805 f  aes_i/AES_En_De_0/inst/grp_extendKey_fu_621/grp_extendKey_Pipeline_extendKey_label0_fu_134/S_U/tmp_reg_1554[30]_i_8/O
                         net (fo=1, routed)           0.706     9.511    aes_i/AES_En_De_0/inst/grp_extendKey_fu_621/grp_extendKey_Pipeline_extendKey_label0_fu_134/S_U/tmp_reg_1554[30]_i_8_n_2
    SLICE_X51Y10         LUT6 (Prop_lut6_I1_O)        0.124     9.635 r  aes_i/AES_En_De_0/inst/grp_extendKey_fu_621/grp_extendKey_Pipeline_extendKey_label0_fu_134/S_U/tmp_reg_1554[30]_i_2/O
                         net (fo=1, routed)           1.092    10.727    aes_i/AES_En_De_0/inst/grp_extendKey_fu_621/grp_extendKey_Pipeline_extendKey_label0_fu_134/S_U/tmp_reg_1554[30]_i_2_n_2
    SLICE_X51Y15         LUT6 (Prop_lut6_I0_O)        0.124    10.851 r  aes_i/AES_En_De_0/inst/grp_extendKey_fu_621/grp_extendKey_Pipeline_extendKey_label0_fu_134/S_U/tmp_reg_1554[30]_i_1/O
                         net (fo=60, routed)          1.525    12.376    aes_i/AES_En_De_0/inst/grp_extendKey_fu_621/grp_extendKey_Pipeline_extendKey_label0_fu_134/S_U/i_1_fu_220_reg[1]_0
    SLICE_X57Y7          LUT6 (Prop_lut6_I2_O)        0.124    12.500 r  aes_i/AES_En_De_0/inst/grp_extendKey_fu_621/grp_extendKey_Pipeline_extendKey_label0_fu_134/S_U/w_26[30]_i_1/O
                         net (fo=1, routed)           0.000    12.500    aes_i/AES_En_De_0/inst/grp_extendKey_fu_621_w_26_o[30]
    SLICE_X57Y7          FDRE                                         r  aes_i/AES_En_De_0/inst/w_26_reg[30]/D
  -------------------------------------------------------------------    -------------------

                         (clock clk_fpga_0 rise edge)
                                                     10.000    10.000 r  
    PS7_X0Y0             PS7                          0.000    10.000 r  aes_i/processing_system7_0/inst/PS7_i/FCLKCLK[0]
                         net (fo=1, routed)           1.088    11.088    aes_i/processing_system7_0/inst/FCLK_CLK_unbuffered[0]
    BUFGCTRL_X0Y16       BUFG (Prop_bufg_I_O)         0.091    11.179 r  aes_i/processing_system7_0/inst/buffer_fclk_clk_0.FCLK_CLK_0_BUFG/O
                         net (fo=17798, routed)       1.553    12.733    aes_i/AES_En_De_0/inst/ap_clk
    SLICE_X57Y7          FDRE                                         r  aes_i/AES_En_De_0/inst/w_26_reg[30]/C
                         clock pessimism              0.230    12.962    
                         clock uncertainty           -0.154    12.808    
    SLICE_X57Y7          FDRE (Setup_fdre_C_D)        0.029    12.837    aes_i/AES_En_De_0/inst/w_26_reg[30]
  -------------------------------------------------------------------
                         required time                         12.837    
                         arrival time                         -12.500    
  -------------------------------------------------------------------
                         slack                                  0.337    

Slack (MET) :             0.350ns  (required time - arrival time)
  Source:                 aes_i/AES_En_De_0/inst/grp_extendKey_fu_621/grp_extendKey_Pipeline_extendKey_label0_fu_134/S_U/q0_reg/CLKBWRCLK
                            (rising edge-triggered cell RAMB18E1 clocked by clk_fpga_0  {rise@0.000ns fall@5.000ns period=10.000ns})
  Destination:            aes_i/AES_En_De_0/inst/grp_extendKey_fu_621/w_6_o_reg_reg[13]/D
                            (rising edge-triggered cell FDRE clocked by clk_fpga_0  {rise@0.000ns fall@5.000ns period=10.000ns})
  Path Group:             clk_fpga_0
  Path Type:              Setup (Max at Slow Process Corner)
  Requirement:            10.000ns  (clk_fpga_0 rise@10.000ns - clk_fpga_0 rise@0.000ns)
  Data Path Delay:        9.279ns  (logic 3.310ns (35.671%)  route 5.969ns (64.329%))
  Logic Levels:           5  (LUT2=1 LUT6=4)
  Clock Path Skew:        -0.246ns (DCD - SCD + CPR)
    Destination Clock Delay (DCD):    2.671ns = ( 12.672 - 10.000 ) 
    Source Clock Delay      (SCD):    3.046ns
    Clock Pessimism Removal (CPR):    0.129ns
  Clock Uncertainty:      0.154ns  ((TSJ^2 + TIJ^2)^1/2 + DJ) / 2 + PE
    Total System Jitter     (TSJ):    0.071ns
    Total Input Jitter      (TIJ):    0.300ns
    Discrete Jitter          (DJ):    0.000ns
    Phase Error              (PE):    0.000ns

    Location             Delay type                Incr(ns)  Path(ns)    Netlist Resource(s)
  -------------------------------------------------------------------    -------------------
                         (clock clk_fpga_0 rise edge)
                                                      0.000     0.000 r  
    PS7_X0Y0             PS7                          0.000     0.000 r  aes_i/processing_system7_0/inst/PS7_i/FCLKCLK[0]
                         net (fo=1, routed)           1.193     1.193    aes_i/processing_system7_0/inst/FCLK_CLK_unbuffered[0]
    BUFGCTRL_X0Y16       BUFG (Prop_bufg_I_O)         0.101     1.294 r  aes_i/processing_system7_0/inst/buffer_fclk_clk_0.FCLK_CLK_0_BUFG/O
                         net (fo=17798, routed)       1.752     3.046    aes_i/AES_En_De_0/inst/grp_extendKey_fu_621/grp_extendKey_Pipeline_extendKey_label0_fu_134/S_U/ap_clk
    RAMB18_X3Y11         RAMB18E1                                     r  aes_i/AES_En_De_0/inst/grp_extendKey_fu_621/grp_extendKey_Pipeline_extendKey_label0_fu_134/S_U/q0_reg/CLKBWRCLK
  -------------------------------------------------------------------    -------------------
    RAMB18_X3Y11         RAMB18E1 (Prop_ramb18e1_CLKBWRCLK_DOBDO[5])
                                                      2.454     5.500 r  aes_i/AES_En_De_0/inst/grp_extendKey_fu_621/grp_extendKey_Pipeline_extendKey_label0_fu_134/S_U/q0_reg/DOBDO[5]
                         net (fo=53, routed)          1.647     7.147    aes_i/AES_En_De_0/inst/grp_extendKey_fu_621/grp_extendKey_Pipeline_extendKey_label0_fu_134/S_U/or_ln183_2_fu_1244_p5[13]
    SLICE_X49Y36         LUT2 (Prop_lut2_I1_O)        0.152     7.299 f  aes_i/AES_En_De_0/inst/grp_extendKey_fu_621/grp_extendKey_Pipeline_extendKey_label0_fu_134/S_U/w_5_o_reg[13]_i_2/O
                         net (fo=41, routed)          1.338     8.637    aes_i/AES_En_De_0/inst/grp_extendKey_fu_621/grp_extendKey_Pipeline_extendKey_label0_fu_134/S_U/w_5_o_reg[13]_i_2_n_2
    SLICE_X70Y36         LUT6 (Prop_lut6_I5_O)        0.332     8.969 f  aes_i/AES_En_De_0/inst/grp_extendKey_fu_621/grp_extendKey_Pipeline_extendKey_label0_fu_134/S_U/q2_reg_i_145/O
                         net (fo=1, routed)           0.512     9.481    aes_i/AES_En_De_0/inst/grp_extendKey_fu_621/grp_extendKey_Pipeline_extendKey_label0_fu_134/S_U/q2_reg_i_145_n_2
    SLICE_X70Y35         LUT6 (Prop_lut6_I0_O)        0.124     9.605 f  aes_i/AES_En_De_0/inst/grp_extendKey_fu_621/grp_extendKey_Pipeline_extendKey_label0_fu_134/S_U/q2_reg_i_32__0/O
                         net (fo=1, routed)           1.307    10.912    aes_i/AES_En_De_0/inst/grp_extendKey_fu_621/grp_extendKey_Pipeline_extendKey_label0_fu_134/S_U/q2_reg_i_32__0_n_2
    SLICE_X54Y34         LUT6 (Prop_lut6_I3_O)        0.124    11.036 r  aes_i/AES_En_De_0/inst/grp_extendKey_fu_621/grp_extendKey_Pipeline_extendKey_label0_fu_134/S_U/q2_reg_i_3__0/O
                         net (fo=60, routed)          1.166    12.202    aes_i/AES_En_De_0/inst/grp_extendKey_fu_621/grp_extendKey_Pipeline_extendKey_label0_fu_134/S_U/S_address2[5]
    SLICE_X47Y39         LUT6 (Prop_lut6_I1_O)        0.124    12.326 r  aes_i/AES_En_De_0/inst/grp_extendKey_fu_621/grp_extendKey_Pipeline_extendKey_label0_fu_134/S_U/w_6_o_reg[13]_i_1/O
                         net (fo=1, routed)           0.000    12.326    aes_i/AES_En_De_0/inst/grp_extendKey_fu_621/grp_extendKey_Pipeline_extendKey_label0_fu_134_w_6_o[13]
    SLICE_X47Y39         FDRE                                         r  aes_i/AES_En_De_0/inst/grp_extendKey_fu_621/w_6_o_reg_reg[13]/D
  -------------------------------------------------------------------    -------------------

                         (clock clk_fpga_0 rise edge)
                                                     10.000    10.000 r  
    PS7_X0Y0             PS7                          0.000    10.000 r  aes_i/processing_system7_0/inst/PS7_i/FCLKCLK[0]
                         net (fo=1, routed)           1.088    11.088    aes_i/processing_system7_0/inst/FCLK_CLK_unbuffered[0]
    BUFGCTRL_X0Y16       BUFG (Prop_bufg_I_O)         0.091    11.179 r  aes_i/processing_system7_0/inst/buffer_fclk_clk_0.FCLK_CLK_0_BUFG/O
                         net (fo=17798, routed)       1.492    12.672    aes_i/AES_En_De_0/inst/grp_extendKey_fu_621/ap_clk
    SLICE_X47Y39         FDRE                                         r  aes_i/AES_En_De_0/inst/grp_extendKey_fu_621/w_6_o_reg_reg[13]/C
                         clock pessimism              0.129    12.800    
                         clock uncertainty           -0.154    12.646    
    SLICE_X47Y39         FDRE (Setup_fdre_C_D)        0.029    12.675    aes_i/AES_En_De_0/inst/grp_extendKey_fu_621/w_6_o_reg_reg[13]
  -------------------------------------------------------------------
                         required time                         12.675    
                         arrival time                         -12.326    
  -------------------------------------------------------------------
                         slack                                  0.350    

Slack (MET) :             0.355ns  (required time - arrival time)
  Source:                 aes_i/AES_En_De_0/inst/grp_extendKey_fu_621/grp_extendKey_Pipeline_extendKey_label0_fu_134/S_U/q0_reg/CLKBWRCLK
                            (rising edge-triggered cell RAMB18E1 clocked by clk_fpga_0  {rise@0.000ns fall@5.000ns period=10.000ns})
  Destination:            aes_i/AES_En_De_0/inst/w_37_reg[13]/D
                            (rising edge-triggered cell FDRE clocked by clk_fpga_0  {rise@0.000ns fall@5.000ns period=10.000ns})
  Path Group:             clk_fpga_0
  Path Type:              Setup (Max at Slow Process Corner)
  Requirement:            10.000ns  (clk_fpga_0 rise@10.000ns - clk_fpga_0 rise@0.000ns)
  Data Path Delay:        9.268ns  (logic 3.310ns (35.716%)  route 5.958ns (64.284%))
  Logic Levels:           5  (LUT2=1 LUT6=4)
  Clock Path Skew:        -0.252ns (DCD - SCD + CPR)
    Destination Clock Delay (DCD):    2.665ns = ( 12.665 - 10.000 ) 
    Source Clock Delay      (SCD):    3.046ns
    Clock Pessimism Removal (CPR):    0.129ns
  Clock Uncertainty:      0.154ns  ((TSJ^2 + TIJ^2)^1/2 + DJ) / 2 + PE
    Total System Jitter     (TSJ):    0.071ns
    Total Input Jitter      (TIJ):    0.300ns
    Discrete Jitter          (DJ):    0.000ns
    Phase Error              (PE):    0.000ns

    Location             Delay type                Incr(ns)  Path(ns)    Netlist Resource(s)
  -------------------------------------------------------------------    -------------------
                         (clock clk_fpga_0 rise edge)
                                                      0.000     0.000 r  
    PS7_X0Y0             PS7                          0.000     0.000 r  aes_i/processing_system7_0/inst/PS7_i/FCLKCLK[0]
                         net (fo=1, routed)           1.193     1.193    aes_i/processing_system7_0/inst/FCLK_CLK_unbuffered[0]
    BUFGCTRL_X0Y16       BUFG (Prop_bufg_I_O)         0.101     1.294 r  aes_i/processing_system7_0/inst/buffer_fclk_clk_0.FCLK_CLK_0_BUFG/O
                         net (fo=17798, routed)       1.752     3.046    aes_i/AES_En_De_0/inst/grp_extendKey_fu_621/grp_extendKey_Pipeline_extendKey_label0_fu_134/S_U/ap_clk
    RAMB18_X3Y11         RAMB18E1                                     r  aes_i/AES_En_De_0/inst/grp_extendKey_fu_621/grp_extendKey_Pipeline_extendKey_label0_fu_134/S_U/q0_reg/CLKBWRCLK
  -------------------------------------------------------------------    -------------------
    RAMB18_X3Y11         RAMB18E1 (Prop_ramb18e1_CLKBWRCLK_DOBDO[5])
                                                      2.454     5.500 r  aes_i/AES_En_De_0/inst/grp_extendKey_fu_621/grp_extendKey_Pipeline_extendKey_label0_fu_134/S_U/q0_reg/DOBDO[5]
                         net (fo=53, routed)          1.647     7.147    aes_i/AES_En_De_0/inst/grp_extendKey_fu_621/grp_extendKey_Pipeline_extendKey_label0_fu_134/S_U/or_ln183_2_fu_1244_p5[13]
    SLICE_X49Y36         LUT2 (Prop_lut2_I1_O)        0.152     7.299 f  aes_i/AES_En_De_0/inst/grp_extendKey_fu_621/grp_extendKey_Pipeline_extendKey_label0_fu_134/S_U/w_5_o_reg[13]_i_2/O
                         net (fo=41, routed)          1.338     8.637    aes_i/AES_En_De_0/inst/grp_extendKey_fu_621/grp_extendKey_Pipeline_extendKey_label0_fu_134/S_U/w_5_o_reg[13]_i_2_n_2
    SLICE_X70Y36         LUT6 (Prop_lut6_I5_O)        0.332     8.969 f  aes_i/AES_En_De_0/inst/grp_extendKey_fu_621/grp_extendKey_Pipeline_extendKey_label0_fu_134/S_U/q2_reg_i_145/O
                         net (fo=1, routed)           0.512     9.481    aes_i/AES_En_De_0/inst/grp_extendKey_fu_621/grp_extendKey_Pipeline_extendKey_label0_fu_134/S_U/q2_reg_i_145_n_2
    SLICE_X70Y35         LUT6 (Prop_lut6_I0_O)        0.124     9.605 f  aes_i/AES_En_De_0/inst/grp_extendKey_fu_621/grp_extendKey_Pipeline_extendKey_label0_fu_134/S_U/q2_reg_i_32__0/O
                         net (fo=1, routed)           1.307    10.912    aes_i/AES_En_De_0/inst/grp_extendKey_fu_621/grp_extendKey_Pipeline_extendKey_label0_fu_134/S_U/q2_reg_i_32__0_n_2
    SLICE_X54Y34         LUT6 (Prop_lut6_I3_O)        0.124    11.036 r  aes_i/AES_En_De_0/inst/grp_extendKey_fu_621/grp_extendKey_Pipeline_extendKey_label0_fu_134/S_U/q2_reg_i_3__0/O
                         net (fo=60, routed)          1.154    12.190    aes_i/AES_En_De_0/inst/grp_extendKey_fu_621/grp_extendKey_Pipeline_extendKey_label0_fu_134/S_U/S_address2[5]
    SLICE_X44Y32         LUT6 (Prop_lut6_I3_O)        0.124    12.314 r  aes_i/AES_En_De_0/inst/grp_extendKey_fu_621/grp_extendKey_Pipeline_extendKey_label0_fu_134/S_U/w_37[13]_i_1/O
                         net (fo=1, routed)           0.000    12.314    aes_i/AES_En_De_0/inst/grp_extendKey_fu_621_w_37_o[13]
    SLICE_X44Y32         FDRE                                         r  aes_i/AES_En_De_0/inst/w_37_reg[13]/D
  -------------------------------------------------------------------    -------------------

                         (clock clk_fpga_0 rise edge)
                                                     10.000    10.000 r  
    PS7_X0Y0             PS7                          0.000    10.000 r  aes_i/processing_system7_0/inst/PS7_i/FCLKCLK[0]
                         net (fo=1, routed)           1.088    11.088    aes_i/processing_system7_0/inst/FCLK_CLK_unbuffered[0]
    BUFGCTRL_X0Y16       BUFG (Prop_bufg_I_O)         0.091    11.179 r  aes_i/processing_system7_0/inst/buffer_fclk_clk_0.FCLK_CLK_0_BUFG/O
                         net (fo=17798, routed)       1.486    12.665    aes_i/AES_En_De_0/inst/ap_clk
    SLICE_X44Y32         FDRE                                         r  aes_i/AES_En_De_0/inst/w_37_reg[13]/C
                         clock pessimism              0.129    12.794    
                         clock uncertainty           -0.154    12.640    
    SLICE_X44Y32         FDRE (Setup_fdre_C_D)        0.029    12.669    aes_i/AES_En_De_0/inst/w_37_reg[13]
  -------------------------------------------------------------------
                         required time                         12.669    
                         arrival time                         -12.314    
  -------------------------------------------------------------------
                         slack                                  0.355    

Slack (MET) :             0.357ns  (required time - arrival time)
  Source:                 aes_i/AES_En_De_0/inst/grp_extendKey_fu_621/grp_extendKey_Pipeline_extendKey_label0_fu_134/S_U/q2_reg/CLKBWRCLK
                            (rising edge-triggered cell RAMB18E1 clocked by clk_fpga_0  {rise@0.000ns fall@5.000ns period=10.000ns})
  Destination:            aes_i/AES_En_De_0/inst/w_18_reg[30]/D
                            (rising edge-triggered cell FDRE clocked by clk_fpga_0  {rise@0.000ns fall@5.000ns period=10.000ns})
  Path Group:             clk_fpga_0
  Path Type:              Setup (Max at Slow Process Corner)
  Requirement:            10.000ns  (clk_fpga_0 rise@10.000ns - clk_fpga_0 rise@0.000ns)
  Data Path Delay:        9.352ns  (logic 3.074ns (32.869%)  route 6.278ns (67.131%))
  Logic Levels:           5  (LUT3=1 LUT6=4)
  Clock Path Skew:        -0.165ns (DCD - SCD + CPR)
    Destination Clock Delay (DCD):    2.658ns = ( 12.658 - 10.000 ) 
    Source Clock Delay      (SCD):    3.053ns
    Clock Pessimism Removal (CPR):    0.230ns
  Clock Uncertainty:      0.154ns  ((TSJ^2 + TIJ^2)^1/2 + DJ) / 2 + PE
    Total System Jitter     (TSJ):    0.071ns
    Total Input Jitter      (TIJ):    0.300ns
    Discrete Jitter          (DJ):    0.000ns
    Phase Error              (PE):    0.000ns

    Location             Delay type                Incr(ns)  Path(ns)    Netlist Resource(s)
  -------------------------------------------------------------------    -------------------
                         (clock clk_fpga_0 rise edge)
                                                      0.000     0.000 r  
    PS7_X0Y0             PS7                          0.000     0.000 r  aes_i/processing_system7_0/inst/PS7_i/FCLKCLK[0]
                         net (fo=1, routed)           1.193     1.193    aes_i/processing_system7_0/inst/FCLK_CLK_unbuffered[0]
    BUFGCTRL_X0Y16       BUFG (Prop_bufg_I_O)         0.101     1.294 r  aes_i/processing_system7_0/inst/buffer_fclk_clk_0.FCLK_CLK_0_BUFG/O
                         net (fo=17798, routed)       1.759     3.053    aes_i/AES_En_De_0/inst/grp_extendKey_fu_621/grp_extendKey_Pipeline_extendKey_label0_fu_134/S_U/ap_clk
    RAMB18_X3Y13         RAMB18E1                                     r  aes_i/AES_En_De_0/inst/grp_extendKey_fu_621/grp_extendKey_Pipeline_extendKey_label0_fu_134/S_U/q2_reg/CLKBWRCLK
  -------------------------------------------------------------------    -------------------
    RAMB18_X3Y13         RAMB18E1 (Prop_ramb18e1_CLKBWRCLK_DOBDO[6])
                                                      2.454     5.507 r  aes_i/AES_En_De_0/inst/grp_extendKey_fu_621/grp_extendKey_Pipeline_extendKey_label0_fu_134/S_U/q2_reg/DOBDO[6]
                         net (fo=44, routed)          1.596     7.104    aes_i/AES_En_De_0/inst/grp_extendKey_fu_621/grp_extendKey_Pipeline_extendKey_label0_fu_134/S_U/DOBDO[6]
    SLICE_X53Y23         LUT3 (Prop_lut3_I1_O)        0.124     7.228 f  aes_i/AES_En_De_0/inst/grp_extendKey_fu_621/grp_extendKey_Pipeline_extendKey_label0_fu_134/S_U/w_5_o_reg[30]_i_2/O
                         net (fo=53, routed)          1.453     8.681    aes_i/AES_En_De_0/inst/grp_extendKey_fu_621/grp_extendKey_Pipeline_extendKey_label0_fu_134/S_U/w_5_o_reg[30]_i_2_n_2
    SLICE_X49Y10         LUT6 (Prop_lut6_I5_O)        0.124     8.805 f  aes_i/AES_En_De_0/inst/grp_extendKey_fu_621/grp_extendKey_Pipeline_extendKey_label0_fu_134/S_U/tmp_reg_1554[30]_i_8/O
                         net (fo=1, routed)           0.706     9.511    aes_i/AES_En_De_0/inst/grp_extendKey_fu_621/grp_extendKey_Pipeline_extendKey_label0_fu_134/S_U/tmp_reg_1554[30]_i_8_n_2
    SLICE_X51Y10         LUT6 (Prop_lut6_I1_O)        0.124     9.635 r  aes_i/AES_En_De_0/inst/grp_extendKey_fu_621/grp_extendKey_Pipeline_extendKey_label0_fu_134/S_U/tmp_reg_1554[30]_i_2/O
                         net (fo=1, routed)           1.092    10.727    aes_i/AES_En_De_0/inst/grp_extendKey_fu_621/grp_extendKey_Pipeline_extendKey_label0_fu_134/S_U/tmp_reg_1554[30]_i_2_n_2
    SLICE_X51Y15         LUT6 (Prop_lut6_I0_O)        0.124    10.851 r  aes_i/AES_En_De_0/inst/grp_extendKey_fu_621/grp_extendKey_Pipeline_extendKey_label0_fu_134/S_U/tmp_reg_1554[30]_i_1/O
                         net (fo=60, routed)          1.431    12.282    aes_i/AES_En_De_0/inst/grp_extendKey_fu_621/grp_extendKey_Pipeline_extendKey_label0_fu_134/S_U/i_1_fu_220_reg[1]_0
    SLICE_X53Y11         LUT6 (Prop_lut6_I2_O)        0.124    12.406 r  aes_i/AES_En_De_0/inst/grp_extendKey_fu_621/grp_extendKey_Pipeline_extendKey_label0_fu_134/S_U/w_18[30]_i_1/O
                         net (fo=1, routed)           0.000    12.406    aes_i/AES_En_De_0/inst/grp_extendKey_fu_621_w_18_o[30]
    SLICE_X53Y11         FDRE                                         r  aes_i/AES_En_De_0/inst/w_18_reg[30]/D
  -------------------------------------------------------------------    -------------------

                         (clock clk_fpga_0 rise edge)
                                                     10.000    10.000 r  
    PS7_X0Y0             PS7                          0.000    10.000 r  aes_i/processing_system7_0/inst/PS7_i/FCLKCLK[0]
                         net (fo=1, routed)           1.088    11.088    aes_i/processing_system7_0/inst/FCLK_CLK_unbuffered[0]
    BUFGCTRL_X0Y16       BUFG (Prop_bufg_I_O)         0.091    11.179 r  aes_i/processing_system7_0/inst/buffer_fclk_clk_0.FCLK_CLK_0_BUFG/O
                         net (fo=17798, routed)       1.479    12.658    aes_i/AES_En_De_0/inst/ap_clk
    SLICE_X53Y11         FDRE                                         r  aes_i/AES_En_De_0/inst/w_18_reg[30]/C
                         clock pessimism              0.230    12.888    
                         clock uncertainty           -0.154    12.734    
    SLICE_X53Y11         FDRE (Setup_fdre_C_D)        0.029    12.763    aes_i/AES_En_De_0/inst/w_18_reg[30]
  -------------------------------------------------------------------
                         required time                         12.763    
                         arrival time                         -12.406    
  -------------------------------------------------------------------
                         slack                                  0.357    

Slack (MET) :             0.360ns  (required time - arrival time)
  Source:                 aes_i/AES_En_De_0/inst/grp_extendKey_fu_621/grp_extendKey_Pipeline_extendKey_label0_fu_134/S_U/q0_reg/CLKBWRCLK
                            (rising edge-triggered cell RAMB18E1 clocked by clk_fpga_0  {rise@0.000ns fall@5.000ns period=10.000ns})
  Destination:            aes_i/AES_En_De_0/inst/w_22_reg[13]/D
                            (rising edge-triggered cell FDRE clocked by clk_fpga_0  {rise@0.000ns fall@5.000ns period=10.000ns})
  Path Group:             clk_fpga_0
  Path Type:              Setup (Max at Slow Process Corner)
  Requirement:            10.000ns  (clk_fpga_0 rise@10.000ns - clk_fpga_0 rise@0.000ns)
  Data Path Delay:        9.430ns  (logic 3.310ns (35.101%)  route 6.120ns (64.899%))
  Logic Levels:           5  (LUT2=1 LUT6=4)
  Clock Path Skew:        -0.084ns (DCD - SCD + CPR)
    Destination Clock Delay (DCD):    2.733ns = ( 12.733 - 10.000 ) 
    Source Clock Delay      (SCD):    3.046ns
    Clock Pessimism Removal (CPR):    0.230ns
  Clock Uncertainty:      0.154ns  ((TSJ^2 + TIJ^2)^1/2 + DJ) / 2 + PE
    Total System Jitter     (TSJ):    0.071ns
    Total Input Jitter      (TIJ):    0.300ns
    Discrete Jitter          (DJ):    0.000ns
    Phase Error              (PE):    0.000ns

    Location             Delay type                Incr(ns)  Path(ns)    Netlist Resource(s)
  -------------------------------------------------------------------    -------------------
                         (clock clk_fpga_0 rise edge)
                                                      0.000     0.000 r  
    PS7_X0Y0             PS7                          0.000     0.000 r  aes_i/processing_system7_0/inst/PS7_i/FCLKCLK[0]
                         net (fo=1, routed)           1.193     1.193    aes_i/processing_system7_0/inst/FCLK_CLK_unbuffered[0]
    BUFGCTRL_X0Y16       BUFG (Prop_bufg_I_O)         0.101     1.294 r  aes_i/processing_system7_0/inst/buffer_fclk_clk_0.FCLK_CLK_0_BUFG/O
                         net (fo=17798, routed)       1.752     3.046    aes_i/AES_En_De_0/inst/grp_extendKey_fu_621/grp_extendKey_Pipeline_extendKey_label0_fu_134/S_U/ap_clk
    RAMB18_X3Y11         RAMB18E1                                     r  aes_i/AES_En_De_0/inst/grp_extendKey_fu_621/grp_extendKey_Pipeline_extendKey_label0_fu_134/S_U/q0_reg/CLKBWRCLK
  -------------------------------------------------------------------    -------------------
    RAMB18_X3Y11         RAMB18E1 (Prop_ramb18e1_CLKBWRCLK_DOBDO[5])
                                                      2.454     5.500 r  aes_i/AES_En_De_0/inst/grp_extendKey_fu_621/grp_extendKey_Pipeline_extendKey_label0_fu_134/S_U/q0_reg/DOBDO[5]
                         net (fo=53, routed)          1.647     7.147    aes_i/AES_En_De_0/inst/grp_extendKey_fu_621/grp_extendKey_Pipeline_extendKey_label0_fu_134/S_U/or_ln183_2_fu_1244_p5[13]
    SLICE_X49Y36         LUT2 (Prop_lut2_I1_O)        0.152     7.299 f  aes_i/AES_En_De_0/inst/grp_extendKey_fu_621/grp_extendKey_Pipeline_extendKey_label0_fu_134/S_U/w_5_o_reg[13]_i_2/O
                         net (fo=41, routed)          1.338     8.637    aes_i/AES_En_De_0/inst/grp_extendKey_fu_621/grp_extendKey_Pipeline_extendKey_label0_fu_134/S_U/w_5_o_reg[13]_i_2_n_2
    SLICE_X70Y36         LUT6 (Prop_lut6_I5_O)        0.332     8.969 f  aes_i/AES_En_De_0/inst/grp_extendKey_fu_621/grp_extendKey_Pipeline_extendKey_label0_fu_134/S_U/q2_reg_i_145/O
                         net (fo=1, routed)           0.512     9.481    aes_i/AES_En_De_0/inst/grp_extendKey_fu_621/grp_extendKey_Pipeline_extendKey_label0_fu_134/S_U/q2_reg_i_145_n_2
    SLICE_X70Y35         LUT6 (Prop_lut6_I0_O)        0.124     9.605 f  aes_i/AES_En_De_0/inst/grp_extendKey_fu_621/grp_extendKey_Pipeline_extendKey_label0_fu_134/S_U/q2_reg_i_32__0/O
                         net (fo=1, routed)           1.307    10.912    aes_i/AES_En_De_0/inst/grp_extendKey_fu_621/grp_extendKey_Pipeline_extendKey_label0_fu_134/S_U/q2_reg_i_32__0_n_2
    SLICE_X54Y34         LUT6 (Prop_lut6_I3_O)        0.124    11.036 r  aes_i/AES_En_De_0/inst/grp_extendKey_fu_621/grp_extendKey_Pipeline_extendKey_label0_fu_134/S_U/q2_reg_i_3__0/O
                         net (fo=60, routed)          1.316    12.352    aes_i/AES_En_De_0/inst/grp_extendKey_fu_621/grp_extendKey_Pipeline_extendKey_label0_fu_134/S_U/S_address2[5]
    SLICE_X76Y32         LUT6 (Prop_lut6_I3_O)        0.124    12.476 r  aes_i/AES_En_De_0/inst/grp_extendKey_fu_621/grp_extendKey_Pipeline_extendKey_label0_fu_134/S_U/w_22[13]_i_1/O
                         net (fo=1, routed)           0.000    12.476    aes_i/AES_En_De_0/inst/grp_extendKey_fu_621_w_22_o[13]
    SLICE_X76Y32         FDRE                                         r  aes_i/AES_En_De_0/inst/w_22_reg[13]/D
  -------------------------------------------------------------------    -------------------

                         (clock clk_fpga_0 rise edge)
                                                     10.000    10.000 r  
    PS7_X0Y0             PS7                          0.000    10.000 r  aes_i/processing_system7_0/inst/PS7_i/FCLKCLK[0]
                         net (fo=1, routed)           1.088    11.088    aes_i/processing_system7_0/inst/FCLK_CLK_unbuffered[0]
    BUFGCTRL_X0Y16       BUFG (Prop_bufg_I_O)         0.091    11.179 r  aes_i/processing_system7_0/inst/buffer_fclk_clk_0.FCLK_CLK_0_BUFG/O
                         net (fo=17798, routed)       1.553    12.733    aes_i/AES_En_De_0/inst/ap_clk
    SLICE_X76Y32         FDRE                                         r  aes_i/AES_En_De_0/inst/w_22_reg[13]/C
                         clock pessimism              0.230    12.962    
                         clock uncertainty           -0.154    12.808    
    SLICE_X76Y32         FDRE (Setup_fdre_C_D)        0.029    12.837    aes_i/AES_En_De_0/inst/w_22_reg[13]
  -------------------------------------------------------------------
                         required time                         12.837    
                         arrival time                         -12.476    
  -------------------------------------------------------------------
                         slack                                  0.360    

Slack (MET) :             0.365ns  (required time - arrival time)
  Source:                 aes_i/AES_En_De_0/inst/grp_extendKey_fu_621/grp_extendKey_Pipeline_extendKey_label0_fu_134/S_U/q0_reg/CLKBWRCLK
                            (rising edge-triggered cell RAMB18E1 clocked by clk_fpga_0  {rise@0.000ns fall@5.000ns period=10.000ns})
  Destination:            aes_i/AES_En_De_0/inst/w_27_reg[13]/D
                            (rising edge-triggered cell FDRE clocked by clk_fpga_0  {rise@0.000ns fall@5.000ns period=10.000ns})
  Path Group:             clk_fpga_0
  Path Type:              Setup (Max at Slow Process Corner)
  Requirement:            10.000ns  (clk_fpga_0 rise@10.000ns - clk_fpga_0 rise@0.000ns)
  Data Path Delay:        9.420ns  (logic 3.310ns (35.137%)  route 6.110ns (64.862%))
  Logic Levels:           5  (LUT2=1 LUT6=4)
  Clock Path Skew:        -0.089ns (DCD - SCD + CPR)
    Destination Clock Delay (DCD):    2.727ns = ( 12.727 - 10.000 ) 
    Source Clock Delay      (SCD):    3.046ns
    Clock Pessimism Removal (CPR):    0.230ns
  Clock Uncertainty:      0.154ns  ((TSJ^2 + TIJ^2)^1/2 + DJ) / 2 + PE
    Total System Jitter     (TSJ):    0.071ns
    Total Input Jitter      (TIJ):    0.300ns
    Discrete Jitter          (DJ):    0.000ns
    Phase Error              (PE):    0.000ns

    Location             Delay type                Incr(ns)  Path(ns)    Netlist Resource(s)
  -------------------------------------------------------------------    -------------------
                         (clock clk_fpga_0 rise edge)
                                                      0.000     0.000 r  
    PS7_X0Y0             PS7                          0.000     0.000 r  aes_i/processing_system7_0/inst/PS7_i/FCLKCLK[0]
                         net (fo=1, routed)           1.193     1.193    aes_i/processing_system7_0/inst/FCLK_CLK_unbuffered[0]
    BUFGCTRL_X0Y16       BUFG (Prop_bufg_I_O)         0.101     1.294 r  aes_i/processing_system7_0/inst/buffer_fclk_clk_0.FCLK_CLK_0_BUFG/O
                         net (fo=17798, routed)       1.752     3.046    aes_i/AES_En_De_0/inst/grp_extendKey_fu_621/grp_extendKey_Pipeline_extendKey_label0_fu_134/S_U/ap_clk
    RAMB18_X3Y11         RAMB18E1                                     r  aes_i/AES_En_De_0/inst/grp_extendKey_fu_621/grp_extendKey_Pipeline_extendKey_label0_fu_134/S_U/q0_reg/CLKBWRCLK
  -------------------------------------------------------------------    -------------------
    RAMB18_X3Y11         RAMB18E1 (Prop_ramb18e1_CLKBWRCLK_DOBDO[5])
                                                      2.454     5.500 r  aes_i/AES_En_De_0/inst/grp_extendKey_fu_621/grp_extendKey_Pipeline_extendKey_label0_fu_134/S_U/q0_reg/DOBDO[5]
                         net (fo=53, routed)          1.647     7.147    aes_i/AES_En_De_0/inst/grp_extendKey_fu_621/grp_extendKey_Pipeline_extendKey_label0_fu_134/S_U/or_ln183_2_fu_1244_p5[13]
    SLICE_X49Y36         LUT2 (Prop_lut2_I1_O)        0.152     7.299 f  aes_i/AES_En_De_0/inst/grp_extendKey_fu_621/grp_extendKey_Pipeline_extendKey_label0_fu_134/S_U/w_5_o_reg[13]_i_2/O
                         net (fo=41, routed)          1.338     8.637    aes_i/AES_En_De_0/inst/grp_extendKey_fu_621/grp_extendKey_Pipeline_extendKey_label0_fu_134/S_U/w_5_o_reg[13]_i_2_n_2
    SLICE_X70Y36         LUT6 (Prop_lut6_I5_O)        0.332     8.969 f  aes_i/AES_En_De_0/inst/grp_extendKey_fu_621/grp_extendKey_Pipeline_extendKey_label0_fu_134/S_U/q2_reg_i_145/O
                         net (fo=1, routed)           0.512     9.481    aes_i/AES_En_De_0/inst/grp_extendKey_fu_621/grp_extendKey_Pipeline_extendKey_label0_fu_134/S_U/q2_reg_i_145_n_2
    SLICE_X70Y35         LUT6 (Prop_lut6_I0_O)        0.124     9.605 f  aes_i/AES_En_De_0/inst/grp_extendKey_fu_621/grp_extendKey_Pipeline_extendKey_label0_fu_134/S_U/q2_reg_i_32__0/O
                         net (fo=1, routed)           1.307    10.912    aes_i/AES_En_De_0/inst/grp_extendKey_fu_621/grp_extendKey_Pipeline_extendKey_label0_fu_134/S_U/q2_reg_i_32__0_n_2
    SLICE_X54Y34         LUT6 (Prop_lut6_I3_O)        0.124    11.036 r  aes_i/AES_En_De_0/inst/grp_extendKey_fu_621/grp_extendKey_Pipeline_extendKey_label0_fu_134/S_U/q2_reg_i_3__0/O
                         net (fo=60, routed)          1.307    12.343    aes_i/AES_En_De_0/inst/grp_extendKey_fu_621/grp_extendKey_Pipeline_extendKey_label0_fu_134/S_U/S_address2[5]
    SLICE_X74Y30         LUT6 (Prop_lut6_I3_O)        0.124    12.467 r  aes_i/AES_En_De_0/inst/grp_extendKey_fu_621/grp_extendKey_Pipeline_extendKey_label0_fu_134/S_U/w_27[13]_i_1/O
                         net (fo=1, routed)           0.000    12.467    aes_i/AES_En_De_0/inst/grp_extendKey_fu_621_w_27_o[13]
    SLICE_X74Y30         FDRE                                         r  aes_i/AES_En_De_0/inst/w_27_reg[13]/D
  -------------------------------------------------------------------    -------------------

                         (clock clk_fpga_0 rise edge)
                                                     10.000    10.000 r  
    PS7_X0Y0             PS7                          0.000    10.000 r  aes_i/processing_system7_0/inst/PS7_i/FCLKCLK[0]
                         net (fo=1, routed)           1.088    11.088    aes_i/processing_system7_0/inst/FCLK_CLK_unbuffered[0]
    BUFGCTRL_X0Y16       BUFG (Prop_bufg_I_O)         0.091    11.179 r  aes_i/processing_system7_0/inst/buffer_fclk_clk_0.FCLK_CLK_0_BUFG/O
                         net (fo=17798, routed)       1.548    12.727    aes_i/AES_En_De_0/inst/ap_clk
    SLICE_X74Y30         FDRE                                         r  aes_i/AES_En_De_0/inst/w_27_reg[13]/C
                         clock pessimism              0.230    12.957    
                         clock uncertainty           -0.154    12.803    
    SLICE_X74Y30         FDRE (Setup_fdre_C_D)        0.029    12.832    aes_i/AES_En_De_0/inst/w_27_reg[13]
  -------------------------------------------------------------------
                         required time                         12.832    
                         arrival time                         -12.467    
  -------------------------------------------------------------------
                         slack                                  0.365    

Slack (MET) :             0.375ns  (required time - arrival time)
  Source:                 aes_i/AES_En_De_0/inst/grp_extendKey_fu_621/grp_extendKey_Pipeline_extendKey_label0_fu_134/S_U/q0_reg/CLKBWRCLK
                            (rising edge-triggered cell RAMB18E1 clocked by clk_fpga_0  {rise@0.000ns fall@5.000ns period=10.000ns})
  Destination:            aes_i/AES_En_De_0/inst/grp_extendKey_fu_621/w_21_o_reg_reg[13]/D
                            (rising edge-triggered cell FDRE clocked by clk_fpga_0  {rise@0.000ns fall@5.000ns period=10.000ns})
  Path Group:             clk_fpga_0
  Path Type:              Setup (Max at Slow Process Corner)
  Requirement:            10.000ns  (clk_fpga_0 rise@10.000ns - clk_fpga_0 rise@0.000ns)
  Data Path Delay:        9.415ns  (logic 3.310ns (35.155%)  route 6.105ns (64.845%))
  Logic Levels:           5  (LUT2=1 LUT6=4)
  Clock Path Skew:        -0.084ns (DCD - SCD + CPR)
    Destination Clock Delay (DCD):    2.733ns = ( 12.733 - 10.000 ) 
    Source Clock Delay      (SCD):    3.046ns
    Clock Pessimism Removal (CPR):    0.230ns
  Clock Uncertainty:      0.154ns  ((TSJ^2 + TIJ^2)^1/2 + DJ) / 2 + PE
    Total System Jitter     (TSJ):    0.071ns
    Total Input Jitter      (TIJ):    0.300ns
    Discrete Jitter          (DJ):    0.000ns
    Phase Error              (PE):    0.000ns

    Location             Delay type                Incr(ns)  Path(ns)    Netlist Resource(s)
  -------------------------------------------------------------------    -------------------
                         (clock clk_fpga_0 rise edge)
                                                      0.000     0.000 r  
    PS7_X0Y0             PS7                          0.000     0.000 r  aes_i/processing_system7_0/inst/PS7_i/FCLKCLK[0]
                         net (fo=1, routed)           1.193     1.193    aes_i/processing_system7_0/inst/FCLK_CLK_unbuffered[0]
    BUFGCTRL_X0Y16       BUFG (Prop_bufg_I_O)         0.101     1.294 r  aes_i/processing_system7_0/inst/buffer_fclk_clk_0.FCLK_CLK_0_BUFG/O
                         net (fo=17798, routed)       1.752     3.046    aes_i/AES_En_De_0/inst/grp_extendKey_fu_621/grp_extendKey_Pipeline_extendKey_label0_fu_134/S_U/ap_clk
    RAMB18_X3Y11         RAMB18E1                                     r  aes_i/AES_En_De_0/inst/grp_extendKey_fu_621/grp_extendKey_Pipeline_extendKey_label0_fu_134/S_U/q0_reg/CLKBWRCLK
  -------------------------------------------------------------------    -------------------
    RAMB18_X3Y11         RAMB18E1 (Prop_ramb18e1_CLKBWRCLK_DOBDO[5])
                                                      2.454     5.500 r  aes_i/AES_En_De_0/inst/grp_extendKey_fu_621/grp_extendKey_Pipeline_extendKey_label0_fu_134/S_U/q0_reg/DOBDO[5]
                         net (fo=53, routed)          1.647     7.147    aes_i/AES_En_De_0/inst/grp_extendKey_fu_621/grp_extendKey_Pipeline_extendKey_label0_fu_134/S_U/or_ln183_2_fu_1244_p5[13]
    SLICE_X49Y36         LUT2 (Prop_lut2_I1_O)        0.152     7.299 f  aes_i/AES_En_De_0/inst/grp_extendKey_fu_621/grp_extendKey_Pipeline_extendKey_label0_fu_134/S_U/w_5_o_reg[13]_i_2/O
                         net (fo=41, routed)          1.338     8.637    aes_i/AES_En_De_0/inst/grp_extendKey_fu_621/grp_extendKey_Pipeline_extendKey_label0_fu_134/S_U/w_5_o_reg[13]_i_2_n_2
    SLICE_X70Y36         LUT6 (Prop_lut6_I5_O)        0.332     8.969 f  aes_i/AES_En_De_0/inst/grp_extendKey_fu_621/grp_extendKey_Pipeline_extendKey_label0_fu_134/S_U/q2_reg_i_145/O
                         net (fo=1, routed)           0.512     9.481    aes_i/AES_En_De_0/inst/grp_extendKey_fu_621/grp_extendKey_Pipeline_extendKey_label0_fu_134/S_U/q2_reg_i_145_n_2
    SLICE_X70Y35         LUT6 (Prop_lut6_I0_O)        0.124     9.605 f  aes_i/AES_En_De_0/inst/grp_extendKey_fu_621/grp_extendKey_Pipeline_extendKey_label0_fu_134/S_U/q2_reg_i_32__0/O
                         net (fo=1, routed)           1.307    10.912    aes_i/AES_En_De_0/inst/grp_extendKey_fu_621/grp_extendKey_Pipeline_extendKey_label0_fu_134/S_U/q2_reg_i_32__0_n_2
    SLICE_X54Y34         LUT6 (Prop_lut6_I3_O)        0.124    11.036 r  aes_i/AES_En_De_0/inst/grp_extendKey_fu_621/grp_extendKey_Pipeline_extendKey_label0_fu_134/S_U/q2_reg_i_3__0/O
                         net (fo=60, routed)          1.302    12.338    aes_i/AES_En_De_0/inst/grp_extendKey_fu_621/grp_extendKey_Pipeline_extendKey_label0_fu_134/S_U/S_address2[5]
    SLICE_X77Y32         LUT6 (Prop_lut6_I1_O)        0.124    12.462 r  aes_i/AES_En_De_0/inst/grp_extendKey_fu_621/grp_extendKey_Pipeline_extendKey_label0_fu_134/S_U/w_21_o_reg[13]_i_1/O
                         net (fo=1, routed)           0.000    12.462    aes_i/AES_En_De_0/inst/grp_extendKey_fu_621/grp_extendKey_Pipeline_extendKey_label0_fu_134_w_21_o[13]
    SLICE_X77Y32         FDRE                                         r  aes_i/AES_En_De_0/inst/grp_extendKey_fu_621/w_21_o_reg_reg[13]/D
  -------------------------------------------------------------------    -------------------

                         (clock clk_fpga_0 rise edge)
                                                     10.000    10.000 r  
    PS7_X0Y0             PS7                          0.000    10.000 r  aes_i/processing_system7_0/inst/PS7_i/FCLKCLK[0]
                         net (fo=1, routed)           1.088    11.088    aes_i/processing_system7_0/inst/FCLK_CLK_unbuffered[0]
    BUFGCTRL_X0Y16       BUFG (Prop_bufg_I_O)         0.091    11.179 r  aes_i/processing_system7_0/inst/buffer_fclk_clk_0.FCLK_CLK_0_BUFG/O
                         net (fo=17798, routed)       1.553    12.733    aes_i/AES_En_De_0/inst/grp_extendKey_fu_621/ap_clk
    SLICE_X77Y32         FDRE                                         r  aes_i/AES_En_De_0/inst/grp_extendKey_fu_621/w_21_o_reg_reg[13]/C
                         clock pessimism              0.230    12.962    
                         clock uncertainty           -0.154    12.808    
    SLICE_X77Y32         FDRE (Setup_fdre_C_D)        0.029    12.837    aes_i/AES_En_De_0/inst/grp_extendKey_fu_621/w_21_o_reg_reg[13]
  -------------------------------------------------------------------
                         required time                         12.837    
                         arrival time                         -12.462    
  -------------------------------------------------------------------
                         slack                                  0.375    

Slack (MET) :             0.376ns  (required time - arrival time)
  Source:                 aes_i/AES_En_De_0/inst/grp_extendKey_fu_621/grp_extendKey_Pipeline_extendKey_label0_fu_134/S_U/q0_reg/CLKARDCLK
                            (rising edge-triggered cell RAMB18E1 clocked by clk_fpga_0  {rise@0.000ns fall@5.000ns period=10.000ns})
  Destination:            aes_i/AES_En_De_0/inst/w_22_reg[3]/D
                            (rising edge-triggered cell FDRE clocked by clk_fpga_0  {rise@0.000ns fall@5.000ns period=10.000ns})
  Path Group:             clk_fpga_0
  Path Type:              Setup (Max at Slow Process Corner)
  Requirement:            10.000ns  (clk_fpga_0 rise@10.000ns - clk_fpga_0 rise@0.000ns)
  Data Path Delay:        9.408ns  (logic 3.074ns (32.676%)  route 6.334ns (67.324%))
  Logic Levels:           5  (LUT2=1 LUT5=1 LUT6=3)
  Clock Path Skew:        -0.091ns (DCD - SCD + CPR)
    Destination Clock Delay (DCD):    2.730ns = ( 12.729 - 10.000 ) 
    Source Clock Delay      (SCD):    3.050ns
    Clock Pessimism Removal (CPR):    0.230ns
  Clock Uncertainty:      0.154ns  ((TSJ^2 + TIJ^2)^1/2 + DJ) / 2 + PE
    Total System Jitter     (TSJ):    0.071ns
    Total Input Jitter      (TIJ):    0.300ns
    Discrete Jitter          (DJ):    0.000ns
    Phase Error              (PE):    0.000ns

    Location             Delay type                Incr(ns)  Path(ns)    Netlist Resource(s)
  -------------------------------------------------------------------    -------------------
                         (clock clk_fpga_0 rise edge)
                                                      0.000     0.000 r  
    PS7_X0Y0             PS7                          0.000     0.000 r  aes_i/processing_system7_0/inst/PS7_i/FCLKCLK[0]
                         net (fo=1, routed)           1.193     1.193    aes_i/processing_system7_0/inst/FCLK_CLK_unbuffered[0]
    BUFGCTRL_X0Y16       BUFG (Prop_bufg_I_O)         0.101     1.294 r  aes_i/processing_system7_0/inst/buffer_fclk_clk_0.FCLK_CLK_0_BUFG/O
                         net (fo=17798, routed)       1.756     3.050    aes_i/AES_En_De_0/inst/grp_extendKey_fu_621/grp_extendKey_Pipeline_extendKey_label0_fu_134/S_U/ap_clk
    RAMB18_X3Y11         RAMB18E1                                     r  aes_i/AES_En_De_0/inst/grp_extendKey_fu_621/grp_extendKey_Pipeline_extendKey_label0_fu_134/S_U/q0_reg/CLKARDCLK
  -------------------------------------------------------------------    -------------------
    RAMB18_X3Y11         RAMB18E1 (Prop_ramb18e1_CLKARDCLK_DOADO[3])
                                                      2.454     5.504 r  aes_i/AES_En_De_0/inst/grp_extendKey_fu_621/grp_extendKey_Pipeline_extendKey_label0_fu_134/S_U/q0_reg/DOADO[3]
                         net (fo=54, routed)          1.365     6.870    aes_i/AES_En_De_0/inst/grp_extendKey_fu_621/grp_extendKey_Pipeline_extendKey_label0_fu_134/S_U/or_ln183_2_fu_1244_p5[3]
    SLICE_X43Y29         LUT2 (Prop_lut2_I1_O)        0.124     6.994 f  aes_i/AES_En_De_0/inst/grp_extendKey_fu_621/grp_extendKey_Pipeline_extendKey_label0_fu_134/S_U/w_5_o_reg[3]_i_2/O
                         net (fo=41, routed)          1.275     8.269    aes_i/AES_En_De_0/inst/grp_extendKey_fu_621/grp_extendKey_Pipeline_extendKey_label0_fu_134/S_U/w_5_o_reg[3]_i_2_n_2
    SLICE_X29Y25         LUT6 (Prop_lut6_I5_O)        0.124     8.393 f  aes_i/AES_En_De_0/inst/grp_extendKey_fu_621/grp_extendKey_Pipeline_extendKey_label0_fu_134/S_U/tmp_reg_1554[3]_i_19/O
                         net (fo=1, routed)           0.581     8.974    aes_i/AES_En_De_0/inst/grp_extendKey_fu_621/grp_extendKey_Pipeline_extendKey_label0_fu_134/S_U/tmp_reg_1554[3]_i_19_n_2
    SLICE_X30Y25         LUT5 (Prop_lut5_I2_O)        0.124     9.098 f  aes_i/AES_En_De_0/inst/grp_extendKey_fu_621/grp_extendKey_Pipeline_extendKey_label0_fu_134/S_U/tmp_reg_1554[3]_i_7/O
                         net (fo=1, routed)           1.589    10.686    aes_i/AES_En_De_0/inst/grp_extendKey_fu_621/grp_extendKey_Pipeline_extendKey_label0_fu_134/S_U/tmp_reg_1554[3]_i_7_n_2
    SLICE_X49Y34         LUT6 (Prop_lut6_I5_O)        0.124    10.810 r  aes_i/AES_En_De_0/inst/grp_extendKey_fu_621/grp_extendKey_Pipeline_extendKey_label0_fu_134/S_U/tmp_reg_1554[3]_i_1/O
                         net (fo=60, routed)          1.524    12.334    aes_i/AES_En_De_0/inst/grp_extendKey_fu_621/grp_extendKey_Pipeline_extendKey_label0_fu_134/S_U/i_1_fu_220_reg[3]_0
    SLICE_X69Y32         LUT6 (Prop_lut6_I2_O)        0.124    12.458 r  aes_i/AES_En_De_0/inst/grp_extendKey_fu_621/grp_extendKey_Pipeline_extendKey_label0_fu_134/S_U/w_22[3]_i_1/O
                         net (fo=1, routed)           0.000    12.458    aes_i/AES_En_De_0/inst/grp_extendKey_fu_621_w_22_o[3]
    SLICE_X69Y32         FDRE                                         r  aes_i/AES_En_De_0/inst/w_22_reg[3]/D
  -------------------------------------------------------------------    -------------------

                         (clock clk_fpga_0 rise edge)
                                                     10.000    10.000 r  
    PS7_X0Y0             PS7                          0.000    10.000 r  aes_i/processing_system7_0/inst/PS7_i/FCLKCLK[0]
                         net (fo=1, routed)           1.088    11.088    aes_i/processing_system7_0/inst/FCLK_CLK_unbuffered[0]
    BUFGCTRL_X0Y16       BUFG (Prop_bufg_I_O)         0.091    11.179 r  aes_i/processing_system7_0/inst/buffer_fclk_clk_0.FCLK_CLK_0_BUFG/O
                         net (fo=17798, routed)       1.550    12.729    aes_i/AES_En_De_0/inst/ap_clk
    SLICE_X69Y32         FDRE                                         r  aes_i/AES_En_De_0/inst/w_22_reg[3]/C
                         clock pessimism              0.230    12.959    
                         clock uncertainty           -0.154    12.805    
    SLICE_X69Y32         FDRE (Setup_fdre_C_D)        0.029    12.834    aes_i/AES_En_De_0/inst/w_22_reg[3]
  -------------------------------------------------------------------
                         required time                         12.834    
                         arrival time                         -12.458    
  -------------------------------------------------------------------
                         slack                                  0.376    





Min Delay Paths
--------------------------------------------------------------------------------------
Slack (MET) :             0.010ns  (arrival time - required time)
  Source:                 aes_i/axi_dma_0/U0/I_PRMRY_DATAMOVER/GEN_MM2S_FULL.I_MM2S_FULL_WRAPPER/I_ADDR_CNTL/sig_next_addr_reg_reg[21]/C
                            (rising edge-triggered cell FDRE clocked by clk_fpga_0  {rise@0.000ns fall@5.000ns period=10.000ns})
  Destination:            aes_i/axi_interconnect_0/s00_couplers/auto_ds/inst/gen_downsizer.gen_cascaded_downsizer.first_downsizer_inst/USE_READ.read_addr_inst/S_AXI_AADDR_Q_reg[21]/D
                            (rising edge-triggered cell FDRE clocked by clk_fpga_0  {rise@0.000ns fall@5.000ns period=10.000ns})
  Path Group:             clk_fpga_0
  Path Type:              Hold (Min at Fast Process Corner)
  Requirement:            0.000ns  (clk_fpga_0 rise@0.000ns - clk_fpga_0 rise@0.000ns)
  Data Path Delay:        0.368ns  (logic 0.164ns (44.588%)  route 0.204ns (55.412%))
  Logic Levels:           0  
  Clock Path Skew:        0.286ns (DCD - SCD - CPR)
    Destination Clock Delay (DCD):    1.226ns
    Source Clock Delay      (SCD):    0.910ns
    Clock Pessimism Removal (CPR):    0.030ns

    Location             Delay type                Incr(ns)  Path(ns)    Netlist Resource(s)
  -------------------------------------------------------------------    -------------------
                         (clock clk_fpga_0 rise edge)
                                                      0.000     0.000 r  
    PS7_X0Y0             PS7                          0.000     0.000 r  aes_i/processing_system7_0/inst/PS7_i/FCLKCLK[0]
                         net (fo=1, routed)           0.310     0.310    aes_i/processing_system7_0/inst/FCLK_CLK_unbuffered[0]
    BUFGCTRL_X0Y16       BUFG (Prop_bufg_I_O)         0.026     0.336 r  aes_i/processing_system7_0/inst/buffer_fclk_clk_0.FCLK_CLK_0_BUFG/O
                         net (fo=17798, routed)       0.574     0.910    aes_i/axi_dma_0/U0/I_PRMRY_DATAMOVER/GEN_MM2S_FULL.I_MM2S_FULL_WRAPPER/I_ADDR_CNTL/m_axi_mm2s_aclk
    SLICE_X26Y52         FDRE                                         r  aes_i/axi_dma_0/U0/I_PRMRY_DATAMOVER/GEN_MM2S_FULL.I_MM2S_FULL_WRAPPER/I_ADDR_CNTL/sig_next_addr_reg_reg[21]/C
  -------------------------------------------------------------------    -------------------
    SLICE_X26Y52         FDRE (Prop_fdre_C_Q)         0.164     1.074 r  aes_i/axi_dma_0/U0/I_PRMRY_DATAMOVER/GEN_MM2S_FULL.I_MM2S_FULL_WRAPPER/I_ADDR_CNTL/sig_next_addr_reg_reg[21]/Q
                         net (fo=1, routed)           0.204     1.277    aes_i/axi_interconnect_0/s00_couplers/auto_ds/inst/gen_downsizer.gen_cascaded_downsizer.first_downsizer_inst/USE_READ.read_addr_inst/s_axi_araddr[21]
    SLICE_X25Y49         FDRE                                         r  aes_i/axi_interconnect_0/s00_couplers/auto_ds/inst/gen_downsizer.gen_cascaded_downsizer.first_downsizer_inst/USE_READ.read_addr_inst/S_AXI_AADDR_Q_reg[21]/D
  -------------------------------------------------------------------    -------------------

                         (clock clk_fpga_0 rise edge)
                                                      0.000     0.000 r  
    PS7_X0Y0             PS7                          0.000     0.000 r  aes_i/processing_system7_0/inst/PS7_i/FCLKCLK[0]
                         net (fo=1, routed)           0.337     0.337    aes_i/processing_system7_0/inst/FCLK_CLK_unbuffered[0]
    BUFGCTRL_X0Y16       BUFG (Prop_bufg_I_O)         0.029     0.366 r  aes_i/processing_system7_0/inst/buffer_fclk_clk_0.FCLK_CLK_0_BUFG/O
                         net (fo=17798, routed)       0.860     1.226    aes_i/axi_interconnect_0/s00_couplers/auto_ds/inst/gen_downsizer.gen_cascaded_downsizer.first_downsizer_inst/USE_READ.read_addr_inst/CLK
    SLICE_X25Y49         FDRE                                         r  aes_i/axi_interconnect_0/s00_couplers/auto_ds/inst/gen_downsizer.gen_cascaded_downsizer.first_downsizer_inst/USE_READ.read_addr_inst/S_AXI_AADDR_Q_reg[21]/C
                         clock pessimism             -0.030     1.196    
    SLICE_X25Y49         FDRE (Hold_fdre_C_D)         0.072     1.268    aes_i/axi_interconnect_0/s00_couplers/auto_ds/inst/gen_downsizer.gen_cascaded_downsizer.first_downsizer_inst/USE_READ.read_addr_inst/S_AXI_AADDR_Q_reg[21]
  -------------------------------------------------------------------
                         required time                         -1.268    
                         arrival time                           1.277    
  -------------------------------------------------------------------
                         slack                                  0.010    

Slack (MET) :             0.038ns  (arrival time - required time)
  Source:                 aes_wrapper/aes/aes_axi_interconnect_1_0/s00_couplers_imp_B4JP64/aes_axi_interconnect_1_imp_auto_ds_0/aes_axi_interconnect_1_imp_auto_ds_0_axi_dwidth_converter_v2_1_37_top/aes_axi_interconnect_1_imp_auto_ds_0_axi_dwidth_converter_v2_1_37_axi_downsizer/aes_axi_interconnect_1_imp_auto_ds_0_axi_dwidth_converter_v2_1_37_a_downsizer/aes_axi_interconnect_1_imp_auto_ds_0_axi_data_fifo_v2_1_36_axic_fifo__parameterized1/aes_axi_interconnect_1_imp_auto_ds_0_axi_data_fifo_v2_1_36_fifo_gen__parameterized1/<hidden>/<hidden>/<hidden>/<hidden>/<hidden>/<hidden>
                            (rising edge-triggered cell FDPE clocked by clk_fpga_0  {rise@0.000ns fall@5.000ns period=10.000ns})
  Destination:            aes_wrapper/aes/aes_axi_interconnect_1_0/s00_couplers_imp_B4JP64/aes_axi_interconnect_1_imp_auto_ds_0/aes_axi_interconnect_1_imp_auto_ds_0_axi_dwidth_converter_v2_1_37_top/aes_axi_interconnect_1_imp_auto_ds_0_axi_dwidth_converter_v2_1_37_axi_downsizer/aes_axi_interconnect_1_imp_auto_ds_0_axi_dwidth_converter_v2_1_37_a_downsizer/aes_axi_interconnect_1_imp_auto_ds_0_axi_data_fifo_v2_1_36_axic_fifo__parameterized1/aes_axi_interconnect_1_imp_auto_ds_0_axi_data_fifo_v2_1_36_fifo_gen__parameterized1/<hidden>/<hidden>/<hidden>/<hidden>/<hidden>
                            (rising edge-triggered cell FDRE clocked by clk_fpga_0  {rise@0.000ns fall@5.000ns period=10.000ns})
  Path Group:             clk_fpga_0
  Path Type:              Hold (Min at Fast Process Corner)
  Requirement:            0.000ns  (clk_fpga_0 rise@0.000ns - clk_fpga_0 rise@0.000ns)
  Data Path Delay:        0.321ns  (logic 0.148ns (46.151%)  route 0.173ns (53.849%))
  Logic Levels:           0  
  Clock Path Skew:        0.265ns (DCD - SCD - CPR)
    Destination Clock Delay (DCD):    1.178ns
    Source Clock Delay      (SCD):    0.878ns
    Clock Pessimism Removal (CPR):    0.035ns

    Location             Delay type                Incr(ns)  Path(ns)    Netlist Resource(s)
  -------------------------------------------------------------------    -------------------
                         (clock clk_fpga_0 rise edge)
                                                      0.000     0.000 r  
    PS7_X0Y0             PS7                          0.000     0.000 r  aes_i/processing_system7_0/inst/PS7_i/FCLKCLK[0]
                         net (fo=1, routed)           0.310     0.310    aes_i/processing_system7_0/inst/FCLK_CLK_unbuffered[0]
    BUFGCTRL_X0Y16       BUFG (Prop_bufg_I_O)         0.026     0.336 r  aes_i/processing_system7_0/inst/buffer_fclk_clk_0.FCLK_CLK_0_BUFG/O
                         net (fo=17798, routed)       0.542     0.878    aes_wrapper/aes/aes_axi_interconnect_1_0/s00_couplers_imp_B4JP64/aes_axi_interconnect_1_imp_auto_ds_0/aes_axi_interconnect_1_imp_auto_ds_0_axi_dwidth_converter_v2_1_37_top/aes_axi_interconnect_1_imp_auto_ds_0_axi_dwidth_converter_v2_1_37_axi_downsizer/aes_axi_interconnect_1_imp_auto_ds_0_axi_dwidth_converter_v2_1_37_a_downsizer/aes_axi_interconnect_1_imp_auto_ds_0_axi_data_fifo_v2_1_36_axic_fifo__parameterized1/aes_axi_interconnect_1_imp_auto_ds_0_axi_data_fifo_v2_1_36_fifo_gen__parameterized1/<hidden>/<hidden>/<hidden>/<hidden>/<hidden>/<hidden>
    SLICE_X50Y78         FDPE                                         r  aes_wrapper/aes/aes_axi_interconnect_1_0/s00_couplers_imp_B4JP64/aes_axi_interconnect_1_imp_auto_ds_0/aes_axi_interconnect_1_imp_auto_ds_0_axi_dwidth_converter_v2_1_37_top/aes_axi_interconnect_1_imp_auto_ds_0_axi_dwidth_converter_v2_1_37_axi_downsizer/aes_axi_interconnect_1_imp_auto_ds_0_axi_dwidth_converter_v2_1_37_a_downsizer/aes_axi_interconnect_1_imp_auto_ds_0_axi_data_fifo_v2_1_36_axic_fifo__parameterized1/aes_axi_interconnect_1_imp_auto_ds_0_axi_data_fifo_v2_1_36_fifo_gen__parameterized1/<hidden>/<hidden>/<hidden>/<hidden>/<hidden>/<hidden>
  -------------------------------------------------------------------    -------------------
    SLICE_X50Y78         FDPE (Prop_fdpe_C_Q)         0.148     1.026 r  aes_wrapper/aes/aes_axi_interconnect_1_0/s00_couplers_imp_B4JP64/aes_axi_interconnect_1_imp_auto_ds_0/aes_axi_interconnect_1_imp_auto_ds_0_axi_dwidth_converter_v2_1_37_top/aes_axi_interconnect_1_imp_auto_ds_0_axi_dwidth_converter_v2_1_37_axi_downsizer/aes_axi_interconnect_1_imp_auto_ds_0_axi_dwidth_converter_v2_1_37_a_downsizer/aes_axi_interconnect_1_imp_auto_ds_0_axi_data_fifo_v2_1_36_axic_fifo__parameterized1/aes_axi_interconnect_1_imp_auto_ds_0_axi_data_fifo_v2_1_36_fifo_gen__parameterized1/<hidden>/<hidden>/<hidden>/<hidden>/<hidden>/<hidden>
                         net (fo=3, routed)           0.173     1.198    aes_wrapper/aes/aes_axi_interconnect_1_0/s00_couplers_imp_B4JP64/aes_axi_interconnect_1_imp_auto_ds_0/aes_axi_interconnect_1_imp_auto_ds_0_axi_dwidth_converter_v2_1_37_top/aes_axi_interconnect_1_imp_auto_ds_0_axi_dwidth_converter_v2_1_37_axi_downsizer/aes_axi_interconnect_1_imp_auto_ds_0_axi_dwidth_converter_v2_1_37_a_downsizer/aes_axi_interconnect_1_imp_auto_ds_0_axi_data_fifo_v2_1_36_axic_fifo__parameterized1/aes_axi_interconnect_1_imp_auto_ds_0_axi_data_fifo_v2_1_36_fifo_gen__parameterized1/<hidden>/<hidden>/<hidden>/<hidden>/<hidden>
    SLICE_X49Y78         FDRE                                         r  aes_wrapper/aes/aes_axi_interconnect_1_0/s00_couplers_imp_B4JP64/aes_axi_interconnect_1_imp_auto_ds_0/aes_axi_interconnect_1_imp_auto_ds_0_axi_dwidth_converter_v2_1_37_top/aes_axi_interconnect_1_imp_auto_ds_0_axi_dwidth_converter_v2_1_37_axi_downsizer/aes_axi_interconnect_1_imp_auto_ds_0_axi_dwidth_converter_v2_1_37_a_downsizer/aes_axi_interconnect_1_imp_auto_ds_0_axi_data_fifo_v2_1_36_axic_fifo__parameterized1/aes_axi_interconnect_1_imp_auto_ds_0_axi_data_fifo_v2_1_36_fifo_gen__parameterized1/<hidden>/<hidden>/<hidden>/<hidden>/<hidden>
  -------------------------------------------------------------------    -------------------

                         (clock clk_fpga_0 rise edge)
                                                      0.000     0.000 r  
    PS7_X0Y0             PS7                          0.000     0.000 r  aes_i/processing_system7_0/inst/PS7_i/FCLKCLK[0]
                         net (fo=1, routed)           0.337     0.337    aes_i/processing_system7_0/inst/FCLK_CLK_unbuffered[0]
    BUFGCTRL_X0Y16       BUFG (Prop_bufg_I_O)         0.029     0.366 r  aes_i/processing_system7_0/inst/buffer_fclk_clk_0.FCLK_CLK_0_BUFG/O
                         net (fo=17798, routed)       0.812     1.178    aes_wrapper/aes/aes_axi_interconnect_1_0/s00_couplers_imp_B4JP64/aes_axi_interconnect_1_imp_auto_ds_0/aes_axi_interconnect_1_imp_auto_ds_0_axi_dwidth_converter_v2_1_37_top/aes_axi_interconnect_1_imp_auto_ds_0_axi_dwidth_converter_v2_1_37_axi_downsizer/aes_axi_interconnect_1_imp_auto_ds_0_axi_dwidth_converter_v2_1_37_a_downsizer/aes_axi_interconnect_1_imp_auto_ds_0_axi_data_fifo_v2_1_36_axic_fifo__parameterized1/aes_axi_interconnect_1_imp_auto_ds_0_axi_data_fifo_v2_1_36_fifo_gen__parameterized1/<hidden>/<hidden>/<hidden>/<hidden>/<hidden>
    SLICE_X49Y78         FDRE                                         r  aes_wrapper/aes/aes_axi_interconnect_1_0/s00_couplers_imp_B4JP64/aes_axi_interconnect_1_imp_auto_ds_0/aes_axi_interconnect_1_imp_auto_ds_0_axi_dwidth_converter_v2_1_37_top/aes_axi_interconnect_1_imp_auto_ds_0_axi_dwidth_converter_v2_1_37_axi_downsizer/aes_axi_interconnect_1_imp_auto_ds_0_axi_dwidth_converter_v2_1_37_a_downsizer/aes_axi_interconnect_1_imp_auto_ds_0_axi_data_fifo_v2_1_36_axic_fifo__parameterized1/aes_axi_interconnect_1_imp_auto_ds_0_axi_data_fifo_v2_1_36_fifo_gen__parameterized1/<hidden>/<hidden>/<hidden>/<hidden>/<hidden>
                         clock pessimism             -0.035     1.143    
    SLICE_X49Y78         FDRE (Hold_fdre_C_D)         0.017     1.160    aes_wrapper/aes/aes_axi_interconnect_1_0/s00_couplers_imp_B4JP64/aes_axi_interconnect_1_imp_auto_ds_0/aes_axi_interconnect_1_imp_auto_ds_0_axi_dwidth_converter_v2_1_37_top/aes_axi_interconnect_1_imp_auto_ds_0_axi_dwidth_converter_v2_1_37_axi_downsizer/aes_axi_interconnect_1_imp_auto_ds_0_axi_dwidth_converter_v2_1_37_a_downsizer/aes_axi_interconnect_1_imp_auto_ds_0_axi_data_fifo_v2_1_36_axic_fifo__parameterized1/aes_axi_interconnect_1_imp_auto_ds_0_axi_data_fifo_v2_1_36_fifo_gen__parameterized1/<hidden>/<hidden>/<hidden>/<hidden>/<hidden>
  -------------------------------------------------------------------
                         required time                         -1.160    
                         arrival time                           1.198    
  -------------------------------------------------------------------
                         slack                                  0.038    

Slack (MET) :             0.040ns  (arrival time - required time)
  Source:                 aes_i/AES_En_De_0/inst/grp_extendKey_fu_621/w_28_o_reg_reg[18]/C
                            (rising edge-triggered cell FDRE clocked by clk_fpga_0  {rise@0.000ns fall@5.000ns period=10.000ns})
  Destination:            aes_i/AES_En_De_0/inst/w_28_reg[18]/D
                            (rising edge-triggered cell FDRE clocked by clk_fpga_0  {rise@0.000ns fall@5.000ns period=10.000ns})
  Path Group:             clk_fpga_0
  Path Type:              Hold (Min at Fast Process Corner)
  Requirement:            0.000ns  (clk_fpga_0 rise@0.000ns - clk_fpga_0 rise@0.000ns)
  Data Path Delay:        0.391ns  (logic 0.186ns (47.560%)  route 0.205ns (52.440%))
  Logic Levels:           1  (LUT4=1)
  Clock Path Skew:        0.259ns (DCD - SCD - CPR)
    Destination Clock Delay (DCD):    1.190ns
    Source Clock Delay      (SCD):    0.896ns
    Clock Pessimism Removal (CPR):    0.035ns

    Location             Delay type                Incr(ns)  Path(ns)    Netlist Resource(s)
  -------------------------------------------------------------------    -------------------
                         (clock clk_fpga_0 rise edge)
                                                      0.000     0.000 r  
    PS7_X0Y0             PS7                          0.000     0.000 r  aes_i/processing_system7_0/inst/PS7_i/FCLKCLK[0]
                         net (fo=1, routed)           0.310     0.310    aes_i/processing_system7_0/inst/FCLK_CLK_unbuffered[0]
    BUFGCTRL_X0Y16       BUFG (Prop_bufg_I_O)         0.026     0.336 r  aes_i/processing_system7_0/inst/buffer_fclk_clk_0.FCLK_CLK_0_BUFG/O
                         net (fo=17798, routed)       0.560     0.896    aes_i/AES_En_De_0/inst/grp_extendKey_fu_621/ap_clk
    SLICE_X49Y8          FDRE                                         r  aes_i/AES_En_De_0/inst/grp_extendKey_fu_621/w_28_o_reg_reg[18]/C
  -------------------------------------------------------------------    -------------------
    SLICE_X49Y8          FDRE (Prop_fdre_C_Q)         0.141     1.037 r  aes_i/AES_En_De_0/inst/grp_extendKey_fu_621/w_28_o_reg_reg[18]/Q
                         net (fo=1, routed)           0.205     1.242    aes_i/AES_En_De_0/inst/grp_extendKey_fu_621/grp_extendKey_Pipeline_extendKey_label0_fu_134/S_U/w_28_o_reg[18]
    SLICE_X52Y8          LUT4 (Prop_lut4_I0_O)        0.045     1.287 r  aes_i/AES_En_De_0/inst/grp_extendKey_fu_621/grp_extendKey_Pipeline_extendKey_label0_fu_134/S_U/w_28[18]_i_1/O
                         net (fo=1, routed)           0.000     1.287    aes_i/AES_En_De_0/inst/grp_extendKey_fu_621_w_28_o[18]
    SLICE_X52Y8          FDRE                                         r  aes_i/AES_En_De_0/inst/w_28_reg[18]/D
  -------------------------------------------------------------------    -------------------

                         (clock clk_fpga_0 rise edge)
                                                      0.000     0.000 r  
    PS7_X0Y0             PS7                          0.000     0.000 r  aes_i/processing_system7_0/inst/PS7_i/FCLKCLK[0]
                         net (fo=1, routed)           0.337     0.337    aes_i/processing_system7_0/inst/FCLK_CLK_unbuffered[0]
    BUFGCTRL_X0Y16       BUFG (Prop_bufg_I_O)         0.029     0.366 r  aes_i/processing_system7_0/inst/buffer_fclk_clk_0.FCLK_CLK_0_BUFG/O
                         net (fo=17798, routed)       0.824     1.190    aes_i/AES_En_De_0/inst/ap_clk
    SLICE_X52Y8          FDRE                                         r  aes_i/AES_En_De_0/inst/w_28_reg[18]/C
                         clock pessimism             -0.035     1.155    
    SLICE_X52Y8          FDRE (Hold_fdre_C_D)         0.092     1.247    aes_i/AES_En_De_0/inst/w_28_reg[18]
  -------------------------------------------------------------------
                         required time                         -1.247    
                         arrival time                           1.287    
  -------------------------------------------------------------------
                         slack                                  0.040    

Slack (MET) :             0.043ns  (arrival time - required time)
  Source:                 aes_i/AES_En_De_0/inst/regslice_both_output_stream_V_data_V_U/data_p1_reg[63]/C
                            (rising edge-triggered cell FDRE clocked by clk_fpga_0  {rise@0.000ns fall@5.000ns period=10.000ns})
  Destination:            aes_i/axi_dma_0/U0/I_PRMRY_DATAMOVER/GEN_S2MM_FULL.I_S2MM_FULL_WRAPPER/ENABLE_AXIS_SKID.I_S2MM_STRM_SKID_BUF/sig_data_skid_reg_reg[63]/D
                            (rising edge-triggered cell FDRE clocked by clk_fpga_0  {rise@0.000ns fall@5.000ns period=10.000ns})
  Path Group:             clk_fpga_0
  Path Type:              Hold (Min at Fast Process Corner)
  Requirement:            0.000ns  (clk_fpga_0 rise@0.000ns - clk_fpga_0 rise@0.000ns)
  Data Path Delay:        0.377ns  (logic 0.164ns (43.475%)  route 0.213ns (56.525%))
  Logic Levels:           0  
  Clock Path Skew:        0.262ns (DCD - SCD - CPR)
    Destination Clock Delay (DCD):    1.191ns
    Source Clock Delay      (SCD):    0.899ns
    Clock Pessimism Removal (CPR):    0.030ns

    Location             Delay type                Incr(ns)  Path(ns)    Netlist Resource(s)
  -------------------------------------------------------------------    -------------------
                         (clock clk_fpga_0 rise edge)
                                                      0.000     0.000 r  
    PS7_X0Y0             PS7                          0.000     0.000 r  aes_i/processing_system7_0/inst/PS7_i/FCLKCLK[0]
                         net (fo=1, routed)           0.310     0.310    aes_i/processing_system7_0/inst/FCLK_CLK_unbuffered[0]
    BUFGCTRL_X0Y16       BUFG (Prop_bufg_I_O)         0.026     0.336 r  aes_i/processing_system7_0/inst/buffer_fclk_clk_0.FCLK_CLK_0_BUFG/O
                         net (fo=17798, routed)       0.563     0.899    aes_i/AES_En_De_0/inst/regslice_both_output_stream_V_data_V_U/ap_clk
    SLICE_X36Y48         FDRE                                         r  aes_i/AES_En_De_0/inst/regslice_both_output_stream_V_data_V_U/data_p1_reg[63]/C
  -------------------------------------------------------------------    -------------------
    SLICE_X36Y48         FDRE (Prop_fdre_C_Q)         0.164     1.063 r  aes_i/AES_En_De_0/inst/regslice_both_output_stream_V_data_V_U/data_p1_reg[63]/Q
                         net (fo=2, routed)           0.213     1.276    aes_i/axi_dma_0/U0/I_PRMRY_DATAMOVER/GEN_S2MM_FULL.I_S2MM_FULL_WRAPPER/ENABLE_AXIS_SKID.I_S2MM_STRM_SKID_BUF/s_axis_s2mm_tdata[63]
    SLICE_X39Y51         FDRE                                         r  aes_i/axi_dma_0/U0/I_PRMRY_DATAMOVER/GEN_S2MM_FULL.I_S2MM_FULL_WRAPPER/ENABLE_AXIS_SKID.I_S2MM_STRM_SKID_BUF/sig_data_skid_reg_reg[63]/D
  -------------------------------------------------------------------    -------------------

                         (clock clk_fpga_0 rise edge)
                                                      0.000     0.000 r  
    PS7_X0Y0             PS7                          0.000     0.000 r  aes_i/processing_system7_0/inst/PS7_i/FCLKCLK[0]
                         net (fo=1, routed)           0.337     0.337    aes_i/processing_system7_0/inst/FCLK_CLK_unbuffered[0]
    BUFGCTRL_X0Y16       BUFG (Prop_bufg_I_O)         0.029     0.366 r  aes_i/processing_system7_0/inst/buffer_fclk_clk_0.FCLK_CLK_0_BUFG/O
                         net (fo=17798, routed)       0.825     1.191    aes_i/axi_dma_0/U0/I_PRMRY_DATAMOVER/GEN_S2MM_FULL.I_S2MM_FULL_WRAPPER/ENABLE_AXIS_SKID.I_S2MM_STRM_SKID_BUF/m_axi_s2mm_aclk
    SLICE_X39Y51         FDRE                                         r  aes_i/axi_dma_0/U0/I_PRMRY_DATAMOVER/GEN_S2MM_FULL.I_S2MM_FULL_WRAPPER/ENABLE_AXIS_SKID.I_S2MM_STRM_SKID_BUF/sig_data_skid_reg_reg[63]/C
                         clock pessimism             -0.030     1.161    
    SLICE_X39Y51         FDRE (Hold_fdre_C_D)         0.072     1.233    aes_i/axi_dma_0/U0/I_PRMRY_DATAMOVER/GEN_S2MM_FULL.I_S2MM_FULL_WRAPPER/ENABLE_AXIS_SKID.I_S2MM_STRM_SKID_BUF/sig_data_skid_reg_reg[63]
  -------------------------------------------------------------------
                         required time                         -1.233    
                         arrival time                           1.276    
  -------------------------------------------------------------------
                         slack                                  0.043    

Slack (MET) :             0.044ns  (arrival time - required time)
  Source:                 aes_i/AES_En_De_0/inst/w_32_reg[27]/C
                            (rising edge-triggered cell FDRE clocked by clk_fpga_0  {rise@0.000ns fall@5.000ns period=10.000ns})
  Destination:            aes_i/AES_En_De_0/inst/grp_AES_En_De_Pipeline_VITIS_LOOP_620_2_fu_719/grp_deAes_return_fu_446/w_32_int_reg_reg[27]/D
                            (rising edge-triggered cell FDRE clocked by clk_fpga_0  {rise@0.000ns fall@5.000ns period=10.000ns})
  Path Group:             clk_fpga_0
  Path Type:              Hold (Min at Fast Process Corner)
  Requirement:            0.000ns  (clk_fpga_0 rise@0.000ns - clk_fpga_0 rise@0.000ns)
  Data Path Delay:        0.381ns  (logic 0.141ns (37.047%)  route 0.240ns (62.953%))
  Logic Levels:           0  
  Clock Path Skew:        0.266ns (DCD - SCD - CPR)
    Destination Clock Delay (DCD):    1.194ns
    Source Clock Delay      (SCD):    0.893ns
    Clock Pessimism Removal (CPR):    0.035ns

    Location             Delay type                Incr(ns)  Path(ns)    Netlist Resource(s)
  -------------------------------------------------------------------    -------------------
                         (clock clk_fpga_0 rise edge)
                                                      0.000     0.000 r  
    PS7_X0Y0             PS7                          0.000     0.000 r  aes_i/processing_system7_0/inst/PS7_i/FCLKCLK[0]
                         net (fo=1, routed)           0.310     0.310    aes_i/processing_system7_0/inst/FCLK_CLK_unbuffered[0]
    BUFGCTRL_X0Y16       BUFG (Prop_bufg_I_O)         0.026     0.336 r  aes_i/processing_system7_0/inst/buffer_fclk_clk_0.FCLK_CLK_0_BUFG/O
                         net (fo=17798, routed)       0.557     0.893    aes_i/AES_En_De_0/inst/ap_clk
    SLICE_X53Y8          FDRE                                         r  aes_i/AES_En_De_0/inst/w_32_reg[27]/C
  -------------------------------------------------------------------    -------------------
    SLICE_X53Y8          FDRE (Prop_fdre_C_Q)         0.141     1.034 r  aes_i/AES_En_De_0/inst/w_32_reg[27]/Q
                         net (fo=3, routed)           0.240     1.273    aes_i/AES_En_De_0/inst/grp_AES_En_De_Pipeline_VITIS_LOOP_620_2_fu_719/grp_deAes_return_fu_446/w_32_int_reg_reg[31]_0[27]
    SLICE_X47Y7          FDRE                                         r  aes_i/AES_En_De_0/inst/grp_AES_En_De_Pipeline_VITIS_LOOP_620_2_fu_719/grp_deAes_return_fu_446/w_32_int_reg_reg[27]/D
  -------------------------------------------------------------------    -------------------

                         (clock clk_fpga_0 rise edge)
                                                      0.000     0.000 r  
    PS7_X0Y0             PS7                          0.000     0.000 r  aes_i/processing_system7_0/inst/PS7_i/FCLKCLK[0]
                         net (fo=1, routed)           0.337     0.337    aes_i/processing_system7_0/inst/FCLK_CLK_unbuffered[0]
    BUFGCTRL_X0Y16       BUFG (Prop_bufg_I_O)         0.029     0.366 r  aes_i/processing_system7_0/inst/buffer_fclk_clk_0.FCLK_CLK_0_BUFG/O
                         net (fo=17798, routed)       0.828     1.194    aes_i/AES_En_De_0/inst/grp_AES_En_De_Pipeline_VITIS_LOOP_620_2_fu_719/grp_deAes_return_fu_446/ap_clk
    SLICE_X47Y7          FDRE                                         r  aes_i/AES_En_De_0/inst/grp_AES_En_De_Pipeline_VITIS_LOOP_620_2_fu_719/grp_deAes_return_fu_446/w_32_int_reg_reg[27]/C
                         clock pessimism             -0.035     1.159    
    SLICE_X47Y7          FDRE (Hold_fdre_C_D)         0.070     1.229    aes_i/AES_En_De_0/inst/grp_AES_En_De_Pipeline_VITIS_LOOP_620_2_fu_719/grp_deAes_return_fu_446/w_32_int_reg_reg[27]
  -------------------------------------------------------------------
                         required time                         -1.229    
                         arrival time                           1.273    
  -------------------------------------------------------------------
                         slack                                  0.044    

Slack (MET) :             0.050ns  (arrival time - required time)
  Source:                 aes_i/AES_En_De_0/inst/w_32_reg[15]/C
                            (rising edge-triggered cell FDRE clocked by clk_fpga_0  {rise@0.000ns fall@5.000ns period=10.000ns})
  Destination:            aes_i/AES_En_De_0/inst/grp_AES_En_De_Pipeline_VITIS_LOOP_620_2_fu_719/grp_deAes_return_fu_446/w_32_int_reg_reg[15]/D
                            (rising edge-triggered cell FDRE clocked by clk_fpga_0  {rise@0.000ns fall@5.000ns period=10.000ns})
  Path Group:             clk_fpga_0
  Path Type:              Hold (Min at Fast Process Corner)
  Requirement:            0.000ns  (clk_fpga_0 rise@0.000ns - clk_fpga_0 rise@0.000ns)
  Data Path Delay:        0.382ns  (logic 0.141ns (36.890%)  route 0.241ns (63.110%))
  Logic Levels:           0  
  Clock Path Skew:        0.266ns (DCD - SCD - CPR)
    Destination Clock Delay (DCD):    1.194ns
    Source Clock Delay      (SCD):    0.893ns
    Clock Pessimism Removal (CPR):    0.035ns

    Location             Delay type                Incr(ns)  Path(ns)    Netlist Resource(s)
  -------------------------------------------------------------------    -------------------
                         (clock clk_fpga_0 rise edge)
                                                      0.000     0.000 r  
    PS7_X0Y0             PS7                          0.000     0.000 r  aes_i/processing_system7_0/inst/PS7_i/FCLKCLK[0]
                         net (fo=1, routed)           0.310     0.310    aes_i/processing_system7_0/inst/FCLK_CLK_unbuffered[0]
    BUFGCTRL_X0Y16       BUFG (Prop_bufg_I_O)         0.026     0.336 r  aes_i/processing_system7_0/inst/buffer_fclk_clk_0.FCLK_CLK_0_BUFG/O
                         net (fo=17798, routed)       0.557     0.893    aes_i/AES_En_De_0/inst/ap_clk
    SLICE_X53Y8          FDRE                                         r  aes_i/AES_En_De_0/inst/w_32_reg[15]/C
  -------------------------------------------------------------------    -------------------
    SLICE_X53Y8          FDRE (Prop_fdre_C_Q)         0.141     1.034 r  aes_i/AES_En_De_0/inst/w_32_reg[15]/Q
                         net (fo=3, routed)           0.241     1.275    aes_i/AES_En_De_0/inst/grp_AES_En_De_Pipeline_VITIS_LOOP_620_2_fu_719/grp_deAes_return_fu_446/w_32_int_reg_reg[31]_0[15]
    SLICE_X45Y8          FDRE                                         r  aes_i/AES_En_De_0/inst/grp_AES_En_De_Pipeline_VITIS_LOOP_620_2_fu_719/grp_deAes_return_fu_446/w_32_int_reg_reg[15]/D
  -------------------------------------------------------------------    -------------------

                         (clock clk_fpga_0 rise edge)
                                                      0.000     0.000 r  
    PS7_X0Y0             PS7                          0.000     0.000 r  aes_i/processing_system7_0/inst/PS7_i/FCLKCLK[0]
                         net (fo=1, routed)           0.337     0.337    aes_i/processing_system7_0/inst/FCLK_CLK_unbuffered[0]
    BUFGCTRL_X0Y16       BUFG (Prop_bufg_I_O)         0.029     0.366 r  aes_i/processing_system7_0/inst/buffer_fclk_clk_0.FCLK_CLK_0_BUFG/O
                         net (fo=17798, routed)       0.828     1.194    aes_i/AES_En_De_0/inst/grp_AES_En_De_Pipeline_VITIS_LOOP_620_2_fu_719/grp_deAes_return_fu_446/ap_clk
    SLICE_X45Y8          FDRE                                         r  aes_i/AES_En_De_0/inst/grp_AES_En_De_Pipeline_VITIS_LOOP_620_2_fu_719/grp_deAes_return_fu_446/w_32_int_reg_reg[15]/C
                         clock pessimism             -0.035     1.159    
    SLICE_X45Y8          FDRE (Hold_fdre_C_D)         0.066     1.225    aes_i/AES_En_De_0/inst/grp_AES_En_De_Pipeline_VITIS_LOOP_620_2_fu_719/grp_deAes_return_fu_446/w_32_int_reg_reg[15]
  -------------------------------------------------------------------
                         required time                         -1.225    
                         arrival time                           1.275    
  -------------------------------------------------------------------
                         slack                                  0.050    

Slack (MET) :             0.051ns  (arrival time - required time)
  Source:                 aes_i/axi_dma_0/U0/I_PRMRY_DATAMOVER/GEN_S2MM_FULL.I_S2MM_FULL_WRAPPER/ENABLE_AXIS_SKID.I_S2MM_STRM_SKID_BUF/sig_data_reg_out_reg[84]/C
                            (rising edge-triggered cell FDRE clocked by clk_fpga_0  {rise@0.000ns fall@5.000ns period=10.000ns})
  Destination:            aes_i/axi_dma_0/U0/I_PRMRY_DATAMOVER/GEN_S2MM_FULL.I_S2MM_FULL_WRAPPER/GEN_INCLUDE_REALIGNER.I_S2MM_REALIGNER/GEN_INCLUDE_SCATTER.I_S2MM_SCATTER/I_MSSAI_SKID_BUF/sig_data_skid_reg_reg[84]/D
                            (rising edge-triggered cell FDRE clocked by clk_fpga_0  {rise@0.000ns fall@5.000ns period=10.000ns})
  Path Group:             clk_fpga_0
  Path Type:              Hold (Min at Fast Process Corner)
  Requirement:            0.000ns  (clk_fpga_0 rise@0.000ns - clk_fpga_0 rise@0.000ns)
  Data Path Delay:        0.385ns  (logic 0.141ns (36.635%)  route 0.244ns (63.365%))
  Logic Levels:           0  
  Clock Path Skew:        0.262ns (DCD - SCD - CPR)
    Destination Clock Delay (DCD):    1.191ns
    Source Clock Delay      (SCD):    0.899ns
    Clock Pessimism Removal (CPR):    0.030ns

    Location             Delay type                Incr(ns)  Path(ns)    Netlist Resource(s)
  -------------------------------------------------------------------    -------------------
                         (clock clk_fpga_0 rise edge)
                                                      0.000     0.000 r  
    PS7_X0Y0             PS7                          0.000     0.000 r  aes_i/processing_system7_0/inst/PS7_i/FCLKCLK[0]
                         net (fo=1, routed)           0.310     0.310    aes_i/processing_system7_0/inst/FCLK_CLK_unbuffered[0]
    BUFGCTRL_X0Y16       BUFG (Prop_bufg_I_O)         0.026     0.336 r  aes_i/processing_system7_0/inst/buffer_fclk_clk_0.FCLK_CLK_0_BUFG/O
                         net (fo=17798, routed)       0.563     0.899    aes_i/axi_dma_0/U0/I_PRMRY_DATAMOVER/GEN_S2MM_FULL.I_S2MM_FULL_WRAPPER/ENABLE_AXIS_SKID.I_S2MM_STRM_SKID_BUF/m_axi_s2mm_aclk
    SLICE_X41Y49         FDRE                                         r  aes_i/axi_dma_0/U0/I_PRMRY_DATAMOVER/GEN_S2MM_FULL.I_S2MM_FULL_WRAPPER/ENABLE_AXIS_SKID.I_S2MM_STRM_SKID_BUF/sig_data_reg_out_reg[84]/C
  -------------------------------------------------------------------    -------------------
    SLICE_X41Y49         FDRE (Prop_fdre_C_Q)         0.141     1.040 r  aes_i/axi_dma_0/U0/I_PRMRY_DATAMOVER/GEN_S2MM_FULL.I_S2MM_FULL_WRAPPER/ENABLE_AXIS_SKID.I_S2MM_STRM_SKID_BUF/sig_data_reg_out_reg[84]/Q
                         net (fo=2, routed)           0.244     1.283    aes_i/axi_dma_0/U0/I_PRMRY_DATAMOVER/GEN_S2MM_FULL.I_S2MM_FULL_WRAPPER/GEN_INCLUDE_REALIGNER.I_S2MM_REALIGNER/GEN_INCLUDE_SCATTER.I_S2MM_SCATTER/I_MSSAI_SKID_BUF/sig_data_skid_reg_reg[127]_0[84]
    SLICE_X41Y50         FDRE                                         r  aes_i/axi_dma_0/U0/I_PRMRY_DATAMOVER/GEN_S2MM_FULL.I_S2MM_FULL_WRAPPER/GEN_INCLUDE_REALIGNER.I_S2MM_REALIGNER/GEN_INCLUDE_SCATTER.I_S2MM_SCATTER/I_MSSAI_SKID_BUF/sig_data_skid_reg_reg[84]/D
  -------------------------------------------------------------------    -------------------

                         (clock clk_fpga_0 rise edge)
                                                      0.000     0.000 r  
    PS7_X0Y0             PS7                          0.000     0.000 r  aes_i/processing_system7_0/inst/PS7_i/FCLKCLK[0]
                         net (fo=1, routed)           0.337     0.337    aes_i/processing_system7_0/inst/FCLK_CLK_unbuffered[0]
    BUFGCTRL_X0Y16       BUFG (Prop_bufg_I_O)         0.029     0.366 r  aes_i/processing_system7_0/inst/buffer_fclk_clk_0.FCLK_CLK_0_BUFG/O
                         net (fo=17798, routed)       0.825     1.191    aes_i/axi_dma_0/U0/I_PRMRY_DATAMOVER/GEN_S2MM_FULL.I_S2MM_FULL_WRAPPER/GEN_INCLUDE_REALIGNER.I_S2MM_REALIGNER/GEN_INCLUDE_SCATTER.I_S2MM_SCATTER/I_MSSAI_SKID_BUF/m_axi_s2mm_aclk
    SLICE_X41Y50         FDRE                                         r  aes_i/axi_dma_0/U0/I_PRMRY_DATAMOVER/GEN_S2MM_FULL.I_S2MM_FULL_WRAPPER/GEN_INCLUDE_REALIGNER.I_S2MM_REALIGNER/GEN_INCLUDE_SCATTER.I_S2MM_SCATTER/I_MSSAI_SKID_BUF/sig_data_skid_reg_reg[84]/C
                         clock pessimism             -0.030     1.161    
    SLICE_X41Y50         FDRE (Hold_fdre_C_D)         0.071     1.232    aes_i/axi_dma_0/U0/I_PRMRY_DATAMOVER/GEN_S2MM_FULL.I_S2MM_FULL_WRAPPER/GEN_INCLUDE_REALIGNER.I_S2MM_REALIGNER/GEN_INCLUDE_SCATTER.I_S2MM_SCATTER/I_MSSAI_SKID_BUF/sig_data_skid_reg_reg[84]
  -------------------------------------------------------------------
                         required time                         -1.232    
                         arrival time                           1.283    
  -------------------------------------------------------------------
                         slack                                  0.051    

Slack (MET) :             0.052ns  (arrival time - required time)
  Source:                 aes_wrapper/aes/aes_axi_interconnect_1_0/s00_couplers_imp_B4JP64/aes_axi_interconnect_1_imp_auto_ds_0/aes_axi_interconnect_1_imp_auto_ds_0_axi_dwidth_converter_v2_1_37_top/aes_axi_interconnect_1_imp_auto_ds_0_axi_dwidth_converter_v2_1_37_axi_downsizer/aes_axi_interconnect_1_imp_auto_ds_0_axi_dwidth_converter_v2_1_37_a_downsizer/aes_axi_interconnect_1_imp_auto_ds_0_axi_data_fifo_v2_1_36_axic_fifo__parameterized1/aes_axi_interconnect_1_imp_auto_ds_0_axi_data_fifo_v2_1_36_fifo_gen__parameterized1/<hidden>/<hidden>/<hidden>/<hidden>/<hidden>
                            (rising edge-triggered cell FDRE clocked by clk_fpga_0  {rise@0.000ns fall@5.000ns period=10.000ns})
  Destination:            aes_i/axi_interconnect_1/s00_couplers/auto_ds/inst/gen_downsizer.gen_cascaded_downsizer.first_downsizer_inst/USE_WRITE.write_data_inst/length_counter_1_reg[1]/D
                            (rising edge-triggered cell FDRE clocked by clk_fpga_0  {rise@0.000ns fall@5.000ns period=10.000ns})
  Path Group:             clk_fpga_0
  Path Type:              Hold (Min at Fast Process Corner)
  Requirement:            0.000ns  (clk_fpga_0 rise@0.000ns - clk_fpga_0 rise@0.000ns)
  Data Path Delay:        0.430ns  (logic 0.227ns (52.814%)  route 0.203ns (47.186%))
  Logic Levels:           1  (LUT5=1)
  Clock Path Skew:        0.257ns (DCD - SCD - CPR)
    Destination Clock Delay (DCD):    1.171ns
    Source Clock Delay      (SCD):    0.879ns
    Clock Pessimism Removal (CPR):    0.035ns

    Location             Delay type                Incr(ns)  Path(ns)    Netlist Resource(s)
  -------------------------------------------------------------------    -------------------
                         (clock clk_fpga_0 rise edge)
                                                      0.000     0.000 r  
    PS7_X0Y0             PS7                          0.000     0.000 r  aes_i/processing_system7_0/inst/PS7_i/FCLKCLK[0]
                         net (fo=1, routed)           0.310     0.310    aes_i/processing_system7_0/inst/FCLK_CLK_unbuffered[0]
    BUFGCTRL_X0Y16       BUFG (Prop_bufg_I_O)         0.026     0.336 r  aes_i/processing_system7_0/inst/buffer_fclk_clk_0.FCLK_CLK_0_BUFG/O
                         net (fo=17798, routed)       0.543     0.879    aes_wrapper/aes/aes_axi_interconnect_1_0/s00_couplers_imp_B4JP64/aes_axi_interconnect_1_imp_auto_ds_0/aes_axi_interconnect_1_imp_auto_ds_0_axi_dwidth_converter_v2_1_37_top/aes_axi_interconnect_1_imp_auto_ds_0_axi_dwidth_converter_v2_1_37_axi_downsizer/aes_axi_interconnect_1_imp_auto_ds_0_axi_dwidth_converter_v2_1_37_a_downsizer/aes_axi_interconnect_1_imp_auto_ds_0_axi_data_fifo_v2_1_36_axic_fifo__parameterized1/aes_axi_interconnect_1_imp_auto_ds_0_axi_data_fifo_v2_1_36_fifo_gen__parameterized1/<hidden>/<hidden>/<hidden>/<hidden>/<hidden>
    SLICE_X48Y76         FDRE                                         r  aes_wrapper/aes/aes_axi_interconnect_1_0/s00_couplers_imp_B4JP64/aes_axi_interconnect_1_imp_auto_ds_0/aes_axi_interconnect_1_imp_auto_ds_0_axi_dwidth_converter_v2_1_37_top/aes_axi_interconnect_1_imp_auto_ds_0_axi_dwidth_converter_v2_1_37_axi_downsizer/aes_axi_interconnect_1_imp_auto_ds_0_axi_dwidth_converter_v2_1_37_a_downsizer/aes_axi_interconnect_1_imp_auto_ds_0_axi_data_fifo_v2_1_36_axic_fifo__parameterized1/aes_axi_interconnect_1_imp_auto_ds_0_axi_data_fifo_v2_1_36_fifo_gen__parameterized1/<hidden>/<hidden>/<hidden>/<hidden>/<hidden>
  -------------------------------------------------------------------    -------------------
    SLICE_X48Y76         FDRE (Prop_fdre_C_Q)         0.128     1.007 r  aes_wrapper/aes/aes_axi_interconnect_1_0/s00_couplers_imp_B4JP64/aes_axi_interconnect_1_imp_auto_ds_0/aes_axi_interconnect_1_imp_auto_ds_0_axi_dwidth_converter_v2_1_37_top/aes_axi_interconnect_1_imp_auto_ds_0_axi_dwidth_converter_v2_1_37_axi_downsizer/aes_axi_interconnect_1_imp_auto_ds_0_axi_dwidth_converter_v2_1_37_a_downsizer/aes_axi_interconnect_1_imp_auto_ds_0_axi_data_fifo_v2_1_36_axic_fifo__parameterized1/aes_axi_interconnect_1_imp_auto_ds_0_axi_data_fifo_v2_1_36_fifo_gen__parameterized1/<hidden>/<hidden>/<hidden>/<hidden>/<hidden>
                         net (fo=4, routed)           0.203     1.209    aes_i/axi_interconnect_1/s00_couplers/auto_ds/inst/gen_downsizer.gen_cascaded_downsizer.first_downsizer_inst/USE_WRITE.write_data_inst/first_word_reg_0[1]
    SLICE_X50Y76         LUT5 (Prop_lut5_I4_O)        0.099     1.308 r  aes_i/axi_interconnect_1/s00_couplers/auto_ds/inst/gen_downsizer.gen_cascaded_downsizer.first_downsizer_inst/USE_WRITE.write_data_inst/length_counter_1[1]_i_1__0/O
                         net (fo=1, routed)           0.000     1.308    aes_i/axi_interconnect_1/s00_couplers/auto_ds/inst/gen_downsizer.gen_cascaded_downsizer.first_downsizer_inst/USE_WRITE.write_data_inst/length_counter_1[1]_i_1__0_n_0
    SLICE_X50Y76         FDRE                                         r  aes_i/axi_interconnect_1/s00_couplers/auto_ds/inst/gen_downsizer.gen_cascaded_downsizer.first_downsizer_inst/USE_WRITE.write_data_inst/length_counter_1_reg[1]/D
  -------------------------------------------------------------------    -------------------

                         (clock clk_fpga_0 rise edge)
                                                      0.000     0.000 r  
    PS7_X0Y0             PS7                          0.000     0.000 r  aes_i/processing_system7_0/inst/PS7_i/FCLKCLK[0]
                         net (fo=1, routed)           0.337     0.337    aes_i/processing_system7_0/inst/FCLK_CLK_unbuffered[0]
    BUFGCTRL_X0Y16       BUFG (Prop_bufg_I_O)         0.029     0.366 r  aes_i/processing_system7_0/inst/buffer_fclk_clk_0.FCLK_CLK_0_BUFG/O
                         net (fo=17798, routed)       0.805     1.171    aes_i/axi_interconnect_1/s00_couplers/auto_ds/inst/gen_downsizer.gen_cascaded_downsizer.first_downsizer_inst/USE_WRITE.write_data_inst/out
    SLICE_X50Y76         FDRE                                         r  aes_i/axi_interconnect_1/s00_couplers/auto_ds/inst/gen_downsizer.gen_cascaded_downsizer.first_downsizer_inst/USE_WRITE.write_data_inst/length_counter_1_reg[1]/C
                         clock pessimism             -0.035     1.136    
    SLICE_X50Y76         FDRE (Hold_fdre_C_D)         0.121     1.257    aes_i/axi_interconnect_1/s00_couplers/auto_ds/inst/gen_downsizer.gen_cascaded_downsizer.first_downsizer_inst/USE_WRITE.write_data_inst/length_counter_1_reg[1]
  -------------------------------------------------------------------
                         required time                         -1.257    
                         arrival time                           1.308    
  -------------------------------------------------------------------
                         slack                                  0.052    

Slack (MET) :             0.052ns  (arrival time - required time)
  Source:                 aes_i/axi_dma_0/U0/I_PRMRY_DATAMOVER/GEN_S2MM_FULL.I_S2MM_FULL_WRAPPER/ENABLE_AXIS_SKID.I_S2MM_STRM_SKID_BUF/sig_data_reg_out_reg[118]/C
                            (rising edge-triggered cell FDRE clocked by clk_fpga_0  {rise@0.000ns fall@5.000ns period=10.000ns})
  Destination:            aes_i/axi_dma_0/U0/I_PRMRY_DATAMOVER/GEN_S2MM_FULL.I_S2MM_FULL_WRAPPER/GEN_INCLUDE_REALIGNER.I_S2MM_REALIGNER/GEN_INCLUDE_SCATTER.I_S2MM_SCATTER/I_MSSAI_SKID_BUF/sig_data_skid_reg_reg[118]/D
                            (rising edge-triggered cell FDRE clocked by clk_fpga_0  {rise@0.000ns fall@5.000ns period=10.000ns})
  Path Group:             clk_fpga_0
  Path Type:              Hold (Min at Fast Process Corner)
  Requirement:            0.000ns  (clk_fpga_0 rise@0.000ns - clk_fpga_0 rise@0.000ns)
  Data Path Delay:        0.361ns  (logic 0.141ns (39.086%)  route 0.220ns (60.914%))
  Logic Levels:           0  
  Clock Path Skew:        0.262ns (DCD - SCD - CPR)
    Destination Clock Delay (DCD):    1.191ns
    Source Clock Delay      (SCD):    0.899ns
    Clock Pessimism Removal (CPR):    0.030ns

    Location             Delay type                Incr(ns)  Path(ns)    Netlist Resource(s)
  -------------------------------------------------------------------    -------------------
                         (clock clk_fpga_0 rise edge)
                                                      0.000     0.000 r  
    PS7_X0Y0             PS7                          0.000     0.000 r  aes_i/processing_system7_0/inst/PS7_i/FCLKCLK[0]
                         net (fo=1, routed)           0.310     0.310    aes_i/processing_system7_0/inst/FCLK_CLK_unbuffered[0]
    BUFGCTRL_X0Y16       BUFG (Prop_bufg_I_O)         0.026     0.336 r  aes_i/processing_system7_0/inst/buffer_fclk_clk_0.FCLK_CLK_0_BUFG/O
                         net (fo=17798, routed)       0.563     0.899    aes_i/axi_dma_0/U0/I_PRMRY_DATAMOVER/GEN_S2MM_FULL.I_S2MM_FULL_WRAPPER/ENABLE_AXIS_SKID.I_S2MM_STRM_SKID_BUF/m_axi_s2mm_aclk
    SLICE_X40Y49         FDRE                                         r  aes_i/axi_dma_0/U0/I_PRMRY_DATAMOVER/GEN_S2MM_FULL.I_S2MM_FULL_WRAPPER/ENABLE_AXIS_SKID.I_S2MM_STRM_SKID_BUF/sig_data_reg_out_reg[118]/C
  -------------------------------------------------------------------    -------------------
    SLICE_X40Y49         FDRE (Prop_fdre_C_Q)         0.141     1.040 r  aes_i/axi_dma_0/U0/I_PRMRY_DATAMOVER/GEN_S2MM_FULL.I_S2MM_FULL_WRAPPER/ENABLE_AXIS_SKID.I_S2MM_STRM_SKID_BUF/sig_data_reg_out_reg[118]/Q
                         net (fo=2, routed)           0.220     1.259    aes_i/axi_dma_0/U0/I_PRMRY_DATAMOVER/GEN_S2MM_FULL.I_S2MM_FULL_WRAPPER/GEN_INCLUDE_REALIGNER.I_S2MM_REALIGNER/GEN_INCLUDE_SCATTER.I_S2MM_SCATTER/I_MSSAI_SKID_BUF/sig_data_skid_reg_reg[127]_0[118]
    SLICE_X40Y52         FDRE                                         r  aes_i/axi_dma_0/U0/I_PRMRY_DATAMOVER/GEN_S2MM_FULL.I_S2MM_FULL_WRAPPER/GEN_INCLUDE_REALIGNER.I_S2MM_REALIGNER/GEN_INCLUDE_SCATTER.I_S2MM_SCATTER/I_MSSAI_SKID_BUF/sig_data_skid_reg_reg[118]/D
  -------------------------------------------------------------------    -------------------

                         (clock clk_fpga_0 rise edge)
                                                      0.000     0.000 r  
    PS7_X0Y0             PS7                          0.000     0.000 r  aes_i/processing_system7_0/inst/PS7_i/FCLKCLK[0]
                         net (fo=1, routed)           0.337     0.337    aes_i/processing_system7_0/inst/FCLK_CLK_unbuffered[0]
    BUFGCTRL_X0Y16       BUFG (Prop_bufg_I_O)         0.029     0.366 r  aes_i/processing_system7_0/inst/buffer_fclk_clk_0.FCLK_CLK_0_BUFG/O
                         net (fo=17798, routed)       0.825     1.191    aes_i/axi_dma_0/U0/I_PRMRY_DATAMOVER/GEN_S2MM_FULL.I_S2MM_FULL_WRAPPER/GEN_INCLUDE_REALIGNER.I_S2MM_REALIGNER/GEN_INCLUDE_SCATTER.I_S2MM_SCATTER/I_MSSAI_SKID_BUF/m_axi_s2mm_aclk
    SLICE_X40Y52         FDRE                                         r  aes_i/axi_dma_0/U0/I_PRMRY_DATAMOVER/GEN_S2MM_FULL.I_S2MM_FULL_WRAPPER/GEN_INCLUDE_REALIGNER.I_S2MM_REALIGNER/GEN_INCLUDE_SCATTER.I_S2MM_SCATTER/I_MSSAI_SKID_BUF/sig_data_skid_reg_reg[118]/C
                         clock pessimism             -0.030     1.161    
    SLICE_X40Y52         FDRE (Hold_fdre_C_D)         0.046     1.207    aes_i/axi_dma_0/U0/I_PRMRY_DATAMOVER/GEN_S2MM_FULL.I_S2MM_FULL_WRAPPER/GEN_INCLUDE_REALIGNER.I_S2MM_REALIGNER/GEN_INCLUDE_SCATTER.I_S2MM_SCATTER/I_MSSAI_SKID_BUF/sig_data_skid_reg_reg[118]
  -------------------------------------------------------------------
                         required time                         -1.207    
                         arrival time                           1.259    
  -------------------------------------------------------------------
                         slack                                  0.052    

Slack (MET) :             0.053ns  (arrival time - required time)
  Source:                 aes_i/axi_dma_0/U0/I_PRMRY_DATAMOVER/GEN_S2MM_FULL.I_S2MM_FULL_WRAPPER/ENABLE_AXIS_SKID.I_S2MM_STRM_SKID_BUF/sig_strb_reg_out_reg[9]/C
                            (rising edge-triggered cell FDRE clocked by clk_fpga_0  {rise@0.000ns fall@5.000ns period=10.000ns})
  Destination:            aes_i/axi_dma_0/U0/I_PRMRY_DATAMOVER/GEN_S2MM_FULL.I_S2MM_FULL_WRAPPER/GEN_INCLUDE_REALIGNER.I_S2MM_REALIGNER/GEN_INCLUDE_SCATTER.I_S2MM_SCATTER/I_MSSAI_SKID_BUF/sig_strb_skid_reg_reg[9]/D
                            (rising edge-triggered cell FDRE clocked by clk_fpga_0  {rise@0.000ns fall@5.000ns period=10.000ns})
  Path Group:             clk_fpga_0
  Path Type:              Hold (Min at Fast Process Corner)
  Requirement:            0.000ns  (clk_fpga_0 rise@0.000ns - clk_fpga_0 rise@0.000ns)
  Data Path Delay:        0.376ns  (logic 0.141ns (37.545%)  route 0.235ns (62.455%))
  Logic Levels:           0  
  Clock Path Skew:        0.259ns (DCD - SCD - CPR)
    Destination Clock Delay (DCD):    1.184ns
    Source Clock Delay      (SCD):    0.890ns
    Clock Pessimism Removal (CPR):    0.035ns

    Location             Delay type                Incr(ns)  Path(ns)    Netlist Resource(s)
  -------------------------------------------------------------------    -------------------
                         (clock clk_fpga_0 rise edge)
                                                      0.000     0.000 r  
    PS7_X0Y0             PS7                          0.000     0.000 r  aes_i/processing_system7_0/inst/PS7_i/FCLKCLK[0]
                         net (fo=1, routed)           0.310     0.310    aes_i/processing_system7_0/inst/FCLK_CLK_unbuffered[0]
    BUFGCTRL_X0Y16       BUFG (Prop_bufg_I_O)         0.026     0.336 r  aes_i/processing_system7_0/inst/buffer_fclk_clk_0.FCLK_CLK_0_BUFG/O
                         net (fo=17798, routed)       0.554     0.890    aes_i/axi_dma_0/U0/I_PRMRY_DATAMOVER/GEN_S2MM_FULL.I_S2MM_FULL_WRAPPER/ENABLE_AXIS_SKID.I_S2MM_STRM_SKID_BUF/m_axi_s2mm_aclk
    SLICE_X49Y58         FDRE                                         r  aes_i/axi_dma_0/U0/I_PRMRY_DATAMOVER/GEN_S2MM_FULL.I_S2MM_FULL_WRAPPER/ENABLE_AXIS_SKID.I_S2MM_STRM_SKID_BUF/sig_strb_reg_out_reg[9]/C
  -------------------------------------------------------------------    -------------------
    SLICE_X49Y58         FDRE (Prop_fdre_C_Q)         0.141     1.031 r  aes_i/axi_dma_0/U0/I_PRMRY_DATAMOVER/GEN_S2MM_FULL.I_S2MM_FULL_WRAPPER/ENABLE_AXIS_SKID.I_S2MM_STRM_SKID_BUF/sig_strb_reg_out_reg[9]/Q
                         net (fo=5, routed)           0.235     1.265    aes_i/axi_dma_0/U0/I_PRMRY_DATAMOVER/GEN_S2MM_FULL.I_S2MM_FULL_WRAPPER/GEN_INCLUDE_REALIGNER.I_S2MM_REALIGNER/GEN_INCLUDE_SCATTER.I_S2MM_SCATTER/I_MSSAI_SKID_BUF/sig_strb_skid_reg_reg[15]_0[9]
    SLICE_X50Y60         FDRE                                         r  aes_i/axi_dma_0/U0/I_PRMRY_DATAMOVER/GEN_S2MM_FULL.I_S2MM_FULL_WRAPPER/GEN_INCLUDE_REALIGNER.I_S2MM_REALIGNER/GEN_INCLUDE_SCATTER.I_S2MM_SCATTER/I_MSSAI_SKID_BUF/sig_strb_skid_reg_reg[9]/D
  -------------------------------------------------------------------    -------------------

                         (clock clk_fpga_0 rise edge)
                                                      0.000     0.000 r  
    PS7_X0Y0             PS7                          0.000     0.000 r  aes_i/processing_system7_0/inst/PS7_i/FCLKCLK[0]
                         net (fo=1, routed)           0.337     0.337    aes_i/processing_system7_0/inst/FCLK_CLK_unbuffered[0]
    BUFGCTRL_X0Y16       BUFG (Prop_bufg_I_O)         0.029     0.366 r  aes_i/processing_system7_0/inst/buffer_fclk_clk_0.FCLK_CLK_0_BUFG/O
                         net (fo=17798, routed)       0.818     1.184    aes_i/axi_dma_0/U0/I_PRMRY_DATAMOVER/GEN_S2MM_FULL.I_S2MM_FULL_WRAPPER/GEN_INCLUDE_REALIGNER.I_S2MM_REALIGNER/GEN_INCLUDE_SCATTER.I_S2MM_SCATTER/I_MSSAI_SKID_BUF/m_axi_s2mm_aclk
    SLICE_X50Y60         FDRE                                         r  aes_i/axi_dma_0/U0/I_PRMRY_DATAMOVER/GEN_S2MM_FULL.I_S2MM_FULL_WRAPPER/GEN_INCLUDE_REALIGNER.I_S2MM_REALIGNER/GEN_INCLUDE_SCATTER.I_S2MM_SCATTER/I_MSSAI_SKID_BUF/sig_strb_skid_reg_reg[9]/C
                         clock pessimism             -0.035     1.149    
    SLICE_X50Y60         FDRE (Hold_fdre_C_D)         0.063     1.212    aes_i/axi_dma_0/U0/I_PRMRY_DATAMOVER/GEN_S2MM_FULL.I_S2MM_FULL_WRAPPER/GEN_INCLUDE_REALIGNER.I_S2MM_REALIGNER/GEN_INCLUDE_SCATTER.I_S2MM_SCATTER/I_MSSAI_SKID_BUF/sig_strb_skid_reg_reg[9]
  -------------------------------------------------------------------
                         required time                         -1.212    
                         arrival time                           1.265    
  -------------------------------------------------------------------
                         slack                                  0.053    





Pulse Width Checks
--------------------------------------------------------------------------------------
Clock Name:         clk_fpga_0
Waveform(ns):       { 0.000 5.000 }
Period(ns):         10.000
Sources:            { aes_i/processing_system7_0/inst/PS7_i/FCLKCLK[0] }

Check Type        Corner  Lib Pin             Reference Pin  Required(ns)  Actual(ns)  Slack(ns)  Location      Pin
Min Period        n/a     RAMB36E1/CLKARDCLK  n/a            2.944         10.000      7.056      RAMB36_X2Y16  aes_i/AES_En_De_0/inst/control_s_axi_U/int_in_char_len/mem_reg/CLKARDCLK
Min Period        n/a     RAMB36E1/CLKBWRCLK  n/a            2.944         10.000      7.056      RAMB36_X2Y16  aes_i/AES_En_De_0/inst/control_s_axi_U/int_in_char_len/mem_reg/CLKBWRCLK
Min Period        n/a     RAMB18E1/CLKARDCLK  n/a            2.576         10.000      7.424      RAMB18_X1Y3   aes_i/AES_En_De_0/inst/grp_AES_En_De_Pipeline_VITIS_LOOP_620_2_fu_719/ap_return_0_int_reg_reg[7]_i_103/CLKARDCLK
Min Period        n/a     RAMB18E1/CLKBWRCLK  n/a            2.576         10.000      7.424      RAMB18_X1Y3   aes_i/AES_En_De_0/inst/grp_AES_En_De_Pipeline_VITIS_LOOP_620_2_fu_719/ap_return_0_int_reg_reg[7]_i_103/CLKBWRCLK
Min Period        n/a     RAMB18E1/CLKARDCLK  n/a            2.576         10.000      7.424      RAMB18_X1Y5   aes_i/AES_En_De_0/inst/grp_AES_En_De_Pipeline_VITIS_LOOP_620_2_fu_719/ap_return_0_int_reg_reg[7]_i_104/CLKARDCLK
Min Period        n/a     RAMB18E1/CLKBWRCLK  n/a            2.576         10.000      7.424      RAMB18_X1Y5   aes_i/AES_En_De_0/inst/grp_AES_En_De_Pipeline_VITIS_LOOP_620_2_fu_719/ap_return_0_int_reg_reg[7]_i_104/CLKBWRCLK
Min Period        n/a     RAMB18E1/CLKARDCLK  n/a            2.576         10.000      7.424      RAMB18_X3Y6   aes_i/AES_En_De_0/inst/grp_AES_En_De_Pipeline_VITIS_LOOP_620_2_fu_719/ap_return_0_int_reg_reg[7]_i_105/CLKARDCLK
Min Period        n/a     RAMB18E1/CLKBWRCLK  n/a            2.576         10.000      7.424      RAMB18_X3Y6   aes_i/AES_En_De_0/inst/grp_AES_En_De_Pipeline_VITIS_LOOP_620_2_fu_719/ap_return_0_int_reg_reg[7]_i_105/CLKBWRCLK
Min Period        n/a     RAMB18E1/CLKARDCLK  n/a            2.576         10.000      7.424      RAMB18_X3Y16  aes_i/AES_En_De_0/inst/grp_AES_En_De_Pipeline_VITIS_LOOP_620_2_fu_719/ap_return_0_int_reg_reg[7]_i_1082/CLKARDCLK
Min Period        n/a     RAMB18E1/CLKBWRCLK  n/a            2.576         10.000      7.424      RAMB18_X3Y16  aes_i/AES_En_De_0/inst/grp_AES_En_De_Pipeline_VITIS_LOOP_620_2_fu_719/ap_return_0_int_reg_reg[7]_i_1082/CLKBWRCLK
Low Pulse Width   Slow    RAMD32/CLK          n/a            1.250         5.000       3.750      SLICE_X30Y84  aes_i/AES_En_De_0/inst/control_s_axi_U/int_key/mem_reg_0_3_0_0/DP/CLK
Low Pulse Width   Fast    RAMD32/CLK          n/a            1.250         5.000       3.750      SLICE_X30Y84  aes_i/AES_En_De_0/inst/control_s_axi_U/int_key/mem_reg_0_3_0_0/DP/CLK
Low Pulse Width   Slow    RAMD32/CLK          n/a            1.250         5.000       3.750      SLICE_X30Y84  aes_i/AES_En_De_0/inst/control_s_axi_U/int_key/mem_reg_0_3_0_0/SP/CLK
Low Pulse Width   Fast    RAMD32/CLK          n/a            1.250         5.000       3.750      SLICE_X30Y84  aes_i/AES_En_De_0/inst/control_s_axi_U/int_key/mem_reg_0_3_0_0/SP/CLK
Low Pulse Width   Slow    RAMD32/CLK          n/a            1.250         5.000       3.750      SLICE_X34Y82  aes_i/AES_En_De_0/inst/control_s_axi_U/int_key/mem_reg_0_3_10_10/DP/CLK
Low Pulse Width   Fast    RAMD32/CLK          n/a            1.250         5.000       3.750      SLICE_X34Y82  aes_i/AES_En_De_0/inst/control_s_axi_U/int_key/mem_reg_0_3_10_10/DP/CLK
Low Pulse Width   Slow    RAMD32/CLK          n/a            1.250         5.000       3.750      SLICE_X34Y82  aes_i/AES_En_De_0/inst/control_s_axi_U/int_key/mem_reg_0_3_10_10/SP/CLK
Low Pulse Width   Fast    RAMD32/CLK          n/a            1.250         5.000       3.750      SLICE_X34Y82  aes_i/AES_En_De_0/inst/control_s_axi_U/int_key/mem_reg_0_3_10_10/SP/CLK
Low Pulse Width   Slow    RAMD32/CLK          n/a            1.250         5.000       3.750      SLICE_X34Y82  aes_i/AES_En_De_0/inst/control_s_axi_U/int_key/mem_reg_0_3_11_11/DP/CLK
Low Pulse Width   Fast    RAMD32/CLK          n/a            1.250         5.000       3.750      SLICE_X34Y82  aes_i/AES_En_De_0/inst/control_s_axi_U/int_key/mem_reg_0_3_11_11/DP/CLK
High Pulse Width  Slow    RAMD32/CLK          n/a            1.250         5.000       3.750      SLICE_X30Y84  aes_i/AES_En_De_0/inst/control_s_axi_U/int_key/mem_reg_0_3_0_0/DP/CLK
High Pulse Width  Fast    RAMD32/CLK          n/a            1.250         5.000       3.750      SLICE_X30Y84  aes_i/AES_En_De_0/inst/control_s_axi_U/int_key/mem_reg_0_3_0_0/DP/CLK
High Pulse Width  Slow    RAMD32/CLK          n/a            1.250         5.000       3.750      SLICE_X30Y84  aes_i/AES_En_De_0/inst/control_s_axi_U/int_key/mem_reg_0_3_0_0/SP/CLK
High Pulse Width  Fast    RAMD32/CLK          n/a            1.250         5.000       3.750      SLICE_X30Y84  aes_i/AES_En_De_0/inst/control_s_axi_U/int_key/mem_reg_0_3_0_0/SP/CLK
High Pulse Width  Slow    RAMD32/CLK          n/a            1.250         5.000       3.750      SLICE_X34Y82  aes_i/AES_En_De_0/inst/control_s_axi_U/int_key/mem_reg_0_3_10_10/DP/CLK
High Pulse Width  Fast    RAMD32/CLK          n/a            1.250         5.000       3.750      SLICE_X34Y82  aes_i/AES_En_De_0/inst/control_s_axi_U/int_key/mem_reg_0_3_10_10/DP/CLK
High Pulse Width  Slow    RAMD32/CLK          n/a            1.250         5.000       3.750      SLICE_X34Y82  aes_i/AES_En_De_0/inst/control_s_axi_U/int_key/mem_reg_0_3_10_10/SP/CLK
High Pulse Width  Fast    RAMD32/CLK          n/a            1.250         5.000       3.750      SLICE_X34Y82  aes_i/AES_En_De_0/inst/control_s_axi_U/int_key/mem_reg_0_3_10_10/SP/CLK
High Pulse Width  Slow    RAMD32/CLK          n/a            1.250         5.000       3.750      SLICE_X34Y82  aes_i/AES_En_De_0/inst/control_s_axi_U/int_key/mem_reg_0_3_11_11/DP/CLK
High Pulse Width  Fast    RAMD32/CLK          n/a            1.250         5.000       3.750      SLICE_X34Y82  aes_i/AES_En_De_0/inst/control_s_axi_U/int_key/mem_reg_0_3_11_11/DP/CLK



---------------------------------------------------------------------------------------------------
Path Group:  **async_default**
From Clock:  clk_fpga_0
  To Clock:  clk_fpga_0

Setup :            0  Failing Endpoints,  Worst Slack        6.288ns,  Total Violation        0.000ns
Hold  :            0  Failing Endpoints,  Worst Slack        0.503ns,  Total Violation        0.000ns
---------------------------------------------------------------------------------------------------


Max Delay Paths
--------------------------------------------------------------------------------------
Slack (MET) :             6.288ns  (required time - arrival time)
  Source:                 aes_wrapper/aes/aes_axi_interconnect_1_0/s00_couplers_imp_B4JP64/aes_axi_interconnect_1_imp_auto_ds_0/aes_axi_interconnect_1_imp_auto_ds_0_axi_dwidth_converter_v2_1_37_top/aes_axi_interconnect_1_imp_auto_ds_0_axi_dwidth_converter_v2_1_37_axi_downsizer/aes_axi_interconnect_1_imp_auto_ds_0_axi_dwidth_converter_v2_1_37_a_downsizer/aes_axi_interconnect_1_imp_auto_ds_0_axi_data_fifo_v2_1_36_axic_fifo__parameterized0/aes_axi_interconnect_1_imp_auto_ds_0_axi_data_fifo_v2_1_36_fifo_gen__parameterized0/<hidden>/<hidden>/<hidden>/<hidden>/<hidden>/<hidden>
                            (rising edge-triggered cell FDPE clocked by clk_fpga_0  {rise@0.000ns fall@5.000ns period=10.000ns})
  Destination:            aes_wrapper/aes/aes_axi_interconnect_1_0/s00_couplers_imp_B4JP64/aes_axi_interconnect_1_imp_auto_ds_0/aes_axi_interconnect_1_imp_auto_ds_0_axi_dwidth_converter_v2_1_37_top/aes_axi_interconnect_1_imp_auto_ds_0_axi_dwidth_converter_v2_1_37_axi_downsizer/aes_axi_interconnect_1_imp_auto_ds_0_axi_dwidth_converter_v2_1_37_a_downsizer/aes_axi_interconnect_1_imp_auto_ds_0_axi_data_fifo_v2_1_36_axic_fifo__parameterized0/aes_axi_interconnect_1_imp_auto_ds_0_axi_data_fifo_v2_1_36_fifo_gen__parameterized0/<hidden>/<hidden>/<hidden>/<hidden>/<hidden>/<hidden>
                            (recovery check against rising-edge clock clk_fpga_0  {rise@0.000ns fall@5.000ns period=10.000ns})
  Path Group:             **async_default**
  Path Type:              Recovery (Max at Slow Process Corner)
  Requirement:            10.000ns  (clk_fpga_0 rise@10.000ns - clk_fpga_0 rise@0.000ns)
  Data Path Delay:        3.127ns  (logic 0.718ns (22.958%)  route 2.409ns (77.042%))
  Logic Levels:           1  (LUT3=1)
  Clock Path Skew:        -0.025ns (DCD - SCD + CPR)
    Destination Clock Delay (DCD):    2.702ns = ( 12.702 - 10.000 ) 
    Source Clock Delay      (SCD):    2.992ns
    Clock Pessimism Removal (CPR):    0.265ns
  Clock Uncertainty:      0.154ns  ((TSJ^2 + TIJ^2)^1/2 + DJ) / 2 + PE
    Total System Jitter     (TSJ):    0.071ns
    Total Input Jitter      (TIJ):    0.300ns
    Discrete Jitter          (DJ):    0.000ns
    Phase Error              (PE):    0.000ns

    Location             Delay type                Incr(ns)  Path(ns)    Netlist Resource(s)
  -------------------------------------------------------------------    -------------------
                         (clock clk_fpga_0 rise edge)
                                                      0.000     0.000 r  
    PS7_X0Y0             PS7                          0.000     0.000 r  aes_i/processing_system7_0/inst/PS7_i/FCLKCLK[0]
                         net (fo=1, routed)           1.193     1.193    aes_i/processing_system7_0/inst/FCLK_CLK_unbuffered[0]
    BUFGCTRL_X0Y16       BUFG (Prop_bufg_I_O)         0.101     1.294 r  aes_i/processing_system7_0/inst/buffer_fclk_clk_0.FCLK_CLK_0_BUFG/O
                         net (fo=17798, routed)       1.698     2.992    aes_wrapper/aes/aes_axi_interconnect_1_0/s00_couplers_imp_B4JP64/aes_axi_interconnect_1_imp_auto_ds_0/aes_axi_interconnect_1_imp_auto_ds_0_axi_dwidth_converter_v2_1_37_top/aes_axi_interconnect_1_imp_auto_ds_0_axi_dwidth_converter_v2_1_37_axi_downsizer/aes_axi_interconnect_1_imp_auto_ds_0_axi_dwidth_converter_v2_1_37_a_downsizer/aes_axi_interconnect_1_imp_auto_ds_0_axi_data_fifo_v2_1_36_axic_fifo__parameterized0/aes_axi_interconnect_1_imp_auto_ds_0_axi_data_fifo_v2_1_36_fifo_gen__parameterized0/<hidden>/<hidden>/<hidden>/<hidden>/<hidden>/<hidden>
    SLICE_X56Y78         FDPE                                         r  aes_wrapper/aes/aes_axi_interconnect_1_0/s00_couplers_imp_B4JP64/aes_axi_interconnect_1_imp_auto_ds_0/aes_axi_interconnect_1_imp_auto_ds_0_axi_dwidth_converter_v2_1_37_top/aes_axi_interconnect_1_imp_auto_ds_0_axi_dwidth_converter_v2_1_37_axi_downsizer/aes_axi_interconnect_1_imp_auto_ds_0_axi_dwidth_converter_v2_1_37_a_downsizer/aes_axi_interconnect_1_imp_auto_ds_0_axi_data_fifo_v2_1_36_axic_fifo__parameterized0/aes_axi_interconnect_1_imp_auto_ds_0_axi_data_fifo_v2_1_36_fifo_gen__parameterized0/<hidden>/<hidden>/<hidden>/<hidden>/<hidden>/<hidden>
  -------------------------------------------------------------------    -------------------
    SLICE_X56Y78         FDPE (Prop_fdpe_C_Q)         0.419     3.411 f  aes_wrapper/aes/aes_axi_interconnect_1_0/s00_couplers_imp_B4JP64/aes_axi_interconnect_1_imp_auto_ds_0/aes_axi_interconnect_1_imp_auto_ds_0_axi_dwidth_converter_v2_1_37_top/aes_axi_interconnect_1_imp_auto_ds_0_axi_dwidth_converter_v2_1_37_axi_downsizer/aes_axi_interconnect_1_imp_auto_ds_0_axi_dwidth_converter_v2_1_37_a_downsizer/aes_axi_interconnect_1_imp_auto_ds_0_axi_data_fifo_v2_1_36_axic_fifo__parameterized0/aes_axi_interconnect_1_imp_auto_ds_0_axi_data_fifo_v2_1_36_fifo_gen__parameterized0/<hidden>/<hidden>/<hidden>/<hidden>/<hidden>/<hidden>
                         net (fo=3, routed)           0.871     4.282    aes_wrapper/aes/aes_axi_interconnect_1_0/s00_couplers_imp_B4JP64/aes_axi_interconnect_1_imp_auto_ds_0/aes_axi_interconnect_1_imp_auto_ds_0_axi_dwidth_converter_v2_1_37_top/aes_axi_interconnect_1_imp_auto_ds_0_axi_dwidth_converter_v2_1_37_axi_downsizer/aes_axi_interconnect_1_imp_auto_ds_0_axi_dwidth_converter_v2_1_37_a_downsizer/aes_axi_interconnect_1_imp_auto_ds_0_axi_data_fifo_v2_1_36_axic_fifo__parameterized0/aes_axi_interconnect_1_imp_auto_ds_0_axi_data_fifo_v2_1_36_fifo_gen__parameterized0/<hidden>/<hidden>/<hidden>/<hidden>/<hidden>
    SLICE_X56Y78         LUT3 (Prop_lut3_I2_O)        0.299     4.581 f  aes_wrapper/aes/aes_axi_interconnect_1_0/s00_couplers_imp_B4JP64/aes_axi_interconnect_1_imp_auto_ds_0/aes_axi_interconnect_1_imp_auto_ds_0_axi_dwidth_converter_v2_1_37_top/aes_axi_interconnect_1_imp_auto_ds_0_axi_dwidth_converter_v2_1_37_axi_downsizer/aes_axi_interconnect_1_imp_auto_ds_0_axi_dwidth_converter_v2_1_37_a_downsizer/aes_axi_interconnect_1_imp_auto_ds_0_axi_data_fifo_v2_1_36_axic_fifo__parameterized0/aes_axi_interconnect_1_imp_auto_ds_0_axi_data_fifo_v2_1_36_fifo_gen__parameterized0/<hidden>/<hidden>/<hidden>/<hidden>/<hidden>
                         net (fo=32, routed)          1.538     6.119    aes_wrapper/aes/aes_axi_interconnect_1_0/s00_couplers_imp_B4JP64/aes_axi_interconnect_1_imp_auto_ds_0/aes_axi_interconnect_1_imp_auto_ds_0_axi_dwidth_converter_v2_1_37_top/aes_axi_interconnect_1_imp_auto_ds_0_axi_dwidth_converter_v2_1_37_axi_downsizer/aes_axi_interconnect_1_imp_auto_ds_0_axi_dwidth_converter_v2_1_37_a_downsizer/aes_axi_interconnect_1_imp_auto_ds_0_axi_data_fifo_v2_1_36_axic_fifo__parameterized0/aes_axi_interconnect_1_imp_auto_ds_0_axi_data_fifo_v2_1_36_fifo_gen__parameterized0/<hidden>/<hidden>/<hidden>/<hidden>/<hidden>/<hidden>
    SLICE_X56Y77         FDCE                                         f  aes_wrapper/aes/aes_axi_interconnect_1_0/s00_couplers_imp_B4JP64/aes_axi_interconnect_1_imp_auto_ds_0/aes_axi_interconnect_1_imp_auto_ds_0_axi_dwidth_converter_v2_1_37_top/aes_axi_interconnect_1_imp_auto_ds_0_axi_dwidth_converter_v2_1_37_axi_downsizer/aes_axi_interconnect_1_imp_auto_ds_0_axi_dwidth_converter_v2_1_37_a_downsizer/aes_axi_interconnect_1_imp_auto_ds_0_axi_data_fifo_v2_1_36_axic_fifo__parameterized0/aes_axi_interconnect_1_imp_auto_ds_0_axi_data_fifo_v2_1_36_fifo_gen__parameterized0/<hidden>/<hidden>/<hidden>/<hidden>/<hidden>/<hidden>
  -------------------------------------------------------------------    -------------------

                         (clock clk_fpga_0 rise edge)
                                                     10.000    10.000 r  
    PS7_X0Y0             PS7                          0.000    10.000 r  aes_i/processing_system7_0/inst/PS7_i/FCLKCLK[0]
                         net (fo=1, routed)           1.088    11.088    aes_i/processing_system7_0/inst/FCLK_CLK_unbuffered[0]
    BUFGCTRL_X0Y16       BUFG (Prop_bufg_I_O)         0.091    11.179 r  aes_i/processing_system7_0/inst/buffer_fclk_clk_0.FCLK_CLK_0_BUFG/O
                         net (fo=17798, routed)       1.523    12.702    aes_wrapper/aes/aes_axi_interconnect_1_0/s00_couplers_imp_B4JP64/aes_axi_interconnect_1_imp_auto_ds_0/aes_axi_interconnect_1_imp_auto_ds_0_axi_dwidth_converter_v2_1_37_top/aes_axi_interconnect_1_imp_auto_ds_0_axi_dwidth_converter_v2_1_37_axi_downsizer/aes_axi_interconnect_1_imp_auto_ds_0_axi_dwidth_converter_v2_1_37_a_downsizer/aes_axi_interconnect_1_imp_auto_ds_0_axi_data_fifo_v2_1_36_axic_fifo__parameterized0/aes_axi_interconnect_1_imp_auto_ds_0_axi_data_fifo_v2_1_36_fifo_gen__parameterized0/<hidden>/<hidden>/<hidden>/<hidden>/<hidden>/<hidden>
    SLICE_X56Y77         FDCE                                         r  aes_wrapper/aes/aes_axi_interconnect_1_0/s00_couplers_imp_B4JP64/aes_axi_interconnect_1_imp_auto_ds_0/aes_axi_interconnect_1_imp_auto_ds_0_axi_dwidth_converter_v2_1_37_top/aes_axi_interconnect_1_imp_auto_ds_0_axi_dwidth_converter_v2_1_37_axi_downsizer/aes_axi_interconnect_1_imp_auto_ds_0_axi_dwidth_converter_v2_1_37_a_downsizer/aes_axi_interconnect_1_imp_auto_ds_0_axi_data_fifo_v2_1_36_axic_fifo__parameterized0/aes_axi_interconnect_1_imp_auto_ds_0_axi_data_fifo_v2_1_36_fifo_gen__parameterized0/<hidden>/<hidden>/<hidden>/<hidden>/<hidden>/<hidden>
                         clock pessimism              0.265    12.967    
                         clock uncertainty           -0.154    12.813    
    SLICE_X56Y77         FDCE (Recov_fdce_C_CLR)     -0.405    12.408    aes_wrapper/aes/aes_axi_interconnect_1_0/s00_couplers_imp_B4JP64/aes_axi_interconnect_1_imp_auto_ds_0/aes_axi_interconnect_1_imp_auto_ds_0_axi_dwidth_converter_v2_1_37_top/aes_axi_interconnect_1_imp_auto_ds_0_axi_dwidth_converter_v2_1_37_axi_downsizer/aes_axi_interconnect_1_imp_auto_ds_0_axi_dwidth_converter_v2_1_37_a_downsizer/aes_axi_interconnect_1_imp_auto_ds_0_axi_data_fifo_v2_1_36_axic_fifo__parameterized0/aes_axi_interconnect_1_imp_auto_ds_0_axi_data_fifo_v2_1_36_fifo_gen__parameterized0/<hidden>/<hidden>/<hidden>/<hidden>/<hidden>/<hidden>
  -------------------------------------------------------------------
                         required time                         12.408    
                         arrival time                          -6.119    
  -------------------------------------------------------------------
                         slack                                  6.288    

Slack (MET) :             6.288ns  (required time - arrival time)
  Source:                 aes_wrapper/aes/aes_axi_interconnect_1_0/s00_couplers_imp_B4JP64/aes_axi_interconnect_1_imp_auto_ds_0/aes_axi_interconnect_1_imp_auto_ds_0_axi_dwidth_converter_v2_1_37_top/aes_axi_interconnect_1_imp_auto_ds_0_axi_dwidth_converter_v2_1_37_axi_downsizer/aes_axi_interconnect_1_imp_auto_ds_0_axi_dwidth_converter_v2_1_37_a_downsizer/aes_axi_interconnect_1_imp_auto_ds_0_axi_data_fifo_v2_1_36_axic_fifo__parameterized0/aes_axi_interconnect_1_imp_auto_ds_0_axi_data_fifo_v2_1_36_fifo_gen__parameterized0/<hidden>/<hidden>/<hidden>/<hidden>/<hidden>/<hidden>
                            (rising edge-triggered cell FDPE clocked by clk_fpga_0  {rise@0.000ns fall@5.000ns period=10.000ns})
  Destination:            aes_wrapper/aes/aes_axi_interconnect_1_0/s00_couplers_imp_B4JP64/aes_axi_interconnect_1_imp_auto_ds_0/aes_axi_interconnect_1_imp_auto_ds_0_axi_dwidth_converter_v2_1_37_top/aes_axi_interconnect_1_imp_auto_ds_0_axi_dwidth_converter_v2_1_37_axi_downsizer/aes_axi_interconnect_1_imp_auto_ds_0_axi_dwidth_converter_v2_1_37_a_downsizer/aes_axi_interconnect_1_imp_auto_ds_0_axi_data_fifo_v2_1_36_axic_fifo__parameterized0/aes_axi_interconnect_1_imp_auto_ds_0_axi_data_fifo_v2_1_36_fifo_gen__parameterized0/<hidden>/<hidden>/<hidden>/<hidden>/<hidden>/<hidden>
                            (recovery check against rising-edge clock clk_fpga_0  {rise@0.000ns fall@5.000ns period=10.000ns})
  Path Group:             **async_default**
  Path Type:              Recovery (Max at Slow Process Corner)
  Requirement:            10.000ns  (clk_fpga_0 rise@10.000ns - clk_fpga_0 rise@0.000ns)
  Data Path Delay:        3.127ns  (logic 0.718ns (22.958%)  route 2.409ns (77.042%))
  Logic Levels:           1  (LUT3=1)
  Clock Path Skew:        -0.025ns (DCD - SCD + CPR)
    Destination Clock Delay (DCD):    2.702ns = ( 12.702 - 10.000 ) 
    Source Clock Delay      (SCD):    2.992ns
    Clock Pessimism Removal (CPR):    0.265ns
  Clock Uncertainty:      0.154ns  ((TSJ^2 + TIJ^2)^1/2 + DJ) / 2 + PE
    Total System Jitter     (TSJ):    0.071ns
    Total Input Jitter      (TIJ):    0.300ns
    Discrete Jitter          (DJ):    0.000ns
    Phase Error              (PE):    0.000ns

    Location             Delay type                Incr(ns)  Path(ns)    Netlist Resource(s)
  -------------------------------------------------------------------    -------------------
                         (clock clk_fpga_0 rise edge)
                                                      0.000     0.000 r  
    PS7_X0Y0             PS7                          0.000     0.000 r  aes_i/processing_system7_0/inst/PS7_i/FCLKCLK[0]
                         net (fo=1, routed)           1.193     1.193    aes_i/processing_system7_0/inst/FCLK_CLK_unbuffered[0]
    BUFGCTRL_X0Y16       BUFG (Prop_bufg_I_O)         0.101     1.294 r  aes_i/processing_system7_0/inst/buffer_fclk_clk_0.FCLK_CLK_0_BUFG/O
                         net (fo=17798, routed)       1.698     2.992    aes_wrapper/aes/aes_axi_interconnect_1_0/s00_couplers_imp_B4JP64/aes_axi_interconnect_1_imp_auto_ds_0/aes_axi_interconnect_1_imp_auto_ds_0_axi_dwidth_converter_v2_1_37_top/aes_axi_interconnect_1_imp_auto_ds_0_axi_dwidth_converter_v2_1_37_axi_downsizer/aes_axi_interconnect_1_imp_auto_ds_0_axi_dwidth_converter_v2_1_37_a_downsizer/aes_axi_interconnect_1_imp_auto_ds_0_axi_data_fifo_v2_1_36_axic_fifo__parameterized0/aes_axi_interconnect_1_imp_auto_ds_0_axi_data_fifo_v2_1_36_fifo_gen__parameterized0/<hidden>/<hidden>/<hidden>/<hidden>/<hidden>/<hidden>
    SLICE_X56Y78         FDPE                                         r  aes_wrapper/aes/aes_axi_interconnect_1_0/s00_couplers_imp_B4JP64/aes_axi_interconnect_1_imp_auto_ds_0/aes_axi_interconnect_1_imp_auto_ds_0_axi_dwidth_converter_v2_1_37_top/aes_axi_interconnect_1_imp_auto_ds_0_axi_dwidth_converter_v2_1_37_axi_downsizer/aes_axi_interconnect_1_imp_auto_ds_0_axi_dwidth_converter_v2_1_37_a_downsizer/aes_axi_interconnect_1_imp_auto_ds_0_axi_data_fifo_v2_1_36_axic_fifo__parameterized0/aes_axi_interconnect_1_imp_auto_ds_0_axi_data_fifo_v2_1_36_fifo_gen__parameterized0/<hidden>/<hidden>/<hidden>/<hidden>/<hidden>/<hidden>
  -------------------------------------------------------------------    -------------------
    SLICE_X56Y78         FDPE (Prop_fdpe_C_Q)         0.419     3.411 f  aes_wrapper/aes/aes_axi_interconnect_1_0/s00_couplers_imp_B4JP64/aes_axi_interconnect_1_imp_auto_ds_0/aes_axi_interconnect_1_imp_auto_ds_0_axi_dwidth_converter_v2_1_37_top/aes_axi_interconnect_1_imp_auto_ds_0_axi_dwidth_converter_v2_1_37_axi_downsizer/aes_axi_interconnect_1_imp_auto_ds_0_axi_dwidth_converter_v2_1_37_a_downsizer/aes_axi_interconnect_1_imp_auto_ds_0_axi_data_fifo_v2_1_36_axic_fifo__parameterized0/aes_axi_interconnect_1_imp_auto_ds_0_axi_data_fifo_v2_1_36_fifo_gen__parameterized0/<hidden>/<hidden>/<hidden>/<hidden>/<hidden>/<hidden>
                         net (fo=3, routed)           0.871     4.282    aes_wrapper/aes/aes_axi_interconnect_1_0/s00_couplers_imp_B4JP64/aes_axi_interconnect_1_imp_auto_ds_0/aes_axi_interconnect_1_imp_auto_ds_0_axi_dwidth_converter_v2_1_37_top/aes_axi_interconnect_1_imp_auto_ds_0_axi_dwidth_converter_v2_1_37_axi_downsizer/aes_axi_interconnect_1_imp_auto_ds_0_axi_dwidth_converter_v2_1_37_a_downsizer/aes_axi_interconnect_1_imp_auto_ds_0_axi_data_fifo_v2_1_36_axic_fifo__parameterized0/aes_axi_interconnect_1_imp_auto_ds_0_axi_data_fifo_v2_1_36_fifo_gen__parameterized0/<hidden>/<hidden>/<hidden>/<hidden>/<hidden>
    SLICE_X56Y78         LUT3 (Prop_lut3_I2_O)        0.299     4.581 f  aes_wrapper/aes/aes_axi_interconnect_1_0/s00_couplers_imp_B4JP64/aes_axi_interconnect_1_imp_auto_ds_0/aes_axi_interconnect_1_imp_auto_ds_0_axi_dwidth_converter_v2_1_37_top/aes_axi_interconnect_1_imp_auto_ds_0_axi_dwidth_converter_v2_1_37_axi_downsizer/aes_axi_interconnect_1_imp_auto_ds_0_axi_dwidth_converter_v2_1_37_a_downsizer/aes_axi_interconnect_1_imp_auto_ds_0_axi_data_fifo_v2_1_36_axic_fifo__parameterized0/aes_axi_interconnect_1_imp_auto_ds_0_axi_data_fifo_v2_1_36_fifo_gen__parameterized0/<hidden>/<hidden>/<hidden>/<hidden>/<hidden>
                         net (fo=32, routed)          1.538     6.119    aes_wrapper/aes/aes_axi_interconnect_1_0/s00_couplers_imp_B4JP64/aes_axi_interconnect_1_imp_auto_ds_0/aes_axi_interconnect_1_imp_auto_ds_0_axi_dwidth_converter_v2_1_37_top/aes_axi_interconnect_1_imp_auto_ds_0_axi_dwidth_converter_v2_1_37_axi_downsizer/aes_axi_interconnect_1_imp_auto_ds_0_axi_dwidth_converter_v2_1_37_a_downsizer/aes_axi_interconnect_1_imp_auto_ds_0_axi_data_fifo_v2_1_36_axic_fifo__parameterized0/aes_axi_interconnect_1_imp_auto_ds_0_axi_data_fifo_v2_1_36_fifo_gen__parameterized0/<hidden>/<hidden>/<hidden>/<hidden>/<hidden>/<hidden>
    SLICE_X56Y77         FDCE                                         f  aes_wrapper/aes/aes_axi_interconnect_1_0/s00_couplers_imp_B4JP64/aes_axi_interconnect_1_imp_auto_ds_0/aes_axi_interconnect_1_imp_auto_ds_0_axi_dwidth_converter_v2_1_37_top/aes_axi_interconnect_1_imp_auto_ds_0_axi_dwidth_converter_v2_1_37_axi_downsizer/aes_axi_interconnect_1_imp_auto_ds_0_axi_dwidth_converter_v2_1_37_a_downsizer/aes_axi_interconnect_1_imp_auto_ds_0_axi_data_fifo_v2_1_36_axic_fifo__parameterized0/aes_axi_interconnect_1_imp_auto_ds_0_axi_data_fifo_v2_1_36_fifo_gen__parameterized0/<hidden>/<hidden>/<hidden>/<hidden>/<hidden>/<hidden>
  -------------------------------------------------------------------    -------------------

                         (clock clk_fpga_0 rise edge)
                                                     10.000    10.000 r  
    PS7_X0Y0             PS7                          0.000    10.000 r  aes_i/processing_system7_0/inst/PS7_i/FCLKCLK[0]
                         net (fo=1, routed)           1.088    11.088    aes_i/processing_system7_0/inst/FCLK_CLK_unbuffered[0]
    BUFGCTRL_X0Y16       BUFG (Prop_bufg_I_O)         0.091    11.179 r  aes_i/processing_system7_0/inst/buffer_fclk_clk_0.FCLK_CLK_0_BUFG/O
                         net (fo=17798, routed)       1.523    12.702    aes_wrapper/aes/aes_axi_interconnect_1_0/s00_couplers_imp_B4JP64/aes_axi_interconnect_1_imp_auto_ds_0/aes_axi_interconnect_1_imp_auto_ds_0_axi_dwidth_converter_v2_1_37_top/aes_axi_interconnect_1_imp_auto_ds_0_axi_dwidth_converter_v2_1_37_axi_downsizer/aes_axi_interconnect_1_imp_auto_ds_0_axi_dwidth_converter_v2_1_37_a_downsizer/aes_axi_interconnect_1_imp_auto_ds_0_axi_data_fifo_v2_1_36_axic_fifo__parameterized0/aes_axi_interconnect_1_imp_auto_ds_0_axi_data_fifo_v2_1_36_fifo_gen__parameterized0/<hidden>/<hidden>/<hidden>/<hidden>/<hidden>/<hidden>
    SLICE_X56Y77         FDCE                                         r  aes_wrapper/aes/aes_axi_interconnect_1_0/s00_couplers_imp_B4JP64/aes_axi_interconnect_1_imp_auto_ds_0/aes_axi_interconnect_1_imp_auto_ds_0_axi_dwidth_converter_v2_1_37_top/aes_axi_interconnect_1_imp_auto_ds_0_axi_dwidth_converter_v2_1_37_axi_downsizer/aes_axi_interconnect_1_imp_auto_ds_0_axi_dwidth_converter_v2_1_37_a_downsizer/aes_axi_interconnect_1_imp_auto_ds_0_axi_data_fifo_v2_1_36_axic_fifo__parameterized0/aes_axi_interconnect_1_imp_auto_ds_0_axi_data_fifo_v2_1_36_fifo_gen__parameterized0/<hidden>/<hidden>/<hidden>/<hidden>/<hidden>/<hidden>
                         clock pessimism              0.265    12.967    
                         clock uncertainty           -0.154    12.813    
    SLICE_X56Y77         FDCE (Recov_fdce_C_CLR)     -0.405    12.408    aes_wrapper/aes/aes_axi_interconnect_1_0/s00_couplers_imp_B4JP64/aes_axi_interconnect_1_imp_auto_ds_0/aes_axi_interconnect_1_imp_auto_ds_0_axi_dwidth_converter_v2_1_37_top/aes_axi_interconnect_1_imp_auto_ds_0_axi_dwidth_converter_v2_1_37_axi_downsizer/aes_axi_interconnect_1_imp_auto_ds_0_axi_dwidth_converter_v2_1_37_a_downsizer/aes_axi_interconnect_1_imp_auto_ds_0_axi_data_fifo_v2_1_36_axic_fifo__parameterized0/aes_axi_interconnect_1_imp_auto_ds_0_axi_data_fifo_v2_1_36_fifo_gen__parameterized0/<hidden>/<hidden>/<hidden>/<hidden>/<hidden>/<hidden>
  -------------------------------------------------------------------
                         required time                         12.408    
                         arrival time                          -6.119    
  -------------------------------------------------------------------
                         slack                                  6.288    

Slack (MET) :             6.288ns  (required time - arrival time)
  Source:                 aes_wrapper/aes/aes_axi_interconnect_1_0/s00_couplers_imp_B4JP64/aes_axi_interconnect_1_imp_auto_ds_0/aes_axi_interconnect_1_imp_auto_ds_0_axi_dwidth_converter_v2_1_37_top/aes_axi_interconnect_1_imp_auto_ds_0_axi_dwidth_converter_v2_1_37_axi_downsizer/aes_axi_interconnect_1_imp_auto_ds_0_axi_dwidth_converter_v2_1_37_a_downsizer/aes_axi_interconnect_1_imp_auto_ds_0_axi_data_fifo_v2_1_36_axic_fifo__parameterized0/aes_axi_interconnect_1_imp_auto_ds_0_axi_data_fifo_v2_1_36_fifo_gen__parameterized0/<hidden>/<hidden>/<hidden>/<hidden>/<hidden>/<hidden>
                            (rising edge-triggered cell FDPE clocked by clk_fpga_0  {rise@0.000ns fall@5.000ns period=10.000ns})
  Destination:            aes_wrapper/aes/aes_axi_interconnect_1_0/s00_couplers_imp_B4JP64/aes_axi_interconnect_1_imp_auto_ds_0/aes_axi_interconnect_1_imp_auto_ds_0_axi_dwidth_converter_v2_1_37_top/aes_axi_interconnect_1_imp_auto_ds_0_axi_dwidth_converter_v2_1_37_axi_downsizer/aes_axi_interconnect_1_imp_auto_ds_0_axi_dwidth_converter_v2_1_37_a_downsizer/aes_axi_interconnect_1_imp_auto_ds_0_axi_data_fifo_v2_1_36_axic_fifo__parameterized0/aes_axi_interconnect_1_imp_auto_ds_0_axi_data_fifo_v2_1_36_fifo_gen__parameterized0/<hidden>/<hidden>/<hidden>/<hidden>/<hidden>/<hidden>
                            (recovery check against rising-edge clock clk_fpga_0  {rise@0.000ns fall@5.000ns period=10.000ns})
  Path Group:             **async_default**
  Path Type:              Recovery (Max at Slow Process Corner)
  Requirement:            10.000ns  (clk_fpga_0 rise@10.000ns - clk_fpga_0 rise@0.000ns)
  Data Path Delay:        3.127ns  (logic 0.718ns (22.958%)  route 2.409ns (77.042%))
  Logic Levels:           1  (LUT3=1)
  Clock Path Skew:        -0.025ns (DCD - SCD + CPR)
    Destination Clock Delay (DCD):    2.702ns = ( 12.702 - 10.000 ) 
    Source Clock Delay      (SCD):    2.992ns
    Clock Pessimism Removal (CPR):    0.265ns
  Clock Uncertainty:      0.154ns  ((TSJ^2 + TIJ^2)^1/2 + DJ) / 2 + PE
    Total System Jitter     (TSJ):    0.071ns
    Total Input Jitter      (TIJ):    0.300ns
    Discrete Jitter          (DJ):    0.000ns
    Phase Error              (PE):    0.000ns

    Location             Delay type                Incr(ns)  Path(ns)    Netlist Resource(s)
  -------------------------------------------------------------------    -------------------
                         (clock clk_fpga_0 rise edge)
                                                      0.000     0.000 r  
    PS7_X0Y0             PS7                          0.000     0.000 r  aes_i/processing_system7_0/inst/PS7_i/FCLKCLK[0]
                         net (fo=1, routed)           1.193     1.193    aes_i/processing_system7_0/inst/FCLK_CLK_unbuffered[0]
    BUFGCTRL_X0Y16       BUFG (Prop_bufg_I_O)         0.101     1.294 r  aes_i/processing_system7_0/inst/buffer_fclk_clk_0.FCLK_CLK_0_BUFG/O
                         net (fo=17798, routed)       1.698     2.992    aes_wrapper/aes/aes_axi_interconnect_1_0/s00_couplers_imp_B4JP64/aes_axi_interconnect_1_imp_auto_ds_0/aes_axi_interconnect_1_imp_auto_ds_0_axi_dwidth_converter_v2_1_37_top/aes_axi_interconnect_1_imp_auto_ds_0_axi_dwidth_converter_v2_1_37_axi_downsizer/aes_axi_interconnect_1_imp_auto_ds_0_axi_dwidth_converter_v2_1_37_a_downsizer/aes_axi_interconnect_1_imp_auto_ds_0_axi_data_fifo_v2_1_36_axic_fifo__parameterized0/aes_axi_interconnect_1_imp_auto_ds_0_axi_data_fifo_v2_1_36_fifo_gen__parameterized0/<hidden>/<hidden>/<hidden>/<hidden>/<hidden>/<hidden>
    SLICE_X56Y78         FDPE                                         r  aes_wrapper/aes/aes_axi_interconnect_1_0/s00_couplers_imp_B4JP64/aes_axi_interconnect_1_imp_auto_ds_0/aes_axi_interconnect_1_imp_auto_ds_0_axi_dwidth_converter_v2_1_37_top/aes_axi_interconnect_1_imp_auto_ds_0_axi_dwidth_converter_v2_1_37_axi_downsizer/aes_axi_interconnect_1_imp_auto_ds_0_axi_dwidth_converter_v2_1_37_a_downsizer/aes_axi_interconnect_1_imp_auto_ds_0_axi_data_fifo_v2_1_36_axic_fifo__parameterized0/aes_axi_interconnect_1_imp_auto_ds_0_axi_data_fifo_v2_1_36_fifo_gen__parameterized0/<hidden>/<hidden>/<hidden>/<hidden>/<hidden>/<hidden>
  -------------------------------------------------------------------    -------------------
    SLICE_X56Y78         FDPE (Prop_fdpe_C_Q)         0.419     3.411 f  aes_wrapper/aes/aes_axi_interconnect_1_0/s00_couplers_imp_B4JP64/aes_axi_interconnect_1_imp_auto_ds_0/aes_axi_interconnect_1_imp_auto_ds_0_axi_dwidth_converter_v2_1_37_top/aes_axi_interconnect_1_imp_auto_ds_0_axi_dwidth_converter_v2_1_37_axi_downsizer/aes_axi_interconnect_1_imp_auto_ds_0_axi_dwidth_converter_v2_1_37_a_downsizer/aes_axi_interconnect_1_imp_auto_ds_0_axi_data_fifo_v2_1_36_axic_fifo__parameterized0/aes_axi_interconnect_1_imp_auto_ds_0_axi_data_fifo_v2_1_36_fifo_gen__parameterized0/<hidden>/<hidden>/<hidden>/<hidden>/<hidden>/<hidden>
                         net (fo=3, routed)           0.871     4.282    aes_wrapper/aes/aes_axi_interconnect_1_0/s00_couplers_imp_B4JP64/aes_axi_interconnect_1_imp_auto_ds_0/aes_axi_interconnect_1_imp_auto_ds_0_axi_dwidth_converter_v2_1_37_top/aes_axi_interconnect_1_imp_auto_ds_0_axi_dwidth_converter_v2_1_37_axi_downsizer/aes_axi_interconnect_1_imp_auto_ds_0_axi_dwidth_converter_v2_1_37_a_downsizer/aes_axi_interconnect_1_imp_auto_ds_0_axi_data_fifo_v2_1_36_axic_fifo__parameterized0/aes_axi_interconnect_1_imp_auto_ds_0_axi_data_fifo_v2_1_36_fifo_gen__parameterized0/<hidden>/<hidden>/<hidden>/<hidden>/<hidden>
    SLICE_X56Y78         LUT3 (Prop_lut3_I2_O)        0.299     4.581 f  aes_wrapper/aes/aes_axi_interconnect_1_0/s00_couplers_imp_B4JP64/aes_axi_interconnect_1_imp_auto_ds_0/aes_axi_interconnect_1_imp_auto_ds_0_axi_dwidth_converter_v2_1_37_top/aes_axi_interconnect_1_imp_auto_ds_0_axi_dwidth_converter_v2_1_37_axi_downsizer/aes_axi_interconnect_1_imp_auto_ds_0_axi_dwidth_converter_v2_1_37_a_downsizer/aes_axi_interconnect_1_imp_auto_ds_0_axi_data_fifo_v2_1_36_axic_fifo__parameterized0/aes_axi_interconnect_1_imp_auto_ds_0_axi_data_fifo_v2_1_36_fifo_gen__parameterized0/<hidden>/<hidden>/<hidden>/<hidden>/<hidden>
                         net (fo=32, routed)          1.538     6.119    aes_wrapper/aes/aes_axi_interconnect_1_0/s00_couplers_imp_B4JP64/aes_axi_interconnect_1_imp_auto_ds_0/aes_axi_interconnect_1_imp_auto_ds_0_axi_dwidth_converter_v2_1_37_top/aes_axi_interconnect_1_imp_auto_ds_0_axi_dwidth_converter_v2_1_37_axi_downsizer/aes_axi_interconnect_1_imp_auto_ds_0_axi_dwidth_converter_v2_1_37_a_downsizer/aes_axi_interconnect_1_imp_auto_ds_0_axi_data_fifo_v2_1_36_axic_fifo__parameterized0/aes_axi_interconnect_1_imp_auto_ds_0_axi_data_fifo_v2_1_36_fifo_gen__parameterized0/<hidden>/<hidden>/<hidden>/<hidden>/<hidden>/<hidden>
    SLICE_X56Y77         FDCE                                         f  aes_wrapper/aes/aes_axi_interconnect_1_0/s00_couplers_imp_B4JP64/aes_axi_interconnect_1_imp_auto_ds_0/aes_axi_interconnect_1_imp_auto_ds_0_axi_dwidth_converter_v2_1_37_top/aes_axi_interconnect_1_imp_auto_ds_0_axi_dwidth_converter_v2_1_37_axi_downsizer/aes_axi_interconnect_1_imp_auto_ds_0_axi_dwidth_converter_v2_1_37_a_downsizer/aes_axi_interconnect_1_imp_auto_ds_0_axi_data_fifo_v2_1_36_axic_fifo__parameterized0/aes_axi_interconnect_1_imp_auto_ds_0_axi_data_fifo_v2_1_36_fifo_gen__parameterized0/<hidden>/<hidden>/<hidden>/<hidden>/<hidden>/<hidden>
  -------------------------------------------------------------------    -------------------

                         (clock clk_fpga_0 rise edge)
                                                     10.000    10.000 r  
    PS7_X0Y0             PS7                          0.000    10.000 r  aes_i/processing_system7_0/inst/PS7_i/FCLKCLK[0]
                         net (fo=1, routed)           1.088    11.088    aes_i/processing_system7_0/inst/FCLK_CLK_unbuffered[0]
    BUFGCTRL_X0Y16       BUFG (Prop_bufg_I_O)         0.091    11.179 r  aes_i/processing_system7_0/inst/buffer_fclk_clk_0.FCLK_CLK_0_BUFG/O
                         net (fo=17798, routed)       1.523    12.702    aes_wrapper/aes/aes_axi_interconnect_1_0/s00_couplers_imp_B4JP64/aes_axi_interconnect_1_imp_auto_ds_0/aes_axi_interconnect_1_imp_auto_ds_0_axi_dwidth_converter_v2_1_37_top/aes_axi_interconnect_1_imp_auto_ds_0_axi_dwidth_converter_v2_1_37_axi_downsizer/aes_axi_interconnect_1_imp_auto_ds_0_axi_dwidth_converter_v2_1_37_a_downsizer/aes_axi_interconnect_1_imp_auto_ds_0_axi_data_fifo_v2_1_36_axic_fifo__parameterized0/aes_axi_interconnect_1_imp_auto_ds_0_axi_data_fifo_v2_1_36_fifo_gen__parameterized0/<hidden>/<hidden>/<hidden>/<hidden>/<hidden>/<hidden>
    SLICE_X56Y77         FDCE                                         r  aes_wrapper/aes/aes_axi_interconnect_1_0/s00_couplers_imp_B4JP64/aes_axi_interconnect_1_imp_auto_ds_0/aes_axi_interconnect_1_imp_auto_ds_0_axi_dwidth_converter_v2_1_37_top/aes_axi_interconnect_1_imp_auto_ds_0_axi_dwidth_converter_v2_1_37_axi_downsizer/aes_axi_interconnect_1_imp_auto_ds_0_axi_dwidth_converter_v2_1_37_a_downsizer/aes_axi_interconnect_1_imp_auto_ds_0_axi_data_fifo_v2_1_36_axic_fifo__parameterized0/aes_axi_interconnect_1_imp_auto_ds_0_axi_data_fifo_v2_1_36_fifo_gen__parameterized0/<hidden>/<hidden>/<hidden>/<hidden>/<hidden>/<hidden>
                         clock pessimism              0.265    12.967    
                         clock uncertainty           -0.154    12.813    
    SLICE_X56Y77         FDCE (Recov_fdce_C_CLR)     -0.405    12.408    aes_wrapper/aes/aes_axi_interconnect_1_0/s00_couplers_imp_B4JP64/aes_axi_interconnect_1_imp_auto_ds_0/aes_axi_interconnect_1_imp_auto_ds_0_axi_dwidth_converter_v2_1_37_top/aes_axi_interconnect_1_imp_auto_ds_0_axi_dwidth_converter_v2_1_37_axi_downsizer/aes_axi_interconnect_1_imp_auto_ds_0_axi_dwidth_converter_v2_1_37_a_downsizer/aes_axi_interconnect_1_imp_auto_ds_0_axi_data_fifo_v2_1_36_axic_fifo__parameterized0/aes_axi_interconnect_1_imp_auto_ds_0_axi_data_fifo_v2_1_36_fifo_gen__parameterized0/<hidden>/<hidden>/<hidden>/<hidden>/<hidden>/<hidden>
  -------------------------------------------------------------------
                         required time                         12.408    
                         arrival time                          -6.119    
  -------------------------------------------------------------------
                         slack                                  6.288    

Slack (MET) :             6.288ns  (required time - arrival time)
  Source:                 aes_wrapper/aes/aes_axi_interconnect_1_0/s00_couplers_imp_B4JP64/aes_axi_interconnect_1_imp_auto_ds_0/aes_axi_interconnect_1_imp_auto_ds_0_axi_dwidth_converter_v2_1_37_top/aes_axi_interconnect_1_imp_auto_ds_0_axi_dwidth_converter_v2_1_37_axi_downsizer/aes_axi_interconnect_1_imp_auto_ds_0_axi_dwidth_converter_v2_1_37_a_downsizer/aes_axi_interconnect_1_imp_auto_ds_0_axi_data_fifo_v2_1_36_axic_fifo__parameterized0/aes_axi_interconnect_1_imp_auto_ds_0_axi_data_fifo_v2_1_36_fifo_gen__parameterized0/<hidden>/<hidden>/<hidden>/<hidden>/<hidden>/<hidden>
                            (rising edge-triggered cell FDPE clocked by clk_fpga_0  {rise@0.000ns fall@5.000ns period=10.000ns})
  Destination:            aes_wrapper/aes/aes_axi_interconnect_1_0/s00_couplers_imp_B4JP64/aes_axi_interconnect_1_imp_auto_ds_0/aes_axi_interconnect_1_imp_auto_ds_0_axi_dwidth_converter_v2_1_37_top/aes_axi_interconnect_1_imp_auto_ds_0_axi_dwidth_converter_v2_1_37_axi_downsizer/aes_axi_interconnect_1_imp_auto_ds_0_axi_dwidth_converter_v2_1_37_a_downsizer/aes_axi_interconnect_1_imp_auto_ds_0_axi_data_fifo_v2_1_36_axic_fifo__parameterized0/aes_axi_interconnect_1_imp_auto_ds_0_axi_data_fifo_v2_1_36_fifo_gen__parameterized0/<hidden>/<hidden>/<hidden>/<hidden>/<hidden>/<hidden>
                            (recovery check against rising-edge clock clk_fpga_0  {rise@0.000ns fall@5.000ns period=10.000ns})
  Path Group:             **async_default**
  Path Type:              Recovery (Max at Slow Process Corner)
  Requirement:            10.000ns  (clk_fpga_0 rise@10.000ns - clk_fpga_0 rise@0.000ns)
  Data Path Delay:        3.127ns  (logic 0.718ns (22.958%)  route 2.409ns (77.042%))
  Logic Levels:           1  (LUT3=1)
  Clock Path Skew:        -0.025ns (DCD - SCD + CPR)
    Destination Clock Delay (DCD):    2.702ns = ( 12.702 - 10.000 ) 
    Source Clock Delay      (SCD):    2.992ns
    Clock Pessimism Removal (CPR):    0.265ns
  Clock Uncertainty:      0.154ns  ((TSJ^2 + TIJ^2)^1/2 + DJ) / 2 + PE
    Total System Jitter     (TSJ):    0.071ns
    Total Input Jitter      (TIJ):    0.300ns
    Discrete Jitter          (DJ):    0.000ns
    Phase Error              (PE):    0.000ns

    Location             Delay type                Incr(ns)  Path(ns)    Netlist Resource(s)
  -------------------------------------------------------------------    -------------------
                         (clock clk_fpga_0 rise edge)
                                                      0.000     0.000 r  
    PS7_X0Y0             PS7                          0.000     0.000 r  aes_i/processing_system7_0/inst/PS7_i/FCLKCLK[0]
                         net (fo=1, routed)           1.193     1.193    aes_i/processing_system7_0/inst/FCLK_CLK_unbuffered[0]
    BUFGCTRL_X0Y16       BUFG (Prop_bufg_I_O)         0.101     1.294 r  aes_i/processing_system7_0/inst/buffer_fclk_clk_0.FCLK_CLK_0_BUFG/O
                         net (fo=17798, routed)       1.698     2.992    aes_wrapper/aes/aes_axi_interconnect_1_0/s00_couplers_imp_B4JP64/aes_axi_interconnect_1_imp_auto_ds_0/aes_axi_interconnect_1_imp_auto_ds_0_axi_dwidth_converter_v2_1_37_top/aes_axi_interconnect_1_imp_auto_ds_0_axi_dwidth_converter_v2_1_37_axi_downsizer/aes_axi_interconnect_1_imp_auto_ds_0_axi_dwidth_converter_v2_1_37_a_downsizer/aes_axi_interconnect_1_imp_auto_ds_0_axi_data_fifo_v2_1_36_axic_fifo__parameterized0/aes_axi_interconnect_1_imp_auto_ds_0_axi_data_fifo_v2_1_36_fifo_gen__parameterized0/<hidden>/<hidden>/<hidden>/<hidden>/<hidden>/<hidden>
    SLICE_X56Y78         FDPE                                         r  aes_wrapper/aes/aes_axi_interconnect_1_0/s00_couplers_imp_B4JP64/aes_axi_interconnect_1_imp_auto_ds_0/aes_axi_interconnect_1_imp_auto_ds_0_axi_dwidth_converter_v2_1_37_top/aes_axi_interconnect_1_imp_auto_ds_0_axi_dwidth_converter_v2_1_37_axi_downsizer/aes_axi_interconnect_1_imp_auto_ds_0_axi_dwidth_converter_v2_1_37_a_downsizer/aes_axi_interconnect_1_imp_auto_ds_0_axi_data_fifo_v2_1_36_axic_fifo__parameterized0/aes_axi_interconnect_1_imp_auto_ds_0_axi_data_fifo_v2_1_36_fifo_gen__parameterized0/<hidden>/<hidden>/<hidden>/<hidden>/<hidden>/<hidden>
  -------------------------------------------------------------------    -------------------
    SLICE_X56Y78         FDPE (Prop_fdpe_C_Q)         0.419     3.411 f  aes_wrapper/aes/aes_axi_interconnect_1_0/s00_couplers_imp_B4JP64/aes_axi_interconnect_1_imp_auto_ds_0/aes_axi_interconnect_1_imp_auto_ds_0_axi_dwidth_converter_v2_1_37_top/aes_axi_interconnect_1_imp_auto_ds_0_axi_dwidth_converter_v2_1_37_axi_downsizer/aes_axi_interconnect_1_imp_auto_ds_0_axi_dwidth_converter_v2_1_37_a_downsizer/aes_axi_interconnect_1_imp_auto_ds_0_axi_data_fifo_v2_1_36_axic_fifo__parameterized0/aes_axi_interconnect_1_imp_auto_ds_0_axi_data_fifo_v2_1_36_fifo_gen__parameterized0/<hidden>/<hidden>/<hidden>/<hidden>/<hidden>/<hidden>
                         net (fo=3, routed)           0.871     4.282    aes_wrapper/aes/aes_axi_interconnect_1_0/s00_couplers_imp_B4JP64/aes_axi_interconnect_1_imp_auto_ds_0/aes_axi_interconnect_1_imp_auto_ds_0_axi_dwidth_converter_v2_1_37_top/aes_axi_interconnect_1_imp_auto_ds_0_axi_dwidth_converter_v2_1_37_axi_downsizer/aes_axi_interconnect_1_imp_auto_ds_0_axi_dwidth_converter_v2_1_37_a_downsizer/aes_axi_interconnect_1_imp_auto_ds_0_axi_data_fifo_v2_1_36_axic_fifo__parameterized0/aes_axi_interconnect_1_imp_auto_ds_0_axi_data_fifo_v2_1_36_fifo_gen__parameterized0/<hidden>/<hidden>/<hidden>/<hidden>/<hidden>
    SLICE_X56Y78         LUT3 (Prop_lut3_I2_O)        0.299     4.581 f  aes_wrapper/aes/aes_axi_interconnect_1_0/s00_couplers_imp_B4JP64/aes_axi_interconnect_1_imp_auto_ds_0/aes_axi_interconnect_1_imp_auto_ds_0_axi_dwidth_converter_v2_1_37_top/aes_axi_interconnect_1_imp_auto_ds_0_axi_dwidth_converter_v2_1_37_axi_downsizer/aes_axi_interconnect_1_imp_auto_ds_0_axi_dwidth_converter_v2_1_37_a_downsizer/aes_axi_interconnect_1_imp_auto_ds_0_axi_data_fifo_v2_1_36_axic_fifo__parameterized0/aes_axi_interconnect_1_imp_auto_ds_0_axi_data_fifo_v2_1_36_fifo_gen__parameterized0/<hidden>/<hidden>/<hidden>/<hidden>/<hidden>
                         net (fo=32, routed)          1.538     6.119    aes_wrapper/aes/aes_axi_interconnect_1_0/s00_couplers_imp_B4JP64/aes_axi_interconnect_1_imp_auto_ds_0/aes_axi_interconnect_1_imp_auto_ds_0_axi_dwidth_converter_v2_1_37_top/aes_axi_interconnect_1_imp_auto_ds_0_axi_dwidth_converter_v2_1_37_axi_downsizer/aes_axi_interconnect_1_imp_auto_ds_0_axi_dwidth_converter_v2_1_37_a_downsizer/aes_axi_interconnect_1_imp_auto_ds_0_axi_data_fifo_v2_1_36_axic_fifo__parameterized0/aes_axi_interconnect_1_imp_auto_ds_0_axi_data_fifo_v2_1_36_fifo_gen__parameterized0/<hidden>/<hidden>/<hidden>/<hidden>/<hidden>/<hidden>
    SLICE_X56Y77         FDCE                                         f  aes_wrapper/aes/aes_axi_interconnect_1_0/s00_couplers_imp_B4JP64/aes_axi_interconnect_1_imp_auto_ds_0/aes_axi_interconnect_1_imp_auto_ds_0_axi_dwidth_converter_v2_1_37_top/aes_axi_interconnect_1_imp_auto_ds_0_axi_dwidth_converter_v2_1_37_axi_downsizer/aes_axi_interconnect_1_imp_auto_ds_0_axi_dwidth_converter_v2_1_37_a_downsizer/aes_axi_interconnect_1_imp_auto_ds_0_axi_data_fifo_v2_1_36_axic_fifo__parameterized0/aes_axi_interconnect_1_imp_auto_ds_0_axi_data_fifo_v2_1_36_fifo_gen__parameterized0/<hidden>/<hidden>/<hidden>/<hidden>/<hidden>/<hidden>
  -------------------------------------------------------------------    -------------------

                         (clock clk_fpga_0 rise edge)
                                                     10.000    10.000 r  
    PS7_X0Y0             PS7                          0.000    10.000 r  aes_i/processing_system7_0/inst/PS7_i/FCLKCLK[0]
                         net (fo=1, routed)           1.088    11.088    aes_i/processing_system7_0/inst/FCLK_CLK_unbuffered[0]
    BUFGCTRL_X0Y16       BUFG (Prop_bufg_I_O)         0.091    11.179 r  aes_i/processing_system7_0/inst/buffer_fclk_clk_0.FCLK_CLK_0_BUFG/O
                         net (fo=17798, routed)       1.523    12.702    aes_wrapper/aes/aes_axi_interconnect_1_0/s00_couplers_imp_B4JP64/aes_axi_interconnect_1_imp_auto_ds_0/aes_axi_interconnect_1_imp_auto_ds_0_axi_dwidth_converter_v2_1_37_top/aes_axi_interconnect_1_imp_auto_ds_0_axi_dwidth_converter_v2_1_37_axi_downsizer/aes_axi_interconnect_1_imp_auto_ds_0_axi_dwidth_converter_v2_1_37_a_downsizer/aes_axi_interconnect_1_imp_auto_ds_0_axi_data_fifo_v2_1_36_axic_fifo__parameterized0/aes_axi_interconnect_1_imp_auto_ds_0_axi_data_fifo_v2_1_36_fifo_gen__parameterized0/<hidden>/<hidden>/<hidden>/<hidden>/<hidden>/<hidden>
    SLICE_X56Y77         FDCE                                         r  aes_wrapper/aes/aes_axi_interconnect_1_0/s00_couplers_imp_B4JP64/aes_axi_interconnect_1_imp_auto_ds_0/aes_axi_interconnect_1_imp_auto_ds_0_axi_dwidth_converter_v2_1_37_top/aes_axi_interconnect_1_imp_auto_ds_0_axi_dwidth_converter_v2_1_37_axi_downsizer/aes_axi_interconnect_1_imp_auto_ds_0_axi_dwidth_converter_v2_1_37_a_downsizer/aes_axi_interconnect_1_imp_auto_ds_0_axi_data_fifo_v2_1_36_axic_fifo__parameterized0/aes_axi_interconnect_1_imp_auto_ds_0_axi_data_fifo_v2_1_36_fifo_gen__parameterized0/<hidden>/<hidden>/<hidden>/<hidden>/<hidden>/<hidden>
                         clock pessimism              0.265    12.967    
                         clock uncertainty           -0.154    12.813    
    SLICE_X56Y77         FDCE (Recov_fdce_C_CLR)     -0.405    12.408    aes_wrapper/aes/aes_axi_interconnect_1_0/s00_couplers_imp_B4JP64/aes_axi_interconnect_1_imp_auto_ds_0/aes_axi_interconnect_1_imp_auto_ds_0_axi_dwidth_converter_v2_1_37_top/aes_axi_interconnect_1_imp_auto_ds_0_axi_dwidth_converter_v2_1_37_axi_downsizer/aes_axi_interconnect_1_imp_auto_ds_0_axi_dwidth_converter_v2_1_37_a_downsizer/aes_axi_interconnect_1_imp_auto_ds_0_axi_data_fifo_v2_1_36_axic_fifo__parameterized0/aes_axi_interconnect_1_imp_auto_ds_0_axi_data_fifo_v2_1_36_fifo_gen__parameterized0/<hidden>/<hidden>/<hidden>/<hidden>/<hidden>/<hidden>
  -------------------------------------------------------------------
                         required time                         12.408    
                         arrival time                          -6.119    
  -------------------------------------------------------------------
                         slack                                  6.288    

Slack (MET) :             6.288ns  (required time - arrival time)
  Source:                 aes_wrapper/aes/aes_axi_interconnect_1_0/s00_couplers_imp_B4JP64/aes_axi_interconnect_1_imp_auto_ds_0/aes_axi_interconnect_1_imp_auto_ds_0_axi_dwidth_converter_v2_1_37_top/aes_axi_interconnect_1_imp_auto_ds_0_axi_dwidth_converter_v2_1_37_axi_downsizer/aes_axi_interconnect_1_imp_auto_ds_0_axi_dwidth_converter_v2_1_37_a_downsizer/aes_axi_interconnect_1_imp_auto_ds_0_axi_data_fifo_v2_1_36_axic_fifo__parameterized0/aes_axi_interconnect_1_imp_auto_ds_0_axi_data_fifo_v2_1_36_fifo_gen__parameterized0/<hidden>/<hidden>/<hidden>/<hidden>/<hidden>/<hidden>
                            (rising edge-triggered cell FDPE clocked by clk_fpga_0  {rise@0.000ns fall@5.000ns period=10.000ns})
  Destination:            aes_wrapper/aes/aes_axi_interconnect_1_0/s00_couplers_imp_B4JP64/aes_axi_interconnect_1_imp_auto_ds_0/aes_axi_interconnect_1_imp_auto_ds_0_axi_dwidth_converter_v2_1_37_top/aes_axi_interconnect_1_imp_auto_ds_0_axi_dwidth_converter_v2_1_37_axi_downsizer/aes_axi_interconnect_1_imp_auto_ds_0_axi_dwidth_converter_v2_1_37_a_downsizer/aes_axi_interconnect_1_imp_auto_ds_0_axi_data_fifo_v2_1_36_axic_fifo__parameterized0/aes_axi_interconnect_1_imp_auto_ds_0_axi_data_fifo_v2_1_36_fifo_gen__parameterized0/<hidden>/<hidden>/<hidden>/<hidden>/<hidden>/<hidden>
                            (recovery check against rising-edge clock clk_fpga_0  {rise@0.000ns fall@5.000ns period=10.000ns})
  Path Group:             **async_default**
  Path Type:              Recovery (Max at Slow Process Corner)
  Requirement:            10.000ns  (clk_fpga_0 rise@10.000ns - clk_fpga_0 rise@0.000ns)
  Data Path Delay:        3.127ns  (logic 0.718ns (22.958%)  route 2.409ns (77.042%))
  Logic Levels:           1  (LUT3=1)
  Clock Path Skew:        -0.025ns (DCD - SCD + CPR)
    Destination Clock Delay (DCD):    2.702ns = ( 12.702 - 10.000 ) 
    Source Clock Delay      (SCD):    2.992ns
    Clock Pessimism Removal (CPR):    0.265ns
  Clock Uncertainty:      0.154ns  ((TSJ^2 + TIJ^2)^1/2 + DJ) / 2 + PE
    Total System Jitter     (TSJ):    0.071ns
    Total Input Jitter      (TIJ):    0.300ns
    Discrete Jitter          (DJ):    0.000ns
    Phase Error              (PE):    0.000ns

    Location             Delay type                Incr(ns)  Path(ns)    Netlist Resource(s)
  -------------------------------------------------------------------    -------------------
                         (clock clk_fpga_0 rise edge)
                                                      0.000     0.000 r  
    PS7_X0Y0             PS7                          0.000     0.000 r  aes_i/processing_system7_0/inst/PS7_i/FCLKCLK[0]
                         net (fo=1, routed)           1.193     1.193    aes_i/processing_system7_0/inst/FCLK_CLK_unbuffered[0]
    BUFGCTRL_X0Y16       BUFG (Prop_bufg_I_O)         0.101     1.294 r  aes_i/processing_system7_0/inst/buffer_fclk_clk_0.FCLK_CLK_0_BUFG/O
                         net (fo=17798, routed)       1.698     2.992    aes_wrapper/aes/aes_axi_interconnect_1_0/s00_couplers_imp_B4JP64/aes_axi_interconnect_1_imp_auto_ds_0/aes_axi_interconnect_1_imp_auto_ds_0_axi_dwidth_converter_v2_1_37_top/aes_axi_interconnect_1_imp_auto_ds_0_axi_dwidth_converter_v2_1_37_axi_downsizer/aes_axi_interconnect_1_imp_auto_ds_0_axi_dwidth_converter_v2_1_37_a_downsizer/aes_axi_interconnect_1_imp_auto_ds_0_axi_data_fifo_v2_1_36_axic_fifo__parameterized0/aes_axi_interconnect_1_imp_auto_ds_0_axi_data_fifo_v2_1_36_fifo_gen__parameterized0/<hidden>/<hidden>/<hidden>/<hidden>/<hidden>/<hidden>
    SLICE_X56Y78         FDPE                                         r  aes_wrapper/aes/aes_axi_interconnect_1_0/s00_couplers_imp_B4JP64/aes_axi_interconnect_1_imp_auto_ds_0/aes_axi_interconnect_1_imp_auto_ds_0_axi_dwidth_converter_v2_1_37_top/aes_axi_interconnect_1_imp_auto_ds_0_axi_dwidth_converter_v2_1_37_axi_downsizer/aes_axi_interconnect_1_imp_auto_ds_0_axi_dwidth_converter_v2_1_37_a_downsizer/aes_axi_interconnect_1_imp_auto_ds_0_axi_data_fifo_v2_1_36_axic_fifo__parameterized0/aes_axi_interconnect_1_imp_auto_ds_0_axi_data_fifo_v2_1_36_fifo_gen__parameterized0/<hidden>/<hidden>/<hidden>/<hidden>/<hidden>/<hidden>
  -------------------------------------------------------------------    -------------------
    SLICE_X56Y78         FDPE (Prop_fdpe_C_Q)         0.419     3.411 f  aes_wrapper/aes/aes_axi_interconnect_1_0/s00_couplers_imp_B4JP64/aes_axi_interconnect_1_imp_auto_ds_0/aes_axi_interconnect_1_imp_auto_ds_0_axi_dwidth_converter_v2_1_37_top/aes_axi_interconnect_1_imp_auto_ds_0_axi_dwidth_converter_v2_1_37_axi_downsizer/aes_axi_interconnect_1_imp_auto_ds_0_axi_dwidth_converter_v2_1_37_a_downsizer/aes_axi_interconnect_1_imp_auto_ds_0_axi_data_fifo_v2_1_36_axic_fifo__parameterized0/aes_axi_interconnect_1_imp_auto_ds_0_axi_data_fifo_v2_1_36_fifo_gen__parameterized0/<hidden>/<hidden>/<hidden>/<hidden>/<hidden>/<hidden>
                         net (fo=3, routed)           0.871     4.282    aes_wrapper/aes/aes_axi_interconnect_1_0/s00_couplers_imp_B4JP64/aes_axi_interconnect_1_imp_auto_ds_0/aes_axi_interconnect_1_imp_auto_ds_0_axi_dwidth_converter_v2_1_37_top/aes_axi_interconnect_1_imp_auto_ds_0_axi_dwidth_converter_v2_1_37_axi_downsizer/aes_axi_interconnect_1_imp_auto_ds_0_axi_dwidth_converter_v2_1_37_a_downsizer/aes_axi_interconnect_1_imp_auto_ds_0_axi_data_fifo_v2_1_36_axic_fifo__parameterized0/aes_axi_interconnect_1_imp_auto_ds_0_axi_data_fifo_v2_1_36_fifo_gen__parameterized0/<hidden>/<hidden>/<hidden>/<hidden>/<hidden>
    SLICE_X56Y78         LUT3 (Prop_lut3_I2_O)        0.299     4.581 f  aes_wrapper/aes/aes_axi_interconnect_1_0/s00_couplers_imp_B4JP64/aes_axi_interconnect_1_imp_auto_ds_0/aes_axi_interconnect_1_imp_auto_ds_0_axi_dwidth_converter_v2_1_37_top/aes_axi_interconnect_1_imp_auto_ds_0_axi_dwidth_converter_v2_1_37_axi_downsizer/aes_axi_interconnect_1_imp_auto_ds_0_axi_dwidth_converter_v2_1_37_a_downsizer/aes_axi_interconnect_1_imp_auto_ds_0_axi_data_fifo_v2_1_36_axic_fifo__parameterized0/aes_axi_interconnect_1_imp_auto_ds_0_axi_data_fifo_v2_1_36_fifo_gen__parameterized0/<hidden>/<hidden>/<hidden>/<hidden>/<hidden>
                         net (fo=32, routed)          1.538     6.119    aes_wrapper/aes/aes_axi_interconnect_1_0/s00_couplers_imp_B4JP64/aes_axi_interconnect_1_imp_auto_ds_0/aes_axi_interconnect_1_imp_auto_ds_0_axi_dwidth_converter_v2_1_37_top/aes_axi_interconnect_1_imp_auto_ds_0_axi_dwidth_converter_v2_1_37_axi_downsizer/aes_axi_interconnect_1_imp_auto_ds_0_axi_dwidth_converter_v2_1_37_a_downsizer/aes_axi_interconnect_1_imp_auto_ds_0_axi_data_fifo_v2_1_36_axic_fifo__parameterized0/aes_axi_interconnect_1_imp_auto_ds_0_axi_data_fifo_v2_1_36_fifo_gen__parameterized0/<hidden>/<hidden>/<hidden>/<hidden>/<hidden>/<hidden>
    SLICE_X56Y77         FDCE                                         f  aes_wrapper/aes/aes_axi_interconnect_1_0/s00_couplers_imp_B4JP64/aes_axi_interconnect_1_imp_auto_ds_0/aes_axi_interconnect_1_imp_auto_ds_0_axi_dwidth_converter_v2_1_37_top/aes_axi_interconnect_1_imp_auto_ds_0_axi_dwidth_converter_v2_1_37_axi_downsizer/aes_axi_interconnect_1_imp_auto_ds_0_axi_dwidth_converter_v2_1_37_a_downsizer/aes_axi_interconnect_1_imp_auto_ds_0_axi_data_fifo_v2_1_36_axic_fifo__parameterized0/aes_axi_interconnect_1_imp_auto_ds_0_axi_data_fifo_v2_1_36_fifo_gen__parameterized0/<hidden>/<hidden>/<hidden>/<hidden>/<hidden>/<hidden>
  -------------------------------------------------------------------    -------------------

                         (clock clk_fpga_0 rise edge)
                                                     10.000    10.000 r  
    PS7_X0Y0             PS7                          0.000    10.000 r  aes_i/processing_system7_0/inst/PS7_i/FCLKCLK[0]
                         net (fo=1, routed)           1.088    11.088    aes_i/processing_system7_0/inst/FCLK_CLK_unbuffered[0]
    BUFGCTRL_X0Y16       BUFG (Prop_bufg_I_O)         0.091    11.179 r  aes_i/processing_system7_0/inst/buffer_fclk_clk_0.FCLK_CLK_0_BUFG/O
                         net (fo=17798, routed)       1.523    12.702    aes_wrapper/aes/aes_axi_interconnect_1_0/s00_couplers_imp_B4JP64/aes_axi_interconnect_1_imp_auto_ds_0/aes_axi_interconnect_1_imp_auto_ds_0_axi_dwidth_converter_v2_1_37_top/aes_axi_interconnect_1_imp_auto_ds_0_axi_dwidth_converter_v2_1_37_axi_downsizer/aes_axi_interconnect_1_imp_auto_ds_0_axi_dwidth_converter_v2_1_37_a_downsizer/aes_axi_interconnect_1_imp_auto_ds_0_axi_data_fifo_v2_1_36_axic_fifo__parameterized0/aes_axi_interconnect_1_imp_auto_ds_0_axi_data_fifo_v2_1_36_fifo_gen__parameterized0/<hidden>/<hidden>/<hidden>/<hidden>/<hidden>/<hidden>
    SLICE_X56Y77         FDCE                                         r  aes_wrapper/aes/aes_axi_interconnect_1_0/s00_couplers_imp_B4JP64/aes_axi_interconnect_1_imp_auto_ds_0/aes_axi_interconnect_1_imp_auto_ds_0_axi_dwidth_converter_v2_1_37_top/aes_axi_interconnect_1_imp_auto_ds_0_axi_dwidth_converter_v2_1_37_axi_downsizer/aes_axi_interconnect_1_imp_auto_ds_0_axi_dwidth_converter_v2_1_37_a_downsizer/aes_axi_interconnect_1_imp_auto_ds_0_axi_data_fifo_v2_1_36_axic_fifo__parameterized0/aes_axi_interconnect_1_imp_auto_ds_0_axi_data_fifo_v2_1_36_fifo_gen__parameterized0/<hidden>/<hidden>/<hidden>/<hidden>/<hidden>/<hidden>
                         clock pessimism              0.265    12.967    
                         clock uncertainty           -0.154    12.813    
    SLICE_X56Y77         FDCE (Recov_fdce_C_CLR)     -0.405    12.408    aes_wrapper/aes/aes_axi_interconnect_1_0/s00_couplers_imp_B4JP64/aes_axi_interconnect_1_imp_auto_ds_0/aes_axi_interconnect_1_imp_auto_ds_0_axi_dwidth_converter_v2_1_37_top/aes_axi_interconnect_1_imp_auto_ds_0_axi_dwidth_converter_v2_1_37_axi_downsizer/aes_axi_interconnect_1_imp_auto_ds_0_axi_dwidth_converter_v2_1_37_a_downsizer/aes_axi_interconnect_1_imp_auto_ds_0_axi_data_fifo_v2_1_36_axic_fifo__parameterized0/aes_axi_interconnect_1_imp_auto_ds_0_axi_data_fifo_v2_1_36_fifo_gen__parameterized0/<hidden>/<hidden>/<hidden>/<hidden>/<hidden>/<hidden>
  -------------------------------------------------------------------
                         required time                         12.408    
                         arrival time                          -6.119    
  -------------------------------------------------------------------
                         slack                                  6.288    

Slack (MET) :             6.438ns  (required time - arrival time)
  Source:                 aes_wrapper/aes/aes_axi_interconnect_1_0/s00_couplers_imp_B4JP64/aes_axi_interconnect_1_imp_auto_ds_0/aes_axi_interconnect_1_imp_auto_ds_0_axi_dwidth_converter_v2_1_37_top/aes_axi_interconnect_1_imp_auto_ds_0_axi_dwidth_converter_v2_1_37_axi_downsizer/aes_axi_interconnect_1_imp_auto_ds_0_axi_dwidth_converter_v2_1_37_a_downsizer/aes_axi_interconnect_1_imp_auto_ds_0_axi_data_fifo_v2_1_36_axic_fifo__parameterized0/aes_axi_interconnect_1_imp_auto_ds_0_axi_data_fifo_v2_1_36_fifo_gen__parameterized0/<hidden>/<hidden>/<hidden>/<hidden>/<hidden>/<hidden>
                            (rising edge-triggered cell FDPE clocked by clk_fpga_0  {rise@0.000ns fall@5.000ns period=10.000ns})
  Destination:            aes_wrapper/aes/aes_axi_interconnect_1_0/s00_couplers_imp_B4JP64/aes_axi_interconnect_1_imp_auto_ds_0/aes_axi_interconnect_1_imp_auto_ds_0_axi_dwidth_converter_v2_1_37_top/aes_axi_interconnect_1_imp_auto_ds_0_axi_dwidth_converter_v2_1_37_axi_downsizer/aes_axi_interconnect_1_imp_auto_ds_0_axi_dwidth_converter_v2_1_37_a_downsizer/aes_axi_interconnect_1_imp_auto_ds_0_axi_data_fifo_v2_1_36_axic_fifo__parameterized0/aes_axi_interconnect_1_imp_auto_ds_0_axi_data_fifo_v2_1_36_fifo_gen__parameterized0/<hidden>/<hidden>/<hidden>/<hidden>/<hidden>/<hidden>
                            (recovery check against rising-edge clock clk_fpga_0  {rise@0.000ns fall@5.000ns period=10.000ns})
  Path Group:             **async_default**
  Path Type:              Recovery (Max at Slow Process Corner)
  Requirement:            10.000ns  (clk_fpga_0 rise@10.000ns - clk_fpga_0 rise@0.000ns)
  Data Path Delay:        3.027ns  (logic 0.718ns (23.723%)  route 2.309ns (76.277%))
  Logic Levels:           1  (LUT3=1)
  Clock Path Skew:        -0.022ns (DCD - SCD + CPR)
    Destination Clock Delay (DCD):    2.705ns = ( 12.705 - 10.000 ) 
    Source Clock Delay      (SCD):    2.992ns
    Clock Pessimism Removal (CPR):    0.265ns
  Clock Uncertainty:      0.154ns  ((TSJ^2 + TIJ^2)^1/2 + DJ) / 2 + PE
    Total System Jitter     (TSJ):    0.071ns
    Total Input Jitter      (TIJ):    0.300ns
    Discrete Jitter          (DJ):    0.000ns
    Phase Error              (PE):    0.000ns

    Location             Delay type                Incr(ns)  Path(ns)    Netlist Resource(s)
  -------------------------------------------------------------------    -------------------
                         (clock clk_fpga_0 rise edge)
                                                      0.000     0.000 r  
    PS7_X0Y0             PS7                          0.000     0.000 r  aes_i/processing_system7_0/inst/PS7_i/FCLKCLK[0]
                         net (fo=1, routed)           1.193     1.193    aes_i/processing_system7_0/inst/FCLK_CLK_unbuffered[0]
    BUFGCTRL_X0Y16       BUFG (Prop_bufg_I_O)         0.101     1.294 r  aes_i/processing_system7_0/inst/buffer_fclk_clk_0.FCLK_CLK_0_BUFG/O
                         net (fo=17798, routed)       1.698     2.992    aes_wrapper/aes/aes_axi_interconnect_1_0/s00_couplers_imp_B4JP64/aes_axi_interconnect_1_imp_auto_ds_0/aes_axi_interconnect_1_imp_auto_ds_0_axi_dwidth_converter_v2_1_37_top/aes_axi_interconnect_1_imp_auto_ds_0_axi_dwidth_converter_v2_1_37_axi_downsizer/aes_axi_interconnect_1_imp_auto_ds_0_axi_dwidth_converter_v2_1_37_a_downsizer/aes_axi_interconnect_1_imp_auto_ds_0_axi_data_fifo_v2_1_36_axic_fifo__parameterized0/aes_axi_interconnect_1_imp_auto_ds_0_axi_data_fifo_v2_1_36_fifo_gen__parameterized0/<hidden>/<hidden>/<hidden>/<hidden>/<hidden>/<hidden>
    SLICE_X56Y78         FDPE                                         r  aes_wrapper/aes/aes_axi_interconnect_1_0/s00_couplers_imp_B4JP64/aes_axi_interconnect_1_imp_auto_ds_0/aes_axi_interconnect_1_imp_auto_ds_0_axi_dwidth_converter_v2_1_37_top/aes_axi_interconnect_1_imp_auto_ds_0_axi_dwidth_converter_v2_1_37_axi_downsizer/aes_axi_interconnect_1_imp_auto_ds_0_axi_dwidth_converter_v2_1_37_a_downsizer/aes_axi_interconnect_1_imp_auto_ds_0_axi_data_fifo_v2_1_36_axic_fifo__parameterized0/aes_axi_interconnect_1_imp_auto_ds_0_axi_data_fifo_v2_1_36_fifo_gen__parameterized0/<hidden>/<hidden>/<hidden>/<hidden>/<hidden>/<hidden>
  -------------------------------------------------------------------    -------------------
    SLICE_X56Y78         FDPE (Prop_fdpe_C_Q)         0.419     3.411 f  aes_wrapper/aes/aes_axi_interconnect_1_0/s00_couplers_imp_B4JP64/aes_axi_interconnect_1_imp_auto_ds_0/aes_axi_interconnect_1_imp_auto_ds_0_axi_dwidth_converter_v2_1_37_top/aes_axi_interconnect_1_imp_auto_ds_0_axi_dwidth_converter_v2_1_37_axi_downsizer/aes_axi_interconnect_1_imp_auto_ds_0_axi_dwidth_converter_v2_1_37_a_downsizer/aes_axi_interconnect_1_imp_auto_ds_0_axi_data_fifo_v2_1_36_axic_fifo__parameterized0/aes_axi_interconnect_1_imp_auto_ds_0_axi_data_fifo_v2_1_36_fifo_gen__parameterized0/<hidden>/<hidden>/<hidden>/<hidden>/<hidden>/<hidden>
                         net (fo=3, routed)           0.871     4.282    aes_wrapper/aes/aes_axi_interconnect_1_0/s00_couplers_imp_B4JP64/aes_axi_interconnect_1_imp_auto_ds_0/aes_axi_interconnect_1_imp_auto_ds_0_axi_dwidth_converter_v2_1_37_top/aes_axi_interconnect_1_imp_auto_ds_0_axi_dwidth_converter_v2_1_37_axi_downsizer/aes_axi_interconnect_1_imp_auto_ds_0_axi_dwidth_converter_v2_1_37_a_downsizer/aes_axi_interconnect_1_imp_auto_ds_0_axi_data_fifo_v2_1_36_axic_fifo__parameterized0/aes_axi_interconnect_1_imp_auto_ds_0_axi_data_fifo_v2_1_36_fifo_gen__parameterized0/<hidden>/<hidden>/<hidden>/<hidden>/<hidden>
    SLICE_X56Y78         LUT3 (Prop_lut3_I2_O)        0.299     4.581 f  aes_wrapper/aes/aes_axi_interconnect_1_0/s00_couplers_imp_B4JP64/aes_axi_interconnect_1_imp_auto_ds_0/aes_axi_interconnect_1_imp_auto_ds_0_axi_dwidth_converter_v2_1_37_top/aes_axi_interconnect_1_imp_auto_ds_0_axi_dwidth_converter_v2_1_37_axi_downsizer/aes_axi_interconnect_1_imp_auto_ds_0_axi_dwidth_converter_v2_1_37_a_downsizer/aes_axi_interconnect_1_imp_auto_ds_0_axi_data_fifo_v2_1_36_axic_fifo__parameterized0/aes_axi_interconnect_1_imp_auto_ds_0_axi_data_fifo_v2_1_36_fifo_gen__parameterized0/<hidden>/<hidden>/<hidden>/<hidden>/<hidden>
                         net (fo=32, routed)          1.437     6.019    aes_wrapper/aes/aes_axi_interconnect_1_0/s00_couplers_imp_B4JP64/aes_axi_interconnect_1_imp_auto_ds_0/aes_axi_interconnect_1_imp_auto_ds_0_axi_dwidth_converter_v2_1_37_top/aes_axi_interconnect_1_imp_auto_ds_0_axi_dwidth_converter_v2_1_37_axi_downsizer/aes_axi_interconnect_1_imp_auto_ds_0_axi_dwidth_converter_v2_1_37_a_downsizer/aes_axi_interconnect_1_imp_auto_ds_0_axi_data_fifo_v2_1_36_axic_fifo__parameterized0/aes_axi_interconnect_1_imp_auto_ds_0_axi_data_fifo_v2_1_36_fifo_gen__parameterized0/<hidden>/<hidden>/<hidden>/<hidden>/<hidden>/<hidden>
    SLICE_X56Y79         FDPE                                         f  aes_wrapper/aes/aes_axi_interconnect_1_0/s00_couplers_imp_B4JP64/aes_axi_interconnect_1_imp_auto_ds_0/aes_axi_interconnect_1_imp_auto_ds_0_axi_dwidth_converter_v2_1_37_top/aes_axi_interconnect_1_imp_auto_ds_0_axi_dwidth_converter_v2_1_37_axi_downsizer/aes_axi_interconnect_1_imp_auto_ds_0_axi_dwidth_converter_v2_1_37_a_downsizer/aes_axi_interconnect_1_imp_auto_ds_0_axi_data_fifo_v2_1_36_axic_fifo__parameterized0/aes_axi_interconnect_1_imp_auto_ds_0_axi_data_fifo_v2_1_36_fifo_gen__parameterized0/<hidden>/<hidden>/<hidden>/<hidden>/<hidden>/<hidden>
  -------------------------------------------------------------------    -------------------

                         (clock clk_fpga_0 rise edge)
                                                     10.000    10.000 r  
    PS7_X0Y0             PS7                          0.000    10.000 r  aes_i/processing_system7_0/inst/PS7_i/FCLKCLK[0]
                         net (fo=1, routed)           1.088    11.088    aes_i/processing_system7_0/inst/FCLK_CLK_unbuffered[0]
    BUFGCTRL_X0Y16       BUFG (Prop_bufg_I_O)         0.091    11.179 r  aes_i/processing_system7_0/inst/buffer_fclk_clk_0.FCLK_CLK_0_BUFG/O
                         net (fo=17798, routed)       1.526    12.705    aes_wrapper/aes/aes_axi_interconnect_1_0/s00_couplers_imp_B4JP64/aes_axi_interconnect_1_imp_auto_ds_0/aes_axi_interconnect_1_imp_auto_ds_0_axi_dwidth_converter_v2_1_37_top/aes_axi_interconnect_1_imp_auto_ds_0_axi_dwidth_converter_v2_1_37_axi_downsizer/aes_axi_interconnect_1_imp_auto_ds_0_axi_dwidth_converter_v2_1_37_a_downsizer/aes_axi_interconnect_1_imp_auto_ds_0_axi_data_fifo_v2_1_36_axic_fifo__parameterized0/aes_axi_interconnect_1_imp_auto_ds_0_axi_data_fifo_v2_1_36_fifo_gen__parameterized0/<hidden>/<hidden>/<hidden>/<hidden>/<hidden>/<hidden>
    SLICE_X56Y79         FDPE                                         r  aes_wrapper/aes/aes_axi_interconnect_1_0/s00_couplers_imp_B4JP64/aes_axi_interconnect_1_imp_auto_ds_0/aes_axi_interconnect_1_imp_auto_ds_0_axi_dwidth_converter_v2_1_37_top/aes_axi_interconnect_1_imp_auto_ds_0_axi_dwidth_converter_v2_1_37_axi_downsizer/aes_axi_interconnect_1_imp_auto_ds_0_axi_dwidth_converter_v2_1_37_a_downsizer/aes_axi_interconnect_1_imp_auto_ds_0_axi_data_fifo_v2_1_36_axic_fifo__parameterized0/aes_axi_interconnect_1_imp_auto_ds_0_axi_data_fifo_v2_1_36_fifo_gen__parameterized0/<hidden>/<hidden>/<hidden>/<hidden>/<hidden>/<hidden>
                         clock pessimism              0.265    12.970    
                         clock uncertainty           -0.154    12.816    
    SLICE_X56Y79         FDPE (Recov_fdpe_C_PRE)     -0.359    12.457    aes_wrapper/aes/aes_axi_interconnect_1_0/s00_couplers_imp_B4JP64/aes_axi_interconnect_1_imp_auto_ds_0/aes_axi_interconnect_1_imp_auto_ds_0_axi_dwidth_converter_v2_1_37_top/aes_axi_interconnect_1_imp_auto_ds_0_axi_dwidth_converter_v2_1_37_axi_downsizer/aes_axi_interconnect_1_imp_auto_ds_0_axi_dwidth_converter_v2_1_37_a_downsizer/aes_axi_interconnect_1_imp_auto_ds_0_axi_data_fifo_v2_1_36_axic_fifo__parameterized0/aes_axi_interconnect_1_imp_auto_ds_0_axi_data_fifo_v2_1_36_fifo_gen__parameterized0/<hidden>/<hidden>/<hidden>/<hidden>/<hidden>/<hidden>
  -------------------------------------------------------------------
                         required time                         12.457    
                         arrival time                          -6.019    
  -------------------------------------------------------------------
                         slack                                  6.438    

Slack (MET) :             6.647ns  (required time - arrival time)
  Source:                 aes_wrapper/aes/aes_axi_interconnect_0_0/s00_couplers_imp_1CRHQWF/aes_axi_interconnect_0_imp_auto_ds_0/aes_axi_interconnect_0_imp_auto_ds_0_axi_dwidth_converter_v2_1_37_top/aes_axi_interconnect_0_imp_auto_ds_0_axi_dwidth_converter_v2_1_37_axi_downsizer/aes_axi_interconnect_0_imp_auto_ds_0_axi_dwidth_converter_v2_1_37_a_downsizer/aes_axi_interconnect_0_imp_auto_ds_0_axi_data_fifo_v2_1_36_axic_fifo__parameterized0/aes_axi_interconnect_0_imp_auto_ds_0_axi_data_fifo_v2_1_36_fifo_gen__parameterized0/<hidden>/<hidden>/<hidden>/<hidden>/<hidden>/<hidden>
                            (rising edge-triggered cell FDPE clocked by clk_fpga_0  {rise@0.000ns fall@5.000ns period=10.000ns})
  Destination:            aes_wrapper/aes/aes_axi_interconnect_0_0/s00_couplers_imp_1CRHQWF/aes_axi_interconnect_0_imp_auto_ds_0/aes_axi_interconnect_0_imp_auto_ds_0_axi_dwidth_converter_v2_1_37_top/aes_axi_interconnect_0_imp_auto_ds_0_axi_dwidth_converter_v2_1_37_axi_downsizer/aes_axi_interconnect_0_imp_auto_ds_0_axi_dwidth_converter_v2_1_37_a_downsizer/aes_axi_interconnect_0_imp_auto_ds_0_axi_data_fifo_v2_1_36_axic_fifo__parameterized0/aes_axi_interconnect_0_imp_auto_ds_0_axi_data_fifo_v2_1_36_fifo_gen__parameterized0/<hidden>/<hidden>/<hidden>/<hidden>/<hidden>/<hidden>
                            (recovery check against rising-edge clock clk_fpga_0  {rise@0.000ns fall@5.000ns period=10.000ns})
  Path Group:             **async_default**
  Path Type:              Recovery (Max at Slow Process Corner)
  Requirement:            10.000ns  (clk_fpga_0 rise@10.000ns - clk_fpga_0 rise@0.000ns)
  Data Path Delay:        2.770ns  (logic 0.718ns (25.924%)  route 2.052ns (74.076%))
  Logic Levels:           1  (LUT3=1)
  Clock Path Skew:        -0.024ns (DCD - SCD + CPR)
    Destination Clock Delay (DCD):    2.838ns = ( 12.839 - 10.000 ) 
    Source Clock Delay      (SCD):    3.131ns
    Clock Pessimism Removal (CPR):    0.269ns
  Clock Uncertainty:      0.154ns  ((TSJ^2 + TIJ^2)^1/2 + DJ) / 2 + PE
    Total System Jitter     (TSJ):    0.071ns
    Total Input Jitter      (TIJ):    0.300ns
    Discrete Jitter          (DJ):    0.000ns
    Phase Error              (PE):    0.000ns

    Location             Delay type                Incr(ns)  Path(ns)    Netlist Resource(s)
  -------------------------------------------------------------------    -------------------
                         (clock clk_fpga_0 rise edge)
                                                      0.000     0.000 r  
    PS7_X0Y0             PS7                          0.000     0.000 r  aes_i/processing_system7_0/inst/PS7_i/FCLKCLK[0]
                         net (fo=1, routed)           1.193     1.193    aes_i/processing_system7_0/inst/FCLK_CLK_unbuffered[0]
    BUFGCTRL_X0Y16       BUFG (Prop_bufg_I_O)         0.101     1.294 r  aes_i/processing_system7_0/inst/buffer_fclk_clk_0.FCLK_CLK_0_BUFG/O
                         net (fo=17798, routed)       1.837     3.131    aes_wrapper/aes/aes_axi_interconnect_0_0/s00_couplers_imp_1CRHQWF/aes_axi_interconnect_0_imp_auto_ds_0/aes_axi_interconnect_0_imp_auto_ds_0_axi_dwidth_converter_v2_1_37_top/aes_axi_interconnect_0_imp_auto_ds_0_axi_dwidth_converter_v2_1_37_axi_downsizer/aes_axi_interconnect_0_imp_auto_ds_0_axi_dwidth_converter_v2_1_37_a_downsizer/aes_axi_interconnect_0_imp_auto_ds_0_axi_data_fifo_v2_1_36_axic_fifo__parameterized0/aes_axi_interconnect_0_imp_auto_ds_0_axi_data_fifo_v2_1_36_fifo_gen__parameterized0/<hidden>/<hidden>/<hidden>/<hidden>/<hidden>/<hidden>
    SLICE_X5Y45          FDPE                                         r  aes_wrapper/aes/aes_axi_interconnect_0_0/s00_couplers_imp_1CRHQWF/aes_axi_interconnect_0_imp_auto_ds_0/aes_axi_interconnect_0_imp_auto_ds_0_axi_dwidth_converter_v2_1_37_top/aes_axi_interconnect_0_imp_auto_ds_0_axi_dwidth_converter_v2_1_37_axi_downsizer/aes_axi_interconnect_0_imp_auto_ds_0_axi_dwidth_converter_v2_1_37_a_downsizer/aes_axi_interconnect_0_imp_auto_ds_0_axi_data_fifo_v2_1_36_axic_fifo__parameterized0/aes_axi_interconnect_0_imp_auto_ds_0_axi_data_fifo_v2_1_36_fifo_gen__parameterized0/<hidden>/<hidden>/<hidden>/<hidden>/<hidden>/<hidden>
  -------------------------------------------------------------------    -------------------
    SLICE_X5Y45          FDPE (Prop_fdpe_C_Q)         0.419     3.550 f  aes_wrapper/aes/aes_axi_interconnect_0_0/s00_couplers_imp_1CRHQWF/aes_axi_interconnect_0_imp_auto_ds_0/aes_axi_interconnect_0_imp_auto_ds_0_axi_dwidth_converter_v2_1_37_top/aes_axi_interconnect_0_imp_auto_ds_0_axi_dwidth_converter_v2_1_37_axi_downsizer/aes_axi_interconnect_0_imp_auto_ds_0_axi_dwidth_converter_v2_1_37_a_downsizer/aes_axi_interconnect_0_imp_auto_ds_0_axi_data_fifo_v2_1_36_axic_fifo__parameterized0/aes_axi_interconnect_0_imp_auto_ds_0_axi_data_fifo_v2_1_36_fifo_gen__parameterized0/<hidden>/<hidden>/<hidden>/<hidden>/<hidden>/<hidden>
                         net (fo=3, routed)           0.807     4.357    aes_wrapper/aes/aes_axi_interconnect_0_0/s00_couplers_imp_1CRHQWF/aes_axi_interconnect_0_imp_auto_ds_0/aes_axi_interconnect_0_imp_auto_ds_0_axi_dwidth_converter_v2_1_37_top/aes_axi_interconnect_0_imp_auto_ds_0_axi_dwidth_converter_v2_1_37_axi_downsizer/aes_axi_interconnect_0_imp_auto_ds_0_axi_dwidth_converter_v2_1_37_a_downsizer/aes_axi_interconnect_0_imp_auto_ds_0_axi_data_fifo_v2_1_36_axic_fifo__parameterized0/aes_axi_interconnect_0_imp_auto_ds_0_axi_data_fifo_v2_1_36_fifo_gen__parameterized0/<hidden>/<hidden>/<hidden>/<hidden>/<hidden>
    SLICE_X4Y46          LUT3 (Prop_lut3_I2_O)        0.299     4.656 f  aes_wrapper/aes/aes_axi_interconnect_0_0/s00_couplers_imp_1CRHQWF/aes_axi_interconnect_0_imp_auto_ds_0/aes_axi_interconnect_0_imp_auto_ds_0_axi_dwidth_converter_v2_1_37_top/aes_axi_interconnect_0_imp_auto_ds_0_axi_dwidth_converter_v2_1_37_axi_downsizer/aes_axi_interconnect_0_imp_auto_ds_0_axi_dwidth_converter_v2_1_37_a_downsizer/aes_axi_interconnect_0_imp_auto_ds_0_axi_data_fifo_v2_1_36_axic_fifo__parameterized0/aes_axi_interconnect_0_imp_auto_ds_0_axi_data_fifo_v2_1_36_fifo_gen__parameterized0/<hidden>/<hidden>/<hidden>/<hidden>/<hidden>
                         net (fo=32, routed)          1.245     5.901    aes_wrapper/aes/aes_axi_interconnect_0_0/s00_couplers_imp_1CRHQWF/aes_axi_interconnect_0_imp_auto_ds_0/aes_axi_interconnect_0_imp_auto_ds_0_axi_dwidth_converter_v2_1_37_top/aes_axi_interconnect_0_imp_auto_ds_0_axi_dwidth_converter_v2_1_37_axi_downsizer/aes_axi_interconnect_0_imp_auto_ds_0_axi_dwidth_converter_v2_1_37_a_downsizer/aes_axi_interconnect_0_imp_auto_ds_0_axi_data_fifo_v2_1_36_axic_fifo__parameterized0/aes_axi_interconnect_0_imp_auto_ds_0_axi_data_fifo_v2_1_36_fifo_gen__parameterized0/<hidden>/<hidden>/<hidden>/<hidden>/<hidden>/<hidden>
    SLICE_X5Y48          FDCE                                         f  aes_wrapper/aes/aes_axi_interconnect_0_0/s00_couplers_imp_1CRHQWF/aes_axi_interconnect_0_imp_auto_ds_0/aes_axi_interconnect_0_imp_auto_ds_0_axi_dwidth_converter_v2_1_37_top/aes_axi_interconnect_0_imp_auto_ds_0_axi_dwidth_converter_v2_1_37_axi_downsizer/aes_axi_interconnect_0_imp_auto_ds_0_axi_dwidth_converter_v2_1_37_a_downsizer/aes_axi_interconnect_0_imp_auto_ds_0_axi_data_fifo_v2_1_36_axic_fifo__parameterized0/aes_axi_interconnect_0_imp_auto_ds_0_axi_data_fifo_v2_1_36_fifo_gen__parameterized0/<hidden>/<hidden>/<hidden>/<hidden>/<hidden>/<hidden>
  -------------------------------------------------------------------    -------------------

                         (clock clk_fpga_0 rise edge)
                                                     10.000    10.000 r  
    PS7_X0Y0             PS7                          0.000    10.000 r  aes_i/processing_system7_0/inst/PS7_i/FCLKCLK[0]
                         net (fo=1, routed)           1.088    11.088    aes_i/processing_system7_0/inst/FCLK_CLK_unbuffered[0]
    BUFGCTRL_X0Y16       BUFG (Prop_bufg_I_O)         0.091    11.179 r  aes_i/processing_system7_0/inst/buffer_fclk_clk_0.FCLK_CLK_0_BUFG/O
                         net (fo=17798, routed)       1.659    12.839    aes_wrapper/aes/aes_axi_interconnect_0_0/s00_couplers_imp_1CRHQWF/aes_axi_interconnect_0_imp_auto_ds_0/aes_axi_interconnect_0_imp_auto_ds_0_axi_dwidth_converter_v2_1_37_top/aes_axi_interconnect_0_imp_auto_ds_0_axi_dwidth_converter_v2_1_37_axi_downsizer/aes_axi_interconnect_0_imp_auto_ds_0_axi_dwidth_converter_v2_1_37_a_downsizer/aes_axi_interconnect_0_imp_auto_ds_0_axi_data_fifo_v2_1_36_axic_fifo__parameterized0/aes_axi_interconnect_0_imp_auto_ds_0_axi_data_fifo_v2_1_36_fifo_gen__parameterized0/<hidden>/<hidden>/<hidden>/<hidden>/<hidden>/<hidden>
    SLICE_X5Y48          FDCE                                         r  aes_wrapper/aes/aes_axi_interconnect_0_0/s00_couplers_imp_1CRHQWF/aes_axi_interconnect_0_imp_auto_ds_0/aes_axi_interconnect_0_imp_auto_ds_0_axi_dwidth_converter_v2_1_37_top/aes_axi_interconnect_0_imp_auto_ds_0_axi_dwidth_converter_v2_1_37_axi_downsizer/aes_axi_interconnect_0_imp_auto_ds_0_axi_dwidth_converter_v2_1_37_a_downsizer/aes_axi_interconnect_0_imp_auto_ds_0_axi_data_fifo_v2_1_36_axic_fifo__parameterized0/aes_axi_interconnect_0_imp_auto_ds_0_axi_data_fifo_v2_1_36_fifo_gen__parameterized0/<hidden>/<hidden>/<hidden>/<hidden>/<hidden>/<hidden>
                         clock pessimism              0.269    13.107    
                         clock uncertainty           -0.154    12.953    
    SLICE_X5Y48          FDCE (Recov_fdce_C_CLR)     -0.405    12.548    aes_wrapper/aes/aes_axi_interconnect_0_0/s00_couplers_imp_1CRHQWF/aes_axi_interconnect_0_imp_auto_ds_0/aes_axi_interconnect_0_imp_auto_ds_0_axi_dwidth_converter_v2_1_37_top/aes_axi_interconnect_0_imp_auto_ds_0_axi_dwidth_converter_v2_1_37_axi_downsizer/aes_axi_interconnect_0_imp_auto_ds_0_axi_dwidth_converter_v2_1_37_a_downsizer/aes_axi_interconnect_0_imp_auto_ds_0_axi_data_fifo_v2_1_36_axic_fifo__parameterized0/aes_axi_interconnect_0_imp_auto_ds_0_axi_data_fifo_v2_1_36_fifo_gen__parameterized0/<hidden>/<hidden>/<hidden>/<hidden>/<hidden>/<hidden>
  -------------------------------------------------------------------
                         required time                         12.548    
                         arrival time                          -5.901    
  -------------------------------------------------------------------
                         slack                                  6.647    

Slack (MET) :             6.647ns  (required time - arrival time)
  Source:                 aes_wrapper/aes/aes_axi_interconnect_0_0/s00_couplers_imp_1CRHQWF/aes_axi_interconnect_0_imp_auto_ds_0/aes_axi_interconnect_0_imp_auto_ds_0_axi_dwidth_converter_v2_1_37_top/aes_axi_interconnect_0_imp_auto_ds_0_axi_dwidth_converter_v2_1_37_axi_downsizer/aes_axi_interconnect_0_imp_auto_ds_0_axi_dwidth_converter_v2_1_37_a_downsizer/aes_axi_interconnect_0_imp_auto_ds_0_axi_data_fifo_v2_1_36_axic_fifo__parameterized0/aes_axi_interconnect_0_imp_auto_ds_0_axi_data_fifo_v2_1_36_fifo_gen__parameterized0/<hidden>/<hidden>/<hidden>/<hidden>/<hidden>/<hidden>
                            (rising edge-triggered cell FDPE clocked by clk_fpga_0  {rise@0.000ns fall@5.000ns period=10.000ns})
  Destination:            aes_wrapper/aes/aes_axi_interconnect_0_0/s00_couplers_imp_1CRHQWF/aes_axi_interconnect_0_imp_auto_ds_0/aes_axi_interconnect_0_imp_auto_ds_0_axi_dwidth_converter_v2_1_37_top/aes_axi_interconnect_0_imp_auto_ds_0_axi_dwidth_converter_v2_1_37_axi_downsizer/aes_axi_interconnect_0_imp_auto_ds_0_axi_dwidth_converter_v2_1_37_a_downsizer/aes_axi_interconnect_0_imp_auto_ds_0_axi_data_fifo_v2_1_36_axic_fifo__parameterized0/aes_axi_interconnect_0_imp_auto_ds_0_axi_data_fifo_v2_1_36_fifo_gen__parameterized0/<hidden>/<hidden>/<hidden>/<hidden>/<hidden>/<hidden>
                            (recovery check against rising-edge clock clk_fpga_0  {rise@0.000ns fall@5.000ns period=10.000ns})
  Path Group:             **async_default**
  Path Type:              Recovery (Max at Slow Process Corner)
  Requirement:            10.000ns  (clk_fpga_0 rise@10.000ns - clk_fpga_0 rise@0.000ns)
  Data Path Delay:        2.770ns  (logic 0.718ns (25.924%)  route 2.052ns (74.076%))
  Logic Levels:           1  (LUT3=1)
  Clock Path Skew:        -0.024ns (DCD - SCD + CPR)
    Destination Clock Delay (DCD):    2.838ns = ( 12.839 - 10.000 ) 
    Source Clock Delay      (SCD):    3.131ns
    Clock Pessimism Removal (CPR):    0.269ns
  Clock Uncertainty:      0.154ns  ((TSJ^2 + TIJ^2)^1/2 + DJ) / 2 + PE
    Total System Jitter     (TSJ):    0.071ns
    Total Input Jitter      (TIJ):    0.300ns
    Discrete Jitter          (DJ):    0.000ns
    Phase Error              (PE):    0.000ns

    Location             Delay type                Incr(ns)  Path(ns)    Netlist Resource(s)
  -------------------------------------------------------------------    -------------------
                         (clock clk_fpga_0 rise edge)
                                                      0.000     0.000 r  
    PS7_X0Y0             PS7                          0.000     0.000 r  aes_i/processing_system7_0/inst/PS7_i/FCLKCLK[0]
                         net (fo=1, routed)           1.193     1.193    aes_i/processing_system7_0/inst/FCLK_CLK_unbuffered[0]
    BUFGCTRL_X0Y16       BUFG (Prop_bufg_I_O)         0.101     1.294 r  aes_i/processing_system7_0/inst/buffer_fclk_clk_0.FCLK_CLK_0_BUFG/O
                         net (fo=17798, routed)       1.837     3.131    aes_wrapper/aes/aes_axi_interconnect_0_0/s00_couplers_imp_1CRHQWF/aes_axi_interconnect_0_imp_auto_ds_0/aes_axi_interconnect_0_imp_auto_ds_0_axi_dwidth_converter_v2_1_37_top/aes_axi_interconnect_0_imp_auto_ds_0_axi_dwidth_converter_v2_1_37_axi_downsizer/aes_axi_interconnect_0_imp_auto_ds_0_axi_dwidth_converter_v2_1_37_a_downsizer/aes_axi_interconnect_0_imp_auto_ds_0_axi_data_fifo_v2_1_36_axic_fifo__parameterized0/aes_axi_interconnect_0_imp_auto_ds_0_axi_data_fifo_v2_1_36_fifo_gen__parameterized0/<hidden>/<hidden>/<hidden>/<hidden>/<hidden>/<hidden>
    SLICE_X5Y45          FDPE                                         r  aes_wrapper/aes/aes_axi_interconnect_0_0/s00_couplers_imp_1CRHQWF/aes_axi_interconnect_0_imp_auto_ds_0/aes_axi_interconnect_0_imp_auto_ds_0_axi_dwidth_converter_v2_1_37_top/aes_axi_interconnect_0_imp_auto_ds_0_axi_dwidth_converter_v2_1_37_axi_downsizer/aes_axi_interconnect_0_imp_auto_ds_0_axi_dwidth_converter_v2_1_37_a_downsizer/aes_axi_interconnect_0_imp_auto_ds_0_axi_data_fifo_v2_1_36_axic_fifo__parameterized0/aes_axi_interconnect_0_imp_auto_ds_0_axi_data_fifo_v2_1_36_fifo_gen__parameterized0/<hidden>/<hidden>/<hidden>/<hidden>/<hidden>/<hidden>
  -------------------------------------------------------------------    -------------------
    SLICE_X5Y45          FDPE (Prop_fdpe_C_Q)         0.419     3.550 f  aes_wrapper/aes/aes_axi_interconnect_0_0/s00_couplers_imp_1CRHQWF/aes_axi_interconnect_0_imp_auto_ds_0/aes_axi_interconnect_0_imp_auto_ds_0_axi_dwidth_converter_v2_1_37_top/aes_axi_interconnect_0_imp_auto_ds_0_axi_dwidth_converter_v2_1_37_axi_downsizer/aes_axi_interconnect_0_imp_auto_ds_0_axi_dwidth_converter_v2_1_37_a_downsizer/aes_axi_interconnect_0_imp_auto_ds_0_axi_data_fifo_v2_1_36_axic_fifo__parameterized0/aes_axi_interconnect_0_imp_auto_ds_0_axi_data_fifo_v2_1_36_fifo_gen__parameterized0/<hidden>/<hidden>/<hidden>/<hidden>/<hidden>/<hidden>
                         net (fo=3, routed)           0.807     4.357    aes_wrapper/aes/aes_axi_interconnect_0_0/s00_couplers_imp_1CRHQWF/aes_axi_interconnect_0_imp_auto_ds_0/aes_axi_interconnect_0_imp_auto_ds_0_axi_dwidth_converter_v2_1_37_top/aes_axi_interconnect_0_imp_auto_ds_0_axi_dwidth_converter_v2_1_37_axi_downsizer/aes_axi_interconnect_0_imp_auto_ds_0_axi_dwidth_converter_v2_1_37_a_downsizer/aes_axi_interconnect_0_imp_auto_ds_0_axi_data_fifo_v2_1_36_axic_fifo__parameterized0/aes_axi_interconnect_0_imp_auto_ds_0_axi_data_fifo_v2_1_36_fifo_gen__parameterized0/<hidden>/<hidden>/<hidden>/<hidden>/<hidden>
    SLICE_X4Y46          LUT3 (Prop_lut3_I2_O)        0.299     4.656 f  aes_wrapper/aes/aes_axi_interconnect_0_0/s00_couplers_imp_1CRHQWF/aes_axi_interconnect_0_imp_auto_ds_0/aes_axi_interconnect_0_imp_auto_ds_0_axi_dwidth_converter_v2_1_37_top/aes_axi_interconnect_0_imp_auto_ds_0_axi_dwidth_converter_v2_1_37_axi_downsizer/aes_axi_interconnect_0_imp_auto_ds_0_axi_dwidth_converter_v2_1_37_a_downsizer/aes_axi_interconnect_0_imp_auto_ds_0_axi_data_fifo_v2_1_36_axic_fifo__parameterized0/aes_axi_interconnect_0_imp_auto_ds_0_axi_data_fifo_v2_1_36_fifo_gen__parameterized0/<hidden>/<hidden>/<hidden>/<hidden>/<hidden>
                         net (fo=32, routed)          1.245     5.901    aes_wrapper/aes/aes_axi_interconnect_0_0/s00_couplers_imp_1CRHQWF/aes_axi_interconnect_0_imp_auto_ds_0/aes_axi_interconnect_0_imp_auto_ds_0_axi_dwidth_converter_v2_1_37_top/aes_axi_interconnect_0_imp_auto_ds_0_axi_dwidth_converter_v2_1_37_axi_downsizer/aes_axi_interconnect_0_imp_auto_ds_0_axi_dwidth_converter_v2_1_37_a_downsizer/aes_axi_interconnect_0_imp_auto_ds_0_axi_data_fifo_v2_1_36_axic_fifo__parameterized0/aes_axi_interconnect_0_imp_auto_ds_0_axi_data_fifo_v2_1_36_fifo_gen__parameterized0/<hidden>/<hidden>/<hidden>/<hidden>/<hidden>/<hidden>
    SLICE_X5Y48          FDCE                                         f  aes_wrapper/aes/aes_axi_interconnect_0_0/s00_couplers_imp_1CRHQWF/aes_axi_interconnect_0_imp_auto_ds_0/aes_axi_interconnect_0_imp_auto_ds_0_axi_dwidth_converter_v2_1_37_top/aes_axi_interconnect_0_imp_auto_ds_0_axi_dwidth_converter_v2_1_37_axi_downsizer/aes_axi_interconnect_0_imp_auto_ds_0_axi_dwidth_converter_v2_1_37_a_downsizer/aes_axi_interconnect_0_imp_auto_ds_0_axi_data_fifo_v2_1_36_axic_fifo__parameterized0/aes_axi_interconnect_0_imp_auto_ds_0_axi_data_fifo_v2_1_36_fifo_gen__parameterized0/<hidden>/<hidden>/<hidden>/<hidden>/<hidden>/<hidden>
  -------------------------------------------------------------------    -------------------

                         (clock clk_fpga_0 rise edge)
                                                     10.000    10.000 r  
    PS7_X0Y0             PS7                          0.000    10.000 r  aes_i/processing_system7_0/inst/PS7_i/FCLKCLK[0]
                         net (fo=1, routed)           1.088    11.088    aes_i/processing_system7_0/inst/FCLK_CLK_unbuffered[0]
    BUFGCTRL_X0Y16       BUFG (Prop_bufg_I_O)         0.091    11.179 r  aes_i/processing_system7_0/inst/buffer_fclk_clk_0.FCLK_CLK_0_BUFG/O
                         net (fo=17798, routed)       1.659    12.839    aes_wrapper/aes/aes_axi_interconnect_0_0/s00_couplers_imp_1CRHQWF/aes_axi_interconnect_0_imp_auto_ds_0/aes_axi_interconnect_0_imp_auto_ds_0_axi_dwidth_converter_v2_1_37_top/aes_axi_interconnect_0_imp_auto_ds_0_axi_dwidth_converter_v2_1_37_axi_downsizer/aes_axi_interconnect_0_imp_auto_ds_0_axi_dwidth_converter_v2_1_37_a_downsizer/aes_axi_interconnect_0_imp_auto_ds_0_axi_data_fifo_v2_1_36_axic_fifo__parameterized0/aes_axi_interconnect_0_imp_auto_ds_0_axi_data_fifo_v2_1_36_fifo_gen__parameterized0/<hidden>/<hidden>/<hidden>/<hidden>/<hidden>/<hidden>
    SLICE_X5Y48          FDCE                                         r  aes_wrapper/aes/aes_axi_interconnect_0_0/s00_couplers_imp_1CRHQWF/aes_axi_interconnect_0_imp_auto_ds_0/aes_axi_interconnect_0_imp_auto_ds_0_axi_dwidth_converter_v2_1_37_top/aes_axi_interconnect_0_imp_auto_ds_0_axi_dwidth_converter_v2_1_37_axi_downsizer/aes_axi_interconnect_0_imp_auto_ds_0_axi_dwidth_converter_v2_1_37_a_downsizer/aes_axi_interconnect_0_imp_auto_ds_0_axi_data_fifo_v2_1_36_axic_fifo__parameterized0/aes_axi_interconnect_0_imp_auto_ds_0_axi_data_fifo_v2_1_36_fifo_gen__parameterized0/<hidden>/<hidden>/<hidden>/<hidden>/<hidden>/<hidden>
                         clock pessimism              0.269    13.107    
                         clock uncertainty           -0.154    12.953    
    SLICE_X5Y48          FDCE (Recov_fdce_C_CLR)     -0.405    12.548    aes_wrapper/aes/aes_axi_interconnect_0_0/s00_couplers_imp_1CRHQWF/aes_axi_interconnect_0_imp_auto_ds_0/aes_axi_interconnect_0_imp_auto_ds_0_axi_dwidth_converter_v2_1_37_top/aes_axi_interconnect_0_imp_auto_ds_0_axi_dwidth_converter_v2_1_37_axi_downsizer/aes_axi_interconnect_0_imp_auto_ds_0_axi_dwidth_converter_v2_1_37_a_downsizer/aes_axi_interconnect_0_imp_auto_ds_0_axi_data_fifo_v2_1_36_axic_fifo__parameterized0/aes_axi_interconnect_0_imp_auto_ds_0_axi_data_fifo_v2_1_36_fifo_gen__parameterized0/<hidden>/<hidden>/<hidden>/<hidden>/<hidden>/<hidden>
  -------------------------------------------------------------------
                         required time                         12.548    
                         arrival time                          -5.901    
  -------------------------------------------------------------------
                         slack                                  6.647    

Slack (MET) :             6.647ns  (required time - arrival time)
  Source:                 aes_wrapper/aes/aes_axi_interconnect_0_0/s00_couplers_imp_1CRHQWF/aes_axi_interconnect_0_imp_auto_ds_0/aes_axi_interconnect_0_imp_auto_ds_0_axi_dwidth_converter_v2_1_37_top/aes_axi_interconnect_0_imp_auto_ds_0_axi_dwidth_converter_v2_1_37_axi_downsizer/aes_axi_interconnect_0_imp_auto_ds_0_axi_dwidth_converter_v2_1_37_a_downsizer/aes_axi_interconnect_0_imp_auto_ds_0_axi_data_fifo_v2_1_36_axic_fifo__parameterized0/aes_axi_interconnect_0_imp_auto_ds_0_axi_data_fifo_v2_1_36_fifo_gen__parameterized0/<hidden>/<hidden>/<hidden>/<hidden>/<hidden>/<hidden>
                            (rising edge-triggered cell FDPE clocked by clk_fpga_0  {rise@0.000ns fall@5.000ns period=10.000ns})
  Destination:            aes_wrapper/aes/aes_axi_interconnect_0_0/s00_couplers_imp_1CRHQWF/aes_axi_interconnect_0_imp_auto_ds_0/aes_axi_interconnect_0_imp_auto_ds_0_axi_dwidth_converter_v2_1_37_top/aes_axi_interconnect_0_imp_auto_ds_0_axi_dwidth_converter_v2_1_37_axi_downsizer/aes_axi_interconnect_0_imp_auto_ds_0_axi_dwidth_converter_v2_1_37_a_downsizer/aes_axi_interconnect_0_imp_auto_ds_0_axi_data_fifo_v2_1_36_axic_fifo__parameterized0/aes_axi_interconnect_0_imp_auto_ds_0_axi_data_fifo_v2_1_36_fifo_gen__parameterized0/<hidden>/<hidden>/<hidden>/<hidden>/<hidden>/<hidden>
                            (recovery check against rising-edge clock clk_fpga_0  {rise@0.000ns fall@5.000ns period=10.000ns})
  Path Group:             **async_default**
  Path Type:              Recovery (Max at Slow Process Corner)
  Requirement:            10.000ns  (clk_fpga_0 rise@10.000ns - clk_fpga_0 rise@0.000ns)
  Data Path Delay:        2.770ns  (logic 0.718ns (25.924%)  route 2.052ns (74.076%))
  Logic Levels:           1  (LUT3=1)
  Clock Path Skew:        -0.024ns (DCD - SCD + CPR)
    Destination Clock Delay (DCD):    2.838ns = ( 12.839 - 10.000 ) 
    Source Clock Delay      (SCD):    3.131ns
    Clock Pessimism Removal (CPR):    0.269ns
  Clock Uncertainty:      0.154ns  ((TSJ^2 + TIJ^2)^1/2 + DJ) / 2 + PE
    Total System Jitter     (TSJ):    0.071ns
    Total Input Jitter      (TIJ):    0.300ns
    Discrete Jitter          (DJ):    0.000ns
    Phase Error              (PE):    0.000ns

    Location             Delay type                Incr(ns)  Path(ns)    Netlist Resource(s)
  -------------------------------------------------------------------    -------------------
                         (clock clk_fpga_0 rise edge)
                                                      0.000     0.000 r  
    PS7_X0Y0             PS7                          0.000     0.000 r  aes_i/processing_system7_0/inst/PS7_i/FCLKCLK[0]
                         net (fo=1, routed)           1.193     1.193    aes_i/processing_system7_0/inst/FCLK_CLK_unbuffered[0]
    BUFGCTRL_X0Y16       BUFG (Prop_bufg_I_O)         0.101     1.294 r  aes_i/processing_system7_0/inst/buffer_fclk_clk_0.FCLK_CLK_0_BUFG/O
                         net (fo=17798, routed)       1.837     3.131    aes_wrapper/aes/aes_axi_interconnect_0_0/s00_couplers_imp_1CRHQWF/aes_axi_interconnect_0_imp_auto_ds_0/aes_axi_interconnect_0_imp_auto_ds_0_axi_dwidth_converter_v2_1_37_top/aes_axi_interconnect_0_imp_auto_ds_0_axi_dwidth_converter_v2_1_37_axi_downsizer/aes_axi_interconnect_0_imp_auto_ds_0_axi_dwidth_converter_v2_1_37_a_downsizer/aes_axi_interconnect_0_imp_auto_ds_0_axi_data_fifo_v2_1_36_axic_fifo__parameterized0/aes_axi_interconnect_0_imp_auto_ds_0_axi_data_fifo_v2_1_36_fifo_gen__parameterized0/<hidden>/<hidden>/<hidden>/<hidden>/<hidden>/<hidden>
    SLICE_X5Y45          FDPE                                         r  aes_wrapper/aes/aes_axi_interconnect_0_0/s00_couplers_imp_1CRHQWF/aes_axi_interconnect_0_imp_auto_ds_0/aes_axi_interconnect_0_imp_auto_ds_0_axi_dwidth_converter_v2_1_37_top/aes_axi_interconnect_0_imp_auto_ds_0_axi_dwidth_converter_v2_1_37_axi_downsizer/aes_axi_interconnect_0_imp_auto_ds_0_axi_dwidth_converter_v2_1_37_a_downsizer/aes_axi_interconnect_0_imp_auto_ds_0_axi_data_fifo_v2_1_36_axic_fifo__parameterized0/aes_axi_interconnect_0_imp_auto_ds_0_axi_data_fifo_v2_1_36_fifo_gen__parameterized0/<hidden>/<hidden>/<hidden>/<hidden>/<hidden>/<hidden>
  -------------------------------------------------------------------    -------------------
    SLICE_X5Y45          FDPE (Prop_fdpe_C_Q)         0.419     3.550 f  aes_wrapper/aes/aes_axi_interconnect_0_0/s00_couplers_imp_1CRHQWF/aes_axi_interconnect_0_imp_auto_ds_0/aes_axi_interconnect_0_imp_auto_ds_0_axi_dwidth_converter_v2_1_37_top/aes_axi_interconnect_0_imp_auto_ds_0_axi_dwidth_converter_v2_1_37_axi_downsizer/aes_axi_interconnect_0_imp_auto_ds_0_axi_dwidth_converter_v2_1_37_a_downsizer/aes_axi_interconnect_0_imp_auto_ds_0_axi_data_fifo_v2_1_36_axic_fifo__parameterized0/aes_axi_interconnect_0_imp_auto_ds_0_axi_data_fifo_v2_1_36_fifo_gen__parameterized0/<hidden>/<hidden>/<hidden>/<hidden>/<hidden>/<hidden>
                         net (fo=3, routed)           0.807     4.357    aes_wrapper/aes/aes_axi_interconnect_0_0/s00_couplers_imp_1CRHQWF/aes_axi_interconnect_0_imp_auto_ds_0/aes_axi_interconnect_0_imp_auto_ds_0_axi_dwidth_converter_v2_1_37_top/aes_axi_interconnect_0_imp_auto_ds_0_axi_dwidth_converter_v2_1_37_axi_downsizer/aes_axi_interconnect_0_imp_auto_ds_0_axi_dwidth_converter_v2_1_37_a_downsizer/aes_axi_interconnect_0_imp_auto_ds_0_axi_data_fifo_v2_1_36_axic_fifo__parameterized0/aes_axi_interconnect_0_imp_auto_ds_0_axi_data_fifo_v2_1_36_fifo_gen__parameterized0/<hidden>/<hidden>/<hidden>/<hidden>/<hidden>
    SLICE_X4Y46          LUT3 (Prop_lut3_I2_O)        0.299     4.656 f  aes_wrapper/aes/aes_axi_interconnect_0_0/s00_couplers_imp_1CRHQWF/aes_axi_interconnect_0_imp_auto_ds_0/aes_axi_interconnect_0_imp_auto_ds_0_axi_dwidth_converter_v2_1_37_top/aes_axi_interconnect_0_imp_auto_ds_0_axi_dwidth_converter_v2_1_37_axi_downsizer/aes_axi_interconnect_0_imp_auto_ds_0_axi_dwidth_converter_v2_1_37_a_downsizer/aes_axi_interconnect_0_imp_auto_ds_0_axi_data_fifo_v2_1_36_axic_fifo__parameterized0/aes_axi_interconnect_0_imp_auto_ds_0_axi_data_fifo_v2_1_36_fifo_gen__parameterized0/<hidden>/<hidden>/<hidden>/<hidden>/<hidden>
                         net (fo=32, routed)          1.245     5.901    aes_wrapper/aes/aes_axi_interconnect_0_0/s00_couplers_imp_1CRHQWF/aes_axi_interconnect_0_imp_auto_ds_0/aes_axi_interconnect_0_imp_auto_ds_0_axi_dwidth_converter_v2_1_37_top/aes_axi_interconnect_0_imp_auto_ds_0_axi_dwidth_converter_v2_1_37_axi_downsizer/aes_axi_interconnect_0_imp_auto_ds_0_axi_dwidth_converter_v2_1_37_a_downsizer/aes_axi_interconnect_0_imp_auto_ds_0_axi_data_fifo_v2_1_36_axic_fifo__parameterized0/aes_axi_interconnect_0_imp_auto_ds_0_axi_data_fifo_v2_1_36_fifo_gen__parameterized0/<hidden>/<hidden>/<hidden>/<hidden>/<hidden>/<hidden>
    SLICE_X5Y48          FDCE                                         f  aes_wrapper/aes/aes_axi_interconnect_0_0/s00_couplers_imp_1CRHQWF/aes_axi_interconnect_0_imp_auto_ds_0/aes_axi_interconnect_0_imp_auto_ds_0_axi_dwidth_converter_v2_1_37_top/aes_axi_interconnect_0_imp_auto_ds_0_axi_dwidth_converter_v2_1_37_axi_downsizer/aes_axi_interconnect_0_imp_auto_ds_0_axi_dwidth_converter_v2_1_37_a_downsizer/aes_axi_interconnect_0_imp_auto_ds_0_axi_data_fifo_v2_1_36_axic_fifo__parameterized0/aes_axi_interconnect_0_imp_auto_ds_0_axi_data_fifo_v2_1_36_fifo_gen__parameterized0/<hidden>/<hidden>/<hidden>/<hidden>/<hidden>/<hidden>
  -------------------------------------------------------------------    -------------------

                         (clock clk_fpga_0 rise edge)
                                                     10.000    10.000 r  
    PS7_X0Y0             PS7                          0.000    10.000 r  aes_i/processing_system7_0/inst/PS7_i/FCLKCLK[0]
                         net (fo=1, routed)           1.088    11.088    aes_i/processing_system7_0/inst/FCLK_CLK_unbuffered[0]
    BUFGCTRL_X0Y16       BUFG (Prop_bufg_I_O)         0.091    11.179 r  aes_i/processing_system7_0/inst/buffer_fclk_clk_0.FCLK_CLK_0_BUFG/O
                         net (fo=17798, routed)       1.659    12.839    aes_wrapper/aes/aes_axi_interconnect_0_0/s00_couplers_imp_1CRHQWF/aes_axi_interconnect_0_imp_auto_ds_0/aes_axi_interconnect_0_imp_auto_ds_0_axi_dwidth_converter_v2_1_37_top/aes_axi_interconnect_0_imp_auto_ds_0_axi_dwidth_converter_v2_1_37_axi_downsizer/aes_axi_interconnect_0_imp_auto_ds_0_axi_dwidth_converter_v2_1_37_a_downsizer/aes_axi_interconnect_0_imp_auto_ds_0_axi_data_fifo_v2_1_36_axic_fifo__parameterized0/aes_axi_interconnect_0_imp_auto_ds_0_axi_data_fifo_v2_1_36_fifo_gen__parameterized0/<hidden>/<hidden>/<hidden>/<hidden>/<hidden>/<hidden>
    SLICE_X5Y48          FDCE                                         r  aes_wrapper/aes/aes_axi_interconnect_0_0/s00_couplers_imp_1CRHQWF/aes_axi_interconnect_0_imp_auto_ds_0/aes_axi_interconnect_0_imp_auto_ds_0_axi_dwidth_converter_v2_1_37_top/aes_axi_interconnect_0_imp_auto_ds_0_axi_dwidth_converter_v2_1_37_axi_downsizer/aes_axi_interconnect_0_imp_auto_ds_0_axi_dwidth_converter_v2_1_37_a_downsizer/aes_axi_interconnect_0_imp_auto_ds_0_axi_data_fifo_v2_1_36_axic_fifo__parameterized0/aes_axi_interconnect_0_imp_auto_ds_0_axi_data_fifo_v2_1_36_fifo_gen__parameterized0/<hidden>/<hidden>/<hidden>/<hidden>/<hidden>/<hidden>
                         clock pessimism              0.269    13.107    
                         clock uncertainty           -0.154    12.953    
    SLICE_X5Y48          FDCE (Recov_fdce_C_CLR)     -0.405    12.548    aes_wrapper/aes/aes_axi_interconnect_0_0/s00_couplers_imp_1CRHQWF/aes_axi_interconnect_0_imp_auto_ds_0/aes_axi_interconnect_0_imp_auto_ds_0_axi_dwidth_converter_v2_1_37_top/aes_axi_interconnect_0_imp_auto_ds_0_axi_dwidth_converter_v2_1_37_axi_downsizer/aes_axi_interconnect_0_imp_auto_ds_0_axi_dwidth_converter_v2_1_37_a_downsizer/aes_axi_interconnect_0_imp_auto_ds_0_axi_data_fifo_v2_1_36_axic_fifo__parameterized0/aes_axi_interconnect_0_imp_auto_ds_0_axi_data_fifo_v2_1_36_fifo_gen__parameterized0/<hidden>/<hidden>/<hidden>/<hidden>/<hidden>/<hidden>
  -------------------------------------------------------------------
                         required time                         12.548    
                         arrival time                          -5.901    
  -------------------------------------------------------------------
                         slack                                  6.647    

Slack (MET) :             6.647ns  (required time - arrival time)
  Source:                 aes_wrapper/aes/aes_axi_interconnect_0_0/s00_couplers_imp_1CRHQWF/aes_axi_interconnect_0_imp_auto_ds_0/aes_axi_interconnect_0_imp_auto_ds_0_axi_dwidth_converter_v2_1_37_top/aes_axi_interconnect_0_imp_auto_ds_0_axi_dwidth_converter_v2_1_37_axi_downsizer/aes_axi_interconnect_0_imp_auto_ds_0_axi_dwidth_converter_v2_1_37_a_downsizer/aes_axi_interconnect_0_imp_auto_ds_0_axi_data_fifo_v2_1_36_axic_fifo__parameterized0/aes_axi_interconnect_0_imp_auto_ds_0_axi_data_fifo_v2_1_36_fifo_gen__parameterized0/<hidden>/<hidden>/<hidden>/<hidden>/<hidden>/<hidden>
                            (rising edge-triggered cell FDPE clocked by clk_fpga_0  {rise@0.000ns fall@5.000ns period=10.000ns})
  Destination:            aes_wrapper/aes/aes_axi_interconnect_0_0/s00_couplers_imp_1CRHQWF/aes_axi_interconnect_0_imp_auto_ds_0/aes_axi_interconnect_0_imp_auto_ds_0_axi_dwidth_converter_v2_1_37_top/aes_axi_interconnect_0_imp_auto_ds_0_axi_dwidth_converter_v2_1_37_axi_downsizer/aes_axi_interconnect_0_imp_auto_ds_0_axi_dwidth_converter_v2_1_37_a_downsizer/aes_axi_interconnect_0_imp_auto_ds_0_axi_data_fifo_v2_1_36_axic_fifo__parameterized0/aes_axi_interconnect_0_imp_auto_ds_0_axi_data_fifo_v2_1_36_fifo_gen__parameterized0/<hidden>/<hidden>/<hidden>/<hidden>/<hidden>/<hidden>
                            (recovery check against rising-edge clock clk_fpga_0  {rise@0.000ns fall@5.000ns period=10.000ns})
  Path Group:             **async_default**
  Path Type:              Recovery (Max at Slow Process Corner)
  Requirement:            10.000ns  (clk_fpga_0 rise@10.000ns - clk_fpga_0 rise@0.000ns)
  Data Path Delay:        2.770ns  (logic 0.718ns (25.924%)  route 2.052ns (74.076%))
  Logic Levels:           1  (LUT3=1)
  Clock Path Skew:        -0.024ns (DCD - SCD + CPR)
    Destination Clock Delay (DCD):    2.838ns = ( 12.839 - 10.000 ) 
    Source Clock Delay      (SCD):    3.131ns
    Clock Pessimism Removal (CPR):    0.269ns
  Clock Uncertainty:      0.154ns  ((TSJ^2 + TIJ^2)^1/2 + DJ) / 2 + PE
    Total System Jitter     (TSJ):    0.071ns
    Total Input Jitter      (TIJ):    0.300ns
    Discrete Jitter          (DJ):    0.000ns
    Phase Error              (PE):    0.000ns

    Location             Delay type                Incr(ns)  Path(ns)    Netlist Resource(s)
  -------------------------------------------------------------------    -------------------
                         (clock clk_fpga_0 rise edge)
                                                      0.000     0.000 r  
    PS7_X0Y0             PS7                          0.000     0.000 r  aes_i/processing_system7_0/inst/PS7_i/FCLKCLK[0]
                         net (fo=1, routed)           1.193     1.193    aes_i/processing_system7_0/inst/FCLK_CLK_unbuffered[0]
    BUFGCTRL_X0Y16       BUFG (Prop_bufg_I_O)         0.101     1.294 r  aes_i/processing_system7_0/inst/buffer_fclk_clk_0.FCLK_CLK_0_BUFG/O
                         net (fo=17798, routed)       1.837     3.131    aes_wrapper/aes/aes_axi_interconnect_0_0/s00_couplers_imp_1CRHQWF/aes_axi_interconnect_0_imp_auto_ds_0/aes_axi_interconnect_0_imp_auto_ds_0_axi_dwidth_converter_v2_1_37_top/aes_axi_interconnect_0_imp_auto_ds_0_axi_dwidth_converter_v2_1_37_axi_downsizer/aes_axi_interconnect_0_imp_auto_ds_0_axi_dwidth_converter_v2_1_37_a_downsizer/aes_axi_interconnect_0_imp_auto_ds_0_axi_data_fifo_v2_1_36_axic_fifo__parameterized0/aes_axi_interconnect_0_imp_auto_ds_0_axi_data_fifo_v2_1_36_fifo_gen__parameterized0/<hidden>/<hidden>/<hidden>/<hidden>/<hidden>/<hidden>
    SLICE_X5Y45          FDPE                                         r  aes_wrapper/aes/aes_axi_interconnect_0_0/s00_couplers_imp_1CRHQWF/aes_axi_interconnect_0_imp_auto_ds_0/aes_axi_interconnect_0_imp_auto_ds_0_axi_dwidth_converter_v2_1_37_top/aes_axi_interconnect_0_imp_auto_ds_0_axi_dwidth_converter_v2_1_37_axi_downsizer/aes_axi_interconnect_0_imp_auto_ds_0_axi_dwidth_converter_v2_1_37_a_downsizer/aes_axi_interconnect_0_imp_auto_ds_0_axi_data_fifo_v2_1_36_axic_fifo__parameterized0/aes_axi_interconnect_0_imp_auto_ds_0_axi_data_fifo_v2_1_36_fifo_gen__parameterized0/<hidden>/<hidden>/<hidden>/<hidden>/<hidden>/<hidden>
  -------------------------------------------------------------------    -------------------
    SLICE_X5Y45          FDPE (Prop_fdpe_C_Q)         0.419     3.550 f  aes_wrapper/aes/aes_axi_interconnect_0_0/s00_couplers_imp_1CRHQWF/aes_axi_interconnect_0_imp_auto_ds_0/aes_axi_interconnect_0_imp_auto_ds_0_axi_dwidth_converter_v2_1_37_top/aes_axi_interconnect_0_imp_auto_ds_0_axi_dwidth_converter_v2_1_37_axi_downsizer/aes_axi_interconnect_0_imp_auto_ds_0_axi_dwidth_converter_v2_1_37_a_downsizer/aes_axi_interconnect_0_imp_auto_ds_0_axi_data_fifo_v2_1_36_axic_fifo__parameterized0/aes_axi_interconnect_0_imp_auto_ds_0_axi_data_fifo_v2_1_36_fifo_gen__parameterized0/<hidden>/<hidden>/<hidden>/<hidden>/<hidden>/<hidden>
                         net (fo=3, routed)           0.807     4.357    aes_wrapper/aes/aes_axi_interconnect_0_0/s00_couplers_imp_1CRHQWF/aes_axi_interconnect_0_imp_auto_ds_0/aes_axi_interconnect_0_imp_auto_ds_0_axi_dwidth_converter_v2_1_37_top/aes_axi_interconnect_0_imp_auto_ds_0_axi_dwidth_converter_v2_1_37_axi_downsizer/aes_axi_interconnect_0_imp_auto_ds_0_axi_dwidth_converter_v2_1_37_a_downsizer/aes_axi_interconnect_0_imp_auto_ds_0_axi_data_fifo_v2_1_36_axic_fifo__parameterized0/aes_axi_interconnect_0_imp_auto_ds_0_axi_data_fifo_v2_1_36_fifo_gen__parameterized0/<hidden>/<hidden>/<hidden>/<hidden>/<hidden>
    SLICE_X4Y46          LUT3 (Prop_lut3_I2_O)        0.299     4.656 f  aes_wrapper/aes/aes_axi_interconnect_0_0/s00_couplers_imp_1CRHQWF/aes_axi_interconnect_0_imp_auto_ds_0/aes_axi_interconnect_0_imp_auto_ds_0_axi_dwidth_converter_v2_1_37_top/aes_axi_interconnect_0_imp_auto_ds_0_axi_dwidth_converter_v2_1_37_axi_downsizer/aes_axi_interconnect_0_imp_auto_ds_0_axi_dwidth_converter_v2_1_37_a_downsizer/aes_axi_interconnect_0_imp_auto_ds_0_axi_data_fifo_v2_1_36_axic_fifo__parameterized0/aes_axi_interconnect_0_imp_auto_ds_0_axi_data_fifo_v2_1_36_fifo_gen__parameterized0/<hidden>/<hidden>/<hidden>/<hidden>/<hidden>
                         net (fo=32, routed)          1.245     5.901    aes_wrapper/aes/aes_axi_interconnect_0_0/s00_couplers_imp_1CRHQWF/aes_axi_interconnect_0_imp_auto_ds_0/aes_axi_interconnect_0_imp_auto_ds_0_axi_dwidth_converter_v2_1_37_top/aes_axi_interconnect_0_imp_auto_ds_0_axi_dwidth_converter_v2_1_37_axi_downsizer/aes_axi_interconnect_0_imp_auto_ds_0_axi_dwidth_converter_v2_1_37_a_downsizer/aes_axi_interconnect_0_imp_auto_ds_0_axi_data_fifo_v2_1_36_axic_fifo__parameterized0/aes_axi_interconnect_0_imp_auto_ds_0_axi_data_fifo_v2_1_36_fifo_gen__parameterized0/<hidden>/<hidden>/<hidden>/<hidden>/<hidden>/<hidden>
    SLICE_X5Y48          FDCE                                         f  aes_wrapper/aes/aes_axi_interconnect_0_0/s00_couplers_imp_1CRHQWF/aes_axi_interconnect_0_imp_auto_ds_0/aes_axi_interconnect_0_imp_auto_ds_0_axi_dwidth_converter_v2_1_37_top/aes_axi_interconnect_0_imp_auto_ds_0_axi_dwidth_converter_v2_1_37_axi_downsizer/aes_axi_interconnect_0_imp_auto_ds_0_axi_dwidth_converter_v2_1_37_a_downsizer/aes_axi_interconnect_0_imp_auto_ds_0_axi_data_fifo_v2_1_36_axic_fifo__parameterized0/aes_axi_interconnect_0_imp_auto_ds_0_axi_data_fifo_v2_1_36_fifo_gen__parameterized0/<hidden>/<hidden>/<hidden>/<hidden>/<hidden>/<hidden>
  -------------------------------------------------------------------    -------------------

                         (clock clk_fpga_0 rise edge)
                                                     10.000    10.000 r  
    PS7_X0Y0             PS7                          0.000    10.000 r  aes_i/processing_system7_0/inst/PS7_i/FCLKCLK[0]
                         net (fo=1, routed)           1.088    11.088    aes_i/processing_system7_0/inst/FCLK_CLK_unbuffered[0]
    BUFGCTRL_X0Y16       BUFG (Prop_bufg_I_O)         0.091    11.179 r  aes_i/processing_system7_0/inst/buffer_fclk_clk_0.FCLK_CLK_0_BUFG/O
                         net (fo=17798, routed)       1.659    12.839    aes_wrapper/aes/aes_axi_interconnect_0_0/s00_couplers_imp_1CRHQWF/aes_axi_interconnect_0_imp_auto_ds_0/aes_axi_interconnect_0_imp_auto_ds_0_axi_dwidth_converter_v2_1_37_top/aes_axi_interconnect_0_imp_auto_ds_0_axi_dwidth_converter_v2_1_37_axi_downsizer/aes_axi_interconnect_0_imp_auto_ds_0_axi_dwidth_converter_v2_1_37_a_downsizer/aes_axi_interconnect_0_imp_auto_ds_0_axi_data_fifo_v2_1_36_axic_fifo__parameterized0/aes_axi_interconnect_0_imp_auto_ds_0_axi_data_fifo_v2_1_36_fifo_gen__parameterized0/<hidden>/<hidden>/<hidden>/<hidden>/<hidden>/<hidden>
    SLICE_X5Y48          FDCE                                         r  aes_wrapper/aes/aes_axi_interconnect_0_0/s00_couplers_imp_1CRHQWF/aes_axi_interconnect_0_imp_auto_ds_0/aes_axi_interconnect_0_imp_auto_ds_0_axi_dwidth_converter_v2_1_37_top/aes_axi_interconnect_0_imp_auto_ds_0_axi_dwidth_converter_v2_1_37_axi_downsizer/aes_axi_interconnect_0_imp_auto_ds_0_axi_dwidth_converter_v2_1_37_a_downsizer/aes_axi_interconnect_0_imp_auto_ds_0_axi_data_fifo_v2_1_36_axic_fifo__parameterized0/aes_axi_interconnect_0_imp_auto_ds_0_axi_data_fifo_v2_1_36_fifo_gen__parameterized0/<hidden>/<hidden>/<hidden>/<hidden>/<hidden>/<hidden>
                         clock pessimism              0.269    13.107    
                         clock uncertainty           -0.154    12.953    
    SLICE_X5Y48          FDCE (Recov_fdce_C_CLR)     -0.405    12.548    aes_wrapper/aes/aes_axi_interconnect_0_0/s00_couplers_imp_1CRHQWF/aes_axi_interconnect_0_imp_auto_ds_0/aes_axi_interconnect_0_imp_auto_ds_0_axi_dwidth_converter_v2_1_37_top/aes_axi_interconnect_0_imp_auto_ds_0_axi_dwidth_converter_v2_1_37_axi_downsizer/aes_axi_interconnect_0_imp_auto_ds_0_axi_dwidth_converter_v2_1_37_a_downsizer/aes_axi_interconnect_0_imp_auto_ds_0_axi_data_fifo_v2_1_36_axic_fifo__parameterized0/aes_axi_interconnect_0_imp_auto_ds_0_axi_data_fifo_v2_1_36_fifo_gen__parameterized0/<hidden>/<hidden>/<hidden>/<hidden>/<hidden>/<hidden>
  -------------------------------------------------------------------
                         required time                         12.548    
                         arrival time                          -5.901    
  -------------------------------------------------------------------
                         slack                                  6.647    





Min Delay Paths
--------------------------------------------------------------------------------------
Slack (MET) :             0.503ns  (arrival time - required time)
  Source:                 aes_wrapper/aes/aes_axi_interconnect_1_0/s00_couplers_imp_B4JP64/aes_axi_interconnect_1_imp_auto_ds_0/aes_axi_interconnect_1_imp_auto_ds_0_axi_dwidth_converter_v2_1_37_top/aes_axi_interconnect_1_imp_auto_ds_0_axi_dwidth_converter_v2_1_37_axi_downsizer/aes_axi_interconnect_1_imp_auto_ds_0_axi_dwidth_converter_v2_1_37_a_downsizer/aes_axi_interconnect_1_imp_auto_ds_0_axi_data_fifo_v2_1_36_axic_fifo__parameterized1/aes_axi_interconnect_1_imp_auto_ds_0_axi_data_fifo_v2_1_36_fifo_gen__parameterized1/<hidden>/<hidden>/<hidden>/<hidden>/<hidden>/<hidden>
                            (rising edge-triggered cell FDPE clocked by clk_fpga_0  {rise@0.000ns fall@5.000ns period=10.000ns})
  Destination:            aes_wrapper/aes/aes_axi_interconnect_1_0/s00_couplers_imp_B4JP64/aes_axi_interconnect_1_imp_auto_ds_0/aes_axi_interconnect_1_imp_auto_ds_0_axi_dwidth_converter_v2_1_37_top/aes_axi_interconnect_1_imp_auto_ds_0_axi_dwidth_converter_v2_1_37_axi_downsizer/aes_axi_interconnect_1_imp_auto_ds_0_axi_dwidth_converter_v2_1_37_a_downsizer/aes_axi_interconnect_1_imp_auto_ds_0_axi_data_fifo_v2_1_36_axic_fifo__parameterized1/aes_axi_interconnect_1_imp_auto_ds_0_axi_data_fifo_v2_1_36_fifo_gen__parameterized1/<hidden>/<hidden>/<hidden>/<hidden>/<hidden>/<hidden>
                            (removal check against rising-edge clock clk_fpga_0  {rise@0.000ns fall@5.000ns period=10.000ns})
  Path Group:             **async_default**
  Path Type:              Removal (Min at Fast Process Corner)
  Requirement:            0.000ns  (clk_fpga_0 rise@0.000ns - clk_fpga_0 rise@0.000ns)
  Data Path Delay:        0.676ns  (logic 0.246ns (36.372%)  route 0.430ns (63.628%))
  Logic Levels:           1  (LUT3=1)
  Clock Path Skew:        0.265ns (DCD - SCD - CPR)
    Destination Clock Delay (DCD):    1.178ns
    Source Clock Delay      (SCD):    0.878ns
    Clock Pessimism Removal (CPR):    0.035ns

    Location             Delay type                Incr(ns)  Path(ns)    Netlist Resource(s)
  -------------------------------------------------------------------    -------------------
                         (clock clk_fpga_0 rise edge)
                                                      0.000     0.000 r  
    PS7_X0Y0             PS7                          0.000     0.000 r  aes_i/processing_system7_0/inst/PS7_i/FCLKCLK[0]
                         net (fo=1, routed)           0.310     0.310    aes_i/processing_system7_0/inst/FCLK_CLK_unbuffered[0]
    BUFGCTRL_X0Y16       BUFG (Prop_bufg_I_O)         0.026     0.336 r  aes_i/processing_system7_0/inst/buffer_fclk_clk_0.FCLK_CLK_0_BUFG/O
                         net (fo=17798, routed)       0.542     0.878    aes_wrapper/aes/aes_axi_interconnect_1_0/s00_couplers_imp_B4JP64/aes_axi_interconnect_1_imp_auto_ds_0/aes_axi_interconnect_1_imp_auto_ds_0_axi_dwidth_converter_v2_1_37_top/aes_axi_interconnect_1_imp_auto_ds_0_axi_dwidth_converter_v2_1_37_axi_downsizer/aes_axi_interconnect_1_imp_auto_ds_0_axi_dwidth_converter_v2_1_37_a_downsizer/aes_axi_interconnect_1_imp_auto_ds_0_axi_data_fifo_v2_1_36_axic_fifo__parameterized1/aes_axi_interconnect_1_imp_auto_ds_0_axi_data_fifo_v2_1_36_fifo_gen__parameterized1/<hidden>/<hidden>/<hidden>/<hidden>/<hidden>/<hidden>
    SLICE_X50Y78         FDPE                                         r  aes_wrapper/aes/aes_axi_interconnect_1_0/s00_couplers_imp_B4JP64/aes_axi_interconnect_1_imp_auto_ds_0/aes_axi_interconnect_1_imp_auto_ds_0_axi_dwidth_converter_v2_1_37_top/aes_axi_interconnect_1_imp_auto_ds_0_axi_dwidth_converter_v2_1_37_axi_downsizer/aes_axi_interconnect_1_imp_auto_ds_0_axi_dwidth_converter_v2_1_37_a_downsizer/aes_axi_interconnect_1_imp_auto_ds_0_axi_data_fifo_v2_1_36_axic_fifo__parameterized1/aes_axi_interconnect_1_imp_auto_ds_0_axi_data_fifo_v2_1_36_fifo_gen__parameterized1/<hidden>/<hidden>/<hidden>/<hidden>/<hidden>/<hidden>
  -------------------------------------------------------------------    -------------------
    SLICE_X50Y78         FDPE (Prop_fdpe_C_Q)         0.148     1.026 f  aes_wrapper/aes/aes_axi_interconnect_1_0/s00_couplers_imp_B4JP64/aes_axi_interconnect_1_imp_auto_ds_0/aes_axi_interconnect_1_imp_auto_ds_0_axi_dwidth_converter_v2_1_37_top/aes_axi_interconnect_1_imp_auto_ds_0_axi_dwidth_converter_v2_1_37_axi_downsizer/aes_axi_interconnect_1_imp_auto_ds_0_axi_dwidth_converter_v2_1_37_a_downsizer/aes_axi_interconnect_1_imp_auto_ds_0_axi_data_fifo_v2_1_36_axic_fifo__parameterized1/aes_axi_interconnect_1_imp_auto_ds_0_axi_data_fifo_v2_1_36_fifo_gen__parameterized1/<hidden>/<hidden>/<hidden>/<hidden>/<hidden>/<hidden>
                         net (fo=3, routed)           0.251     1.276    aes_wrapper/aes/aes_axi_interconnect_1_0/s00_couplers_imp_B4JP64/aes_axi_interconnect_1_imp_auto_ds_0/aes_axi_interconnect_1_imp_auto_ds_0_axi_dwidth_converter_v2_1_37_top/aes_axi_interconnect_1_imp_auto_ds_0_axi_dwidth_converter_v2_1_37_axi_downsizer/aes_axi_interconnect_1_imp_auto_ds_0_axi_dwidth_converter_v2_1_37_a_downsizer/aes_axi_interconnect_1_imp_auto_ds_0_axi_data_fifo_v2_1_36_axic_fifo__parameterized1/aes_axi_interconnect_1_imp_auto_ds_0_axi_data_fifo_v2_1_36_fifo_gen__parameterized1/<hidden>/<hidden>/<hidden>/<hidden>/<hidden>
    SLICE_X48Y78         LUT3 (Prop_lut3_I2_O)        0.098     1.374 f  aes_wrapper/aes/aes_axi_interconnect_1_0/s00_couplers_imp_B4JP64/aes_axi_interconnect_1_imp_auto_ds_0/aes_axi_interconnect_1_imp_auto_ds_0_axi_dwidth_converter_v2_1_37_top/aes_axi_interconnect_1_imp_auto_ds_0_axi_dwidth_converter_v2_1_37_axi_downsizer/aes_axi_interconnect_1_imp_auto_ds_0_axi_dwidth_converter_v2_1_37_a_downsizer/aes_axi_interconnect_1_imp_auto_ds_0_axi_data_fifo_v2_1_36_axic_fifo__parameterized1/aes_axi_interconnect_1_imp_auto_ds_0_axi_data_fifo_v2_1_36_fifo_gen__parameterized1/<hidden>/<hidden>/<hidden>/<hidden>/<hidden>
                         net (fo=32, routed)          0.180     1.554    aes_wrapper/aes/aes_axi_interconnect_1_0/s00_couplers_imp_B4JP64/aes_axi_interconnect_1_imp_auto_ds_0/aes_axi_interconnect_1_imp_auto_ds_0_axi_dwidth_converter_v2_1_37_top/aes_axi_interconnect_1_imp_auto_ds_0_axi_dwidth_converter_v2_1_37_axi_downsizer/aes_axi_interconnect_1_imp_auto_ds_0_axi_dwidth_converter_v2_1_37_a_downsizer/aes_axi_interconnect_1_imp_auto_ds_0_axi_data_fifo_v2_1_36_axic_fifo__parameterized1/aes_axi_interconnect_1_imp_auto_ds_0_axi_data_fifo_v2_1_36_fifo_gen__parameterized1/<hidden>/<hidden>/<hidden>/<hidden>/<hidden>/<hidden>
    SLICE_X48Y78         FDCE                                         f  aes_wrapper/aes/aes_axi_interconnect_1_0/s00_couplers_imp_B4JP64/aes_axi_interconnect_1_imp_auto_ds_0/aes_axi_interconnect_1_imp_auto_ds_0_axi_dwidth_converter_v2_1_37_top/aes_axi_interconnect_1_imp_auto_ds_0_axi_dwidth_converter_v2_1_37_axi_downsizer/aes_axi_interconnect_1_imp_auto_ds_0_axi_dwidth_converter_v2_1_37_a_downsizer/aes_axi_interconnect_1_imp_auto_ds_0_axi_data_fifo_v2_1_36_axic_fifo__parameterized1/aes_axi_interconnect_1_imp_auto_ds_0_axi_data_fifo_v2_1_36_fifo_gen__parameterized1/<hidden>/<hidden>/<hidden>/<hidden>/<hidden>/<hidden>
  -------------------------------------------------------------------    -------------------

                         (clock clk_fpga_0 rise edge)
                                                      0.000     0.000 r  
    PS7_X0Y0             PS7                          0.000     0.000 r  aes_i/processing_system7_0/inst/PS7_i/FCLKCLK[0]
                         net (fo=1, routed)           0.337     0.337    aes_i/processing_system7_0/inst/FCLK_CLK_unbuffered[0]
    BUFGCTRL_X0Y16       BUFG (Prop_bufg_I_O)         0.029     0.366 r  aes_i/processing_system7_0/inst/buffer_fclk_clk_0.FCLK_CLK_0_BUFG/O
                         net (fo=17798, routed)       0.812     1.178    aes_wrapper/aes/aes_axi_interconnect_1_0/s00_couplers_imp_B4JP64/aes_axi_interconnect_1_imp_auto_ds_0/aes_axi_interconnect_1_imp_auto_ds_0_axi_dwidth_converter_v2_1_37_top/aes_axi_interconnect_1_imp_auto_ds_0_axi_dwidth_converter_v2_1_37_axi_downsizer/aes_axi_interconnect_1_imp_auto_ds_0_axi_dwidth_converter_v2_1_37_a_downsizer/aes_axi_interconnect_1_imp_auto_ds_0_axi_data_fifo_v2_1_36_axic_fifo__parameterized1/aes_axi_interconnect_1_imp_auto_ds_0_axi_data_fifo_v2_1_36_fifo_gen__parameterized1/<hidden>/<hidden>/<hidden>/<hidden>/<hidden>/<hidden>
    SLICE_X48Y78         FDCE                                         r  aes_wrapper/aes/aes_axi_interconnect_1_0/s00_couplers_imp_B4JP64/aes_axi_interconnect_1_imp_auto_ds_0/aes_axi_interconnect_1_imp_auto_ds_0_axi_dwidth_converter_v2_1_37_top/aes_axi_interconnect_1_imp_auto_ds_0_axi_dwidth_converter_v2_1_37_axi_downsizer/aes_axi_interconnect_1_imp_auto_ds_0_axi_dwidth_converter_v2_1_37_a_downsizer/aes_axi_interconnect_1_imp_auto_ds_0_axi_data_fifo_v2_1_36_axic_fifo__parameterized1/aes_axi_interconnect_1_imp_auto_ds_0_axi_data_fifo_v2_1_36_fifo_gen__parameterized1/<hidden>/<hidden>/<hidden>/<hidden>/<hidden>/<hidden>
                         clock pessimism             -0.035     1.143    
    SLICE_X48Y78         FDCE (Remov_fdce_C_CLR)     -0.092     1.051    aes_wrapper/aes/aes_axi_interconnect_1_0/s00_couplers_imp_B4JP64/aes_axi_interconnect_1_imp_auto_ds_0/aes_axi_interconnect_1_imp_auto_ds_0_axi_dwidth_converter_v2_1_37_top/aes_axi_interconnect_1_imp_auto_ds_0_axi_dwidth_converter_v2_1_37_axi_downsizer/aes_axi_interconnect_1_imp_auto_ds_0_axi_dwidth_converter_v2_1_37_a_downsizer/aes_axi_interconnect_1_imp_auto_ds_0_axi_data_fifo_v2_1_36_axic_fifo__parameterized1/aes_axi_interconnect_1_imp_auto_ds_0_axi_data_fifo_v2_1_36_fifo_gen__parameterized1/<hidden>/<hidden>/<hidden>/<hidden>/<hidden>/<hidden>
  -------------------------------------------------------------------
                         required time                         -1.051    
                         arrival time                           1.554    
  -------------------------------------------------------------------
                         slack                                  0.503    

Slack (MET) :             0.503ns  (arrival time - required time)
  Source:                 aes_wrapper/aes/aes_axi_interconnect_1_0/s00_couplers_imp_B4JP64/aes_axi_interconnect_1_imp_auto_ds_0/aes_axi_interconnect_1_imp_auto_ds_0_axi_dwidth_converter_v2_1_37_top/aes_axi_interconnect_1_imp_auto_ds_0_axi_dwidth_converter_v2_1_37_axi_downsizer/aes_axi_interconnect_1_imp_auto_ds_0_axi_dwidth_converter_v2_1_37_a_downsizer/aes_axi_interconnect_1_imp_auto_ds_0_axi_data_fifo_v2_1_36_axic_fifo__parameterized1/aes_axi_interconnect_1_imp_auto_ds_0_axi_data_fifo_v2_1_36_fifo_gen__parameterized1/<hidden>/<hidden>/<hidden>/<hidden>/<hidden>/<hidden>
                            (rising edge-triggered cell FDPE clocked by clk_fpga_0  {rise@0.000ns fall@5.000ns period=10.000ns})
  Destination:            aes_wrapper/aes/aes_axi_interconnect_1_0/s00_couplers_imp_B4JP64/aes_axi_interconnect_1_imp_auto_ds_0/aes_axi_interconnect_1_imp_auto_ds_0_axi_dwidth_converter_v2_1_37_top/aes_axi_interconnect_1_imp_auto_ds_0_axi_dwidth_converter_v2_1_37_axi_downsizer/aes_axi_interconnect_1_imp_auto_ds_0_axi_dwidth_converter_v2_1_37_a_downsizer/aes_axi_interconnect_1_imp_auto_ds_0_axi_data_fifo_v2_1_36_axic_fifo__parameterized1/aes_axi_interconnect_1_imp_auto_ds_0_axi_data_fifo_v2_1_36_fifo_gen__parameterized1/<hidden>/<hidden>/<hidden>/<hidden>/<hidden>/<hidden>
                            (removal check against rising-edge clock clk_fpga_0  {rise@0.000ns fall@5.000ns period=10.000ns})
  Path Group:             **async_default**
  Path Type:              Removal (Min at Fast Process Corner)
  Requirement:            0.000ns  (clk_fpga_0 rise@0.000ns - clk_fpga_0 rise@0.000ns)
  Data Path Delay:        0.676ns  (logic 0.246ns (36.372%)  route 0.430ns (63.628%))
  Logic Levels:           1  (LUT3=1)
  Clock Path Skew:        0.265ns (DCD - SCD - CPR)
    Destination Clock Delay (DCD):    1.178ns
    Source Clock Delay      (SCD):    0.878ns
    Clock Pessimism Removal (CPR):    0.035ns

    Location             Delay type                Incr(ns)  Path(ns)    Netlist Resource(s)
  -------------------------------------------------------------------    -------------------
                         (clock clk_fpga_0 rise edge)
                                                      0.000     0.000 r  
    PS7_X0Y0             PS7                          0.000     0.000 r  aes_i/processing_system7_0/inst/PS7_i/FCLKCLK[0]
                         net (fo=1, routed)           0.310     0.310    aes_i/processing_system7_0/inst/FCLK_CLK_unbuffered[0]
    BUFGCTRL_X0Y16       BUFG (Prop_bufg_I_O)         0.026     0.336 r  aes_i/processing_system7_0/inst/buffer_fclk_clk_0.FCLK_CLK_0_BUFG/O
                         net (fo=17798, routed)       0.542     0.878    aes_wrapper/aes/aes_axi_interconnect_1_0/s00_couplers_imp_B4JP64/aes_axi_interconnect_1_imp_auto_ds_0/aes_axi_interconnect_1_imp_auto_ds_0_axi_dwidth_converter_v2_1_37_top/aes_axi_interconnect_1_imp_auto_ds_0_axi_dwidth_converter_v2_1_37_axi_downsizer/aes_axi_interconnect_1_imp_auto_ds_0_axi_dwidth_converter_v2_1_37_a_downsizer/aes_axi_interconnect_1_imp_auto_ds_0_axi_data_fifo_v2_1_36_axic_fifo__parameterized1/aes_axi_interconnect_1_imp_auto_ds_0_axi_data_fifo_v2_1_36_fifo_gen__parameterized1/<hidden>/<hidden>/<hidden>/<hidden>/<hidden>/<hidden>
    SLICE_X50Y78         FDPE                                         r  aes_wrapper/aes/aes_axi_interconnect_1_0/s00_couplers_imp_B4JP64/aes_axi_interconnect_1_imp_auto_ds_0/aes_axi_interconnect_1_imp_auto_ds_0_axi_dwidth_converter_v2_1_37_top/aes_axi_interconnect_1_imp_auto_ds_0_axi_dwidth_converter_v2_1_37_axi_downsizer/aes_axi_interconnect_1_imp_auto_ds_0_axi_dwidth_converter_v2_1_37_a_downsizer/aes_axi_interconnect_1_imp_auto_ds_0_axi_data_fifo_v2_1_36_axic_fifo__parameterized1/aes_axi_interconnect_1_imp_auto_ds_0_axi_data_fifo_v2_1_36_fifo_gen__parameterized1/<hidden>/<hidden>/<hidden>/<hidden>/<hidden>/<hidden>
  -------------------------------------------------------------------    -------------------
    SLICE_X50Y78         FDPE (Prop_fdpe_C_Q)         0.148     1.026 f  aes_wrapper/aes/aes_axi_interconnect_1_0/s00_couplers_imp_B4JP64/aes_axi_interconnect_1_imp_auto_ds_0/aes_axi_interconnect_1_imp_auto_ds_0_axi_dwidth_converter_v2_1_37_top/aes_axi_interconnect_1_imp_auto_ds_0_axi_dwidth_converter_v2_1_37_axi_downsizer/aes_axi_interconnect_1_imp_auto_ds_0_axi_dwidth_converter_v2_1_37_a_downsizer/aes_axi_interconnect_1_imp_auto_ds_0_axi_data_fifo_v2_1_36_axic_fifo__parameterized1/aes_axi_interconnect_1_imp_auto_ds_0_axi_data_fifo_v2_1_36_fifo_gen__parameterized1/<hidden>/<hidden>/<hidden>/<hidden>/<hidden>/<hidden>
                         net (fo=3, routed)           0.251     1.276    aes_wrapper/aes/aes_axi_interconnect_1_0/s00_couplers_imp_B4JP64/aes_axi_interconnect_1_imp_auto_ds_0/aes_axi_interconnect_1_imp_auto_ds_0_axi_dwidth_converter_v2_1_37_top/aes_axi_interconnect_1_imp_auto_ds_0_axi_dwidth_converter_v2_1_37_axi_downsizer/aes_axi_interconnect_1_imp_auto_ds_0_axi_dwidth_converter_v2_1_37_a_downsizer/aes_axi_interconnect_1_imp_auto_ds_0_axi_data_fifo_v2_1_36_axic_fifo__parameterized1/aes_axi_interconnect_1_imp_auto_ds_0_axi_data_fifo_v2_1_36_fifo_gen__parameterized1/<hidden>/<hidden>/<hidden>/<hidden>/<hidden>
    SLICE_X48Y78         LUT3 (Prop_lut3_I2_O)        0.098     1.374 f  aes_wrapper/aes/aes_axi_interconnect_1_0/s00_couplers_imp_B4JP64/aes_axi_interconnect_1_imp_auto_ds_0/aes_axi_interconnect_1_imp_auto_ds_0_axi_dwidth_converter_v2_1_37_top/aes_axi_interconnect_1_imp_auto_ds_0_axi_dwidth_converter_v2_1_37_axi_downsizer/aes_axi_interconnect_1_imp_auto_ds_0_axi_dwidth_converter_v2_1_37_a_downsizer/aes_axi_interconnect_1_imp_auto_ds_0_axi_data_fifo_v2_1_36_axic_fifo__parameterized1/aes_axi_interconnect_1_imp_auto_ds_0_axi_data_fifo_v2_1_36_fifo_gen__parameterized1/<hidden>/<hidden>/<hidden>/<hidden>/<hidden>
                         net (fo=32, routed)          0.180     1.554    aes_wrapper/aes/aes_axi_interconnect_1_0/s00_couplers_imp_B4JP64/aes_axi_interconnect_1_imp_auto_ds_0/aes_axi_interconnect_1_imp_auto_ds_0_axi_dwidth_converter_v2_1_37_top/aes_axi_interconnect_1_imp_auto_ds_0_axi_dwidth_converter_v2_1_37_axi_downsizer/aes_axi_interconnect_1_imp_auto_ds_0_axi_dwidth_converter_v2_1_37_a_downsizer/aes_axi_interconnect_1_imp_auto_ds_0_axi_data_fifo_v2_1_36_axic_fifo__parameterized1/aes_axi_interconnect_1_imp_auto_ds_0_axi_data_fifo_v2_1_36_fifo_gen__parameterized1/<hidden>/<hidden>/<hidden>/<hidden>/<hidden>/<hidden>
    SLICE_X48Y78         FDCE                                         f  aes_wrapper/aes/aes_axi_interconnect_1_0/s00_couplers_imp_B4JP64/aes_axi_interconnect_1_imp_auto_ds_0/aes_axi_interconnect_1_imp_auto_ds_0_axi_dwidth_converter_v2_1_37_top/aes_axi_interconnect_1_imp_auto_ds_0_axi_dwidth_converter_v2_1_37_axi_downsizer/aes_axi_interconnect_1_imp_auto_ds_0_axi_dwidth_converter_v2_1_37_a_downsizer/aes_axi_interconnect_1_imp_auto_ds_0_axi_data_fifo_v2_1_36_axic_fifo__parameterized1/aes_axi_interconnect_1_imp_auto_ds_0_axi_data_fifo_v2_1_36_fifo_gen__parameterized1/<hidden>/<hidden>/<hidden>/<hidden>/<hidden>/<hidden>
  -------------------------------------------------------------------    -------------------

                         (clock clk_fpga_0 rise edge)
                                                      0.000     0.000 r  
    PS7_X0Y0             PS7                          0.000     0.000 r  aes_i/processing_system7_0/inst/PS7_i/FCLKCLK[0]
                         net (fo=1, routed)           0.337     0.337    aes_i/processing_system7_0/inst/FCLK_CLK_unbuffered[0]
    BUFGCTRL_X0Y16       BUFG (Prop_bufg_I_O)         0.029     0.366 r  aes_i/processing_system7_0/inst/buffer_fclk_clk_0.FCLK_CLK_0_BUFG/O
                         net (fo=17798, routed)       0.812     1.178    aes_wrapper/aes/aes_axi_interconnect_1_0/s00_couplers_imp_B4JP64/aes_axi_interconnect_1_imp_auto_ds_0/aes_axi_interconnect_1_imp_auto_ds_0_axi_dwidth_converter_v2_1_37_top/aes_axi_interconnect_1_imp_auto_ds_0_axi_dwidth_converter_v2_1_37_axi_downsizer/aes_axi_interconnect_1_imp_auto_ds_0_axi_dwidth_converter_v2_1_37_a_downsizer/aes_axi_interconnect_1_imp_auto_ds_0_axi_data_fifo_v2_1_36_axic_fifo__parameterized1/aes_axi_interconnect_1_imp_auto_ds_0_axi_data_fifo_v2_1_36_fifo_gen__parameterized1/<hidden>/<hidden>/<hidden>/<hidden>/<hidden>/<hidden>
    SLICE_X48Y78         FDCE                                         r  aes_wrapper/aes/aes_axi_interconnect_1_0/s00_couplers_imp_B4JP64/aes_axi_interconnect_1_imp_auto_ds_0/aes_axi_interconnect_1_imp_auto_ds_0_axi_dwidth_converter_v2_1_37_top/aes_axi_interconnect_1_imp_auto_ds_0_axi_dwidth_converter_v2_1_37_axi_downsizer/aes_axi_interconnect_1_imp_auto_ds_0_axi_dwidth_converter_v2_1_37_a_downsizer/aes_axi_interconnect_1_imp_auto_ds_0_axi_data_fifo_v2_1_36_axic_fifo__parameterized1/aes_axi_interconnect_1_imp_auto_ds_0_axi_data_fifo_v2_1_36_fifo_gen__parameterized1/<hidden>/<hidden>/<hidden>/<hidden>/<hidden>/<hidden>
                         clock pessimism             -0.035     1.143    
    SLICE_X48Y78         FDCE (Remov_fdce_C_CLR)     -0.092     1.051    aes_wrapper/aes/aes_axi_interconnect_1_0/s00_couplers_imp_B4JP64/aes_axi_interconnect_1_imp_auto_ds_0/aes_axi_interconnect_1_imp_auto_ds_0_axi_dwidth_converter_v2_1_37_top/aes_axi_interconnect_1_imp_auto_ds_0_axi_dwidth_converter_v2_1_37_axi_downsizer/aes_axi_interconnect_1_imp_auto_ds_0_axi_dwidth_converter_v2_1_37_a_downsizer/aes_axi_interconnect_1_imp_auto_ds_0_axi_data_fifo_v2_1_36_axic_fifo__parameterized1/aes_axi_interconnect_1_imp_auto_ds_0_axi_data_fifo_v2_1_36_fifo_gen__parameterized1/<hidden>/<hidden>/<hidden>/<hidden>/<hidden>/<hidden>
  -------------------------------------------------------------------
                         required time                         -1.051    
                         arrival time                           1.554    
  -------------------------------------------------------------------
                         slack                                  0.503    

Slack (MET) :             0.503ns  (arrival time - required time)
  Source:                 aes_wrapper/aes/aes_axi_interconnect_1_0/s00_couplers_imp_B4JP64/aes_axi_interconnect_1_imp_auto_ds_0/aes_axi_interconnect_1_imp_auto_ds_0_axi_dwidth_converter_v2_1_37_top/aes_axi_interconnect_1_imp_auto_ds_0_axi_dwidth_converter_v2_1_37_axi_downsizer/aes_axi_interconnect_1_imp_auto_ds_0_axi_dwidth_converter_v2_1_37_a_downsizer/aes_axi_interconnect_1_imp_auto_ds_0_axi_data_fifo_v2_1_36_axic_fifo__parameterized1/aes_axi_interconnect_1_imp_auto_ds_0_axi_data_fifo_v2_1_36_fifo_gen__parameterized1/<hidden>/<hidden>/<hidden>/<hidden>/<hidden>/<hidden>
                            (rising edge-triggered cell FDPE clocked by clk_fpga_0  {rise@0.000ns fall@5.000ns period=10.000ns})
  Destination:            aes_wrapper/aes/aes_axi_interconnect_1_0/s00_couplers_imp_B4JP64/aes_axi_interconnect_1_imp_auto_ds_0/aes_axi_interconnect_1_imp_auto_ds_0_axi_dwidth_converter_v2_1_37_top/aes_axi_interconnect_1_imp_auto_ds_0_axi_dwidth_converter_v2_1_37_axi_downsizer/aes_axi_interconnect_1_imp_auto_ds_0_axi_dwidth_converter_v2_1_37_a_downsizer/aes_axi_interconnect_1_imp_auto_ds_0_axi_data_fifo_v2_1_36_axic_fifo__parameterized1/aes_axi_interconnect_1_imp_auto_ds_0_axi_data_fifo_v2_1_36_fifo_gen__parameterized1/<hidden>/<hidden>/<hidden>/<hidden>/<hidden>/<hidden>
                            (removal check against rising-edge clock clk_fpga_0  {rise@0.000ns fall@5.000ns period=10.000ns})
  Path Group:             **async_default**
  Path Type:              Removal (Min at Fast Process Corner)
  Requirement:            0.000ns  (clk_fpga_0 rise@0.000ns - clk_fpga_0 rise@0.000ns)
  Data Path Delay:        0.676ns  (logic 0.246ns (36.372%)  route 0.430ns (63.628%))
  Logic Levels:           1  (LUT3=1)
  Clock Path Skew:        0.265ns (DCD - SCD - CPR)
    Destination Clock Delay (DCD):    1.178ns
    Source Clock Delay      (SCD):    0.878ns
    Clock Pessimism Removal (CPR):    0.035ns

    Location             Delay type                Incr(ns)  Path(ns)    Netlist Resource(s)
  -------------------------------------------------------------------    -------------------
                         (clock clk_fpga_0 rise edge)
                                                      0.000     0.000 r  
    PS7_X0Y0             PS7                          0.000     0.000 r  aes_i/processing_system7_0/inst/PS7_i/FCLKCLK[0]
                         net (fo=1, routed)           0.310     0.310    aes_i/processing_system7_0/inst/FCLK_CLK_unbuffered[0]
    BUFGCTRL_X0Y16       BUFG (Prop_bufg_I_O)         0.026     0.336 r  aes_i/processing_system7_0/inst/buffer_fclk_clk_0.FCLK_CLK_0_BUFG/O
                         net (fo=17798, routed)       0.542     0.878    aes_wrapper/aes/aes_axi_interconnect_1_0/s00_couplers_imp_B4JP64/aes_axi_interconnect_1_imp_auto_ds_0/aes_axi_interconnect_1_imp_auto_ds_0_axi_dwidth_converter_v2_1_37_top/aes_axi_interconnect_1_imp_auto_ds_0_axi_dwidth_converter_v2_1_37_axi_downsizer/aes_axi_interconnect_1_imp_auto_ds_0_axi_dwidth_converter_v2_1_37_a_downsizer/aes_axi_interconnect_1_imp_auto_ds_0_axi_data_fifo_v2_1_36_axic_fifo__parameterized1/aes_axi_interconnect_1_imp_auto_ds_0_axi_data_fifo_v2_1_36_fifo_gen__parameterized1/<hidden>/<hidden>/<hidden>/<hidden>/<hidden>/<hidden>
    SLICE_X50Y78         FDPE                                         r  aes_wrapper/aes/aes_axi_interconnect_1_0/s00_couplers_imp_B4JP64/aes_axi_interconnect_1_imp_auto_ds_0/aes_axi_interconnect_1_imp_auto_ds_0_axi_dwidth_converter_v2_1_37_top/aes_axi_interconnect_1_imp_auto_ds_0_axi_dwidth_converter_v2_1_37_axi_downsizer/aes_axi_interconnect_1_imp_auto_ds_0_axi_dwidth_converter_v2_1_37_a_downsizer/aes_axi_interconnect_1_imp_auto_ds_0_axi_data_fifo_v2_1_36_axic_fifo__parameterized1/aes_axi_interconnect_1_imp_auto_ds_0_axi_data_fifo_v2_1_36_fifo_gen__parameterized1/<hidden>/<hidden>/<hidden>/<hidden>/<hidden>/<hidden>
  -------------------------------------------------------------------    -------------------
    SLICE_X50Y78         FDPE (Prop_fdpe_C_Q)         0.148     1.026 f  aes_wrapper/aes/aes_axi_interconnect_1_0/s00_couplers_imp_B4JP64/aes_axi_interconnect_1_imp_auto_ds_0/aes_axi_interconnect_1_imp_auto_ds_0_axi_dwidth_converter_v2_1_37_top/aes_axi_interconnect_1_imp_auto_ds_0_axi_dwidth_converter_v2_1_37_axi_downsizer/aes_axi_interconnect_1_imp_auto_ds_0_axi_dwidth_converter_v2_1_37_a_downsizer/aes_axi_interconnect_1_imp_auto_ds_0_axi_data_fifo_v2_1_36_axic_fifo__parameterized1/aes_axi_interconnect_1_imp_auto_ds_0_axi_data_fifo_v2_1_36_fifo_gen__parameterized1/<hidden>/<hidden>/<hidden>/<hidden>/<hidden>/<hidden>
                         net (fo=3, routed)           0.251     1.276    aes_wrapper/aes/aes_axi_interconnect_1_0/s00_couplers_imp_B4JP64/aes_axi_interconnect_1_imp_auto_ds_0/aes_axi_interconnect_1_imp_auto_ds_0_axi_dwidth_converter_v2_1_37_top/aes_axi_interconnect_1_imp_auto_ds_0_axi_dwidth_converter_v2_1_37_axi_downsizer/aes_axi_interconnect_1_imp_auto_ds_0_axi_dwidth_converter_v2_1_37_a_downsizer/aes_axi_interconnect_1_imp_auto_ds_0_axi_data_fifo_v2_1_36_axic_fifo__parameterized1/aes_axi_interconnect_1_imp_auto_ds_0_axi_data_fifo_v2_1_36_fifo_gen__parameterized1/<hidden>/<hidden>/<hidden>/<hidden>/<hidden>
    SLICE_X48Y78         LUT3 (Prop_lut3_I2_O)        0.098     1.374 f  aes_wrapper/aes/aes_axi_interconnect_1_0/s00_couplers_imp_B4JP64/aes_axi_interconnect_1_imp_auto_ds_0/aes_axi_interconnect_1_imp_auto_ds_0_axi_dwidth_converter_v2_1_37_top/aes_axi_interconnect_1_imp_auto_ds_0_axi_dwidth_converter_v2_1_37_axi_downsizer/aes_axi_interconnect_1_imp_auto_ds_0_axi_dwidth_converter_v2_1_37_a_downsizer/aes_axi_interconnect_1_imp_auto_ds_0_axi_data_fifo_v2_1_36_axic_fifo__parameterized1/aes_axi_interconnect_1_imp_auto_ds_0_axi_data_fifo_v2_1_36_fifo_gen__parameterized1/<hidden>/<hidden>/<hidden>/<hidden>/<hidden>
                         net (fo=32, routed)          0.180     1.554    aes_wrapper/aes/aes_axi_interconnect_1_0/s00_couplers_imp_B4JP64/aes_axi_interconnect_1_imp_auto_ds_0/aes_axi_interconnect_1_imp_auto_ds_0_axi_dwidth_converter_v2_1_37_top/aes_axi_interconnect_1_imp_auto_ds_0_axi_dwidth_converter_v2_1_37_axi_downsizer/aes_axi_interconnect_1_imp_auto_ds_0_axi_dwidth_converter_v2_1_37_a_downsizer/aes_axi_interconnect_1_imp_auto_ds_0_axi_data_fifo_v2_1_36_axic_fifo__parameterized1/aes_axi_interconnect_1_imp_auto_ds_0_axi_data_fifo_v2_1_36_fifo_gen__parameterized1/<hidden>/<hidden>/<hidden>/<hidden>/<hidden>/<hidden>
    SLICE_X48Y78         FDCE                                         f  aes_wrapper/aes/aes_axi_interconnect_1_0/s00_couplers_imp_B4JP64/aes_axi_interconnect_1_imp_auto_ds_0/aes_axi_interconnect_1_imp_auto_ds_0_axi_dwidth_converter_v2_1_37_top/aes_axi_interconnect_1_imp_auto_ds_0_axi_dwidth_converter_v2_1_37_axi_downsizer/aes_axi_interconnect_1_imp_auto_ds_0_axi_dwidth_converter_v2_1_37_a_downsizer/aes_axi_interconnect_1_imp_auto_ds_0_axi_data_fifo_v2_1_36_axic_fifo__parameterized1/aes_axi_interconnect_1_imp_auto_ds_0_axi_data_fifo_v2_1_36_fifo_gen__parameterized1/<hidden>/<hidden>/<hidden>/<hidden>/<hidden>/<hidden>
  -------------------------------------------------------------------    -------------------

                         (clock clk_fpga_0 rise edge)
                                                      0.000     0.000 r  
    PS7_X0Y0             PS7                          0.000     0.000 r  aes_i/processing_system7_0/inst/PS7_i/FCLKCLK[0]
                         net (fo=1, routed)           0.337     0.337    aes_i/processing_system7_0/inst/FCLK_CLK_unbuffered[0]
    BUFGCTRL_X0Y16       BUFG (Prop_bufg_I_O)         0.029     0.366 r  aes_i/processing_system7_0/inst/buffer_fclk_clk_0.FCLK_CLK_0_BUFG/O
                         net (fo=17798, routed)       0.812     1.178    aes_wrapper/aes/aes_axi_interconnect_1_0/s00_couplers_imp_B4JP64/aes_axi_interconnect_1_imp_auto_ds_0/aes_axi_interconnect_1_imp_auto_ds_0_axi_dwidth_converter_v2_1_37_top/aes_axi_interconnect_1_imp_auto_ds_0_axi_dwidth_converter_v2_1_37_axi_downsizer/aes_axi_interconnect_1_imp_auto_ds_0_axi_dwidth_converter_v2_1_37_a_downsizer/aes_axi_interconnect_1_imp_auto_ds_0_axi_data_fifo_v2_1_36_axic_fifo__parameterized1/aes_axi_interconnect_1_imp_auto_ds_0_axi_data_fifo_v2_1_36_fifo_gen__parameterized1/<hidden>/<hidden>/<hidden>/<hidden>/<hidden>/<hidden>
    SLICE_X48Y78         FDCE                                         r  aes_wrapper/aes/aes_axi_interconnect_1_0/s00_couplers_imp_B4JP64/aes_axi_interconnect_1_imp_auto_ds_0/aes_axi_interconnect_1_imp_auto_ds_0_axi_dwidth_converter_v2_1_37_top/aes_axi_interconnect_1_imp_auto_ds_0_axi_dwidth_converter_v2_1_37_axi_downsizer/aes_axi_interconnect_1_imp_auto_ds_0_axi_dwidth_converter_v2_1_37_a_downsizer/aes_axi_interconnect_1_imp_auto_ds_0_axi_data_fifo_v2_1_36_axic_fifo__parameterized1/aes_axi_interconnect_1_imp_auto_ds_0_axi_data_fifo_v2_1_36_fifo_gen__parameterized1/<hidden>/<hidden>/<hidden>/<hidden>/<hidden>/<hidden>
                         clock pessimism             -0.035     1.143    
    SLICE_X48Y78         FDCE (Remov_fdce_C_CLR)     -0.092     1.051    aes_wrapper/aes/aes_axi_interconnect_1_0/s00_couplers_imp_B4JP64/aes_axi_interconnect_1_imp_auto_ds_0/aes_axi_interconnect_1_imp_auto_ds_0_axi_dwidth_converter_v2_1_37_top/aes_axi_interconnect_1_imp_auto_ds_0_axi_dwidth_converter_v2_1_37_axi_downsizer/aes_axi_interconnect_1_imp_auto_ds_0_axi_dwidth_converter_v2_1_37_a_downsizer/aes_axi_interconnect_1_imp_auto_ds_0_axi_data_fifo_v2_1_36_axic_fifo__parameterized1/aes_axi_interconnect_1_imp_auto_ds_0_axi_data_fifo_v2_1_36_fifo_gen__parameterized1/<hidden>/<hidden>/<hidden>/<hidden>/<hidden>/<hidden>
  -------------------------------------------------------------------
                         required time                         -1.051    
                         arrival time                           1.554    
  -------------------------------------------------------------------
                         slack                                  0.503    

Slack (MET) :             0.506ns  (arrival time - required time)
  Source:                 aes_wrapper/aes/aes_axi_interconnect_1_0/s00_couplers_imp_B4JP64/aes_axi_interconnect_1_imp_auto_ds_0/aes_axi_interconnect_1_imp_auto_ds_0_axi_dwidth_converter_v2_1_37_top/aes_axi_interconnect_1_imp_auto_ds_0_axi_dwidth_converter_v2_1_37_axi_downsizer/aes_axi_interconnect_1_imp_auto_ds_0_axi_dwidth_converter_v2_1_37_a_downsizer/aes_axi_interconnect_1_imp_auto_ds_0_axi_data_fifo_v2_1_36_axic_fifo__parameterized1/aes_axi_interconnect_1_imp_auto_ds_0_axi_data_fifo_v2_1_36_fifo_gen__parameterized1/<hidden>/<hidden>/<hidden>/<hidden>/<hidden>/<hidden>
                            (rising edge-triggered cell FDPE clocked by clk_fpga_0  {rise@0.000ns fall@5.000ns period=10.000ns})
  Destination:            aes_wrapper/aes/aes_axi_interconnect_1_0/s00_couplers_imp_B4JP64/aes_axi_interconnect_1_imp_auto_ds_0/aes_axi_interconnect_1_imp_auto_ds_0_axi_dwidth_converter_v2_1_37_top/aes_axi_interconnect_1_imp_auto_ds_0_axi_dwidth_converter_v2_1_37_axi_downsizer/aes_axi_interconnect_1_imp_auto_ds_0_axi_dwidth_converter_v2_1_37_a_downsizer/aes_axi_interconnect_1_imp_auto_ds_0_axi_data_fifo_v2_1_36_axic_fifo__parameterized1/aes_axi_interconnect_1_imp_auto_ds_0_axi_data_fifo_v2_1_36_fifo_gen__parameterized1/<hidden>/<hidden>/<hidden>/<hidden>/<hidden>/<hidden>
                            (removal check against rising-edge clock clk_fpga_0  {rise@0.000ns fall@5.000ns period=10.000ns})
  Path Group:             **async_default**
  Path Type:              Removal (Min at Fast Process Corner)
  Requirement:            0.000ns  (clk_fpga_0 rise@0.000ns - clk_fpga_0 rise@0.000ns)
  Data Path Delay:        0.676ns  (logic 0.246ns (36.372%)  route 0.430ns (63.628%))
  Logic Levels:           1  (LUT3=1)
  Clock Path Skew:        0.265ns (DCD - SCD - CPR)
    Destination Clock Delay (DCD):    1.178ns
    Source Clock Delay      (SCD):    0.878ns
    Clock Pessimism Removal (CPR):    0.035ns

    Location             Delay type                Incr(ns)  Path(ns)    Netlist Resource(s)
  -------------------------------------------------------------------    -------------------
                         (clock clk_fpga_0 rise edge)
                                                      0.000     0.000 r  
    PS7_X0Y0             PS7                          0.000     0.000 r  aes_i/processing_system7_0/inst/PS7_i/FCLKCLK[0]
                         net (fo=1, routed)           0.310     0.310    aes_i/processing_system7_0/inst/FCLK_CLK_unbuffered[0]
    BUFGCTRL_X0Y16       BUFG (Prop_bufg_I_O)         0.026     0.336 r  aes_i/processing_system7_0/inst/buffer_fclk_clk_0.FCLK_CLK_0_BUFG/O
                         net (fo=17798, routed)       0.542     0.878    aes_wrapper/aes/aes_axi_interconnect_1_0/s00_couplers_imp_B4JP64/aes_axi_interconnect_1_imp_auto_ds_0/aes_axi_interconnect_1_imp_auto_ds_0_axi_dwidth_converter_v2_1_37_top/aes_axi_interconnect_1_imp_auto_ds_0_axi_dwidth_converter_v2_1_37_axi_downsizer/aes_axi_interconnect_1_imp_auto_ds_0_axi_dwidth_converter_v2_1_37_a_downsizer/aes_axi_interconnect_1_imp_auto_ds_0_axi_data_fifo_v2_1_36_axic_fifo__parameterized1/aes_axi_interconnect_1_imp_auto_ds_0_axi_data_fifo_v2_1_36_fifo_gen__parameterized1/<hidden>/<hidden>/<hidden>/<hidden>/<hidden>/<hidden>
    SLICE_X50Y78         FDPE                                         r  aes_wrapper/aes/aes_axi_interconnect_1_0/s00_couplers_imp_B4JP64/aes_axi_interconnect_1_imp_auto_ds_0/aes_axi_interconnect_1_imp_auto_ds_0_axi_dwidth_converter_v2_1_37_top/aes_axi_interconnect_1_imp_auto_ds_0_axi_dwidth_converter_v2_1_37_axi_downsizer/aes_axi_interconnect_1_imp_auto_ds_0_axi_dwidth_converter_v2_1_37_a_downsizer/aes_axi_interconnect_1_imp_auto_ds_0_axi_data_fifo_v2_1_36_axic_fifo__parameterized1/aes_axi_interconnect_1_imp_auto_ds_0_axi_data_fifo_v2_1_36_fifo_gen__parameterized1/<hidden>/<hidden>/<hidden>/<hidden>/<hidden>/<hidden>
  -------------------------------------------------------------------    -------------------
    SLICE_X50Y78         FDPE (Prop_fdpe_C_Q)         0.148     1.026 f  aes_wrapper/aes/aes_axi_interconnect_1_0/s00_couplers_imp_B4JP64/aes_axi_interconnect_1_imp_auto_ds_0/aes_axi_interconnect_1_imp_auto_ds_0_axi_dwidth_converter_v2_1_37_top/aes_axi_interconnect_1_imp_auto_ds_0_axi_dwidth_converter_v2_1_37_axi_downsizer/aes_axi_interconnect_1_imp_auto_ds_0_axi_dwidth_converter_v2_1_37_a_downsizer/aes_axi_interconnect_1_imp_auto_ds_0_axi_data_fifo_v2_1_36_axic_fifo__parameterized1/aes_axi_interconnect_1_imp_auto_ds_0_axi_data_fifo_v2_1_36_fifo_gen__parameterized1/<hidden>/<hidden>/<hidden>/<hidden>/<hidden>/<hidden>
                         net (fo=3, routed)           0.251     1.276    aes_wrapper/aes/aes_axi_interconnect_1_0/s00_couplers_imp_B4JP64/aes_axi_interconnect_1_imp_auto_ds_0/aes_axi_interconnect_1_imp_auto_ds_0_axi_dwidth_converter_v2_1_37_top/aes_axi_interconnect_1_imp_auto_ds_0_axi_dwidth_converter_v2_1_37_axi_downsizer/aes_axi_interconnect_1_imp_auto_ds_0_axi_dwidth_converter_v2_1_37_a_downsizer/aes_axi_interconnect_1_imp_auto_ds_0_axi_data_fifo_v2_1_36_axic_fifo__parameterized1/aes_axi_interconnect_1_imp_auto_ds_0_axi_data_fifo_v2_1_36_fifo_gen__parameterized1/<hidden>/<hidden>/<hidden>/<hidden>/<hidden>
    SLICE_X48Y78         LUT3 (Prop_lut3_I2_O)        0.098     1.374 f  aes_wrapper/aes/aes_axi_interconnect_1_0/s00_couplers_imp_B4JP64/aes_axi_interconnect_1_imp_auto_ds_0/aes_axi_interconnect_1_imp_auto_ds_0_axi_dwidth_converter_v2_1_37_top/aes_axi_interconnect_1_imp_auto_ds_0_axi_dwidth_converter_v2_1_37_axi_downsizer/aes_axi_interconnect_1_imp_auto_ds_0_axi_dwidth_converter_v2_1_37_a_downsizer/aes_axi_interconnect_1_imp_auto_ds_0_axi_data_fifo_v2_1_36_axic_fifo__parameterized1/aes_axi_interconnect_1_imp_auto_ds_0_axi_data_fifo_v2_1_36_fifo_gen__parameterized1/<hidden>/<hidden>/<hidden>/<hidden>/<hidden>
                         net (fo=32, routed)          0.180     1.554    aes_wrapper/aes/aes_axi_interconnect_1_0/s00_couplers_imp_B4JP64/aes_axi_interconnect_1_imp_auto_ds_0/aes_axi_interconnect_1_imp_auto_ds_0_axi_dwidth_converter_v2_1_37_top/aes_axi_interconnect_1_imp_auto_ds_0_axi_dwidth_converter_v2_1_37_axi_downsizer/aes_axi_interconnect_1_imp_auto_ds_0_axi_dwidth_converter_v2_1_37_a_downsizer/aes_axi_interconnect_1_imp_auto_ds_0_axi_data_fifo_v2_1_36_axic_fifo__parameterized1/aes_axi_interconnect_1_imp_auto_ds_0_axi_data_fifo_v2_1_36_fifo_gen__parameterized1/<hidden>/<hidden>/<hidden>/<hidden>/<hidden>/<hidden>
    SLICE_X48Y78         FDPE                                         f  aes_wrapper/aes/aes_axi_interconnect_1_0/s00_couplers_imp_B4JP64/aes_axi_interconnect_1_imp_auto_ds_0/aes_axi_interconnect_1_imp_auto_ds_0_axi_dwidth_converter_v2_1_37_top/aes_axi_interconnect_1_imp_auto_ds_0_axi_dwidth_converter_v2_1_37_axi_downsizer/aes_axi_interconnect_1_imp_auto_ds_0_axi_dwidth_converter_v2_1_37_a_downsizer/aes_axi_interconnect_1_imp_auto_ds_0_axi_data_fifo_v2_1_36_axic_fifo__parameterized1/aes_axi_interconnect_1_imp_auto_ds_0_axi_data_fifo_v2_1_36_fifo_gen__parameterized1/<hidden>/<hidden>/<hidden>/<hidden>/<hidden>/<hidden>
  -------------------------------------------------------------------    -------------------

                         (clock clk_fpga_0 rise edge)
                                                      0.000     0.000 r  
    PS7_X0Y0             PS7                          0.000     0.000 r  aes_i/processing_system7_0/inst/PS7_i/FCLKCLK[0]
                         net (fo=1, routed)           0.337     0.337    aes_i/processing_system7_0/inst/FCLK_CLK_unbuffered[0]
    BUFGCTRL_X0Y16       BUFG (Prop_bufg_I_O)         0.029     0.366 r  aes_i/processing_system7_0/inst/buffer_fclk_clk_0.FCLK_CLK_0_BUFG/O
                         net (fo=17798, routed)       0.812     1.178    aes_wrapper/aes/aes_axi_interconnect_1_0/s00_couplers_imp_B4JP64/aes_axi_interconnect_1_imp_auto_ds_0/aes_axi_interconnect_1_imp_auto_ds_0_axi_dwidth_converter_v2_1_37_top/aes_axi_interconnect_1_imp_auto_ds_0_axi_dwidth_converter_v2_1_37_axi_downsizer/aes_axi_interconnect_1_imp_auto_ds_0_axi_dwidth_converter_v2_1_37_a_downsizer/aes_axi_interconnect_1_imp_auto_ds_0_axi_data_fifo_v2_1_36_axic_fifo__parameterized1/aes_axi_interconnect_1_imp_auto_ds_0_axi_data_fifo_v2_1_36_fifo_gen__parameterized1/<hidden>/<hidden>/<hidden>/<hidden>/<hidden>/<hidden>
    SLICE_X48Y78         FDPE                                         r  aes_wrapper/aes/aes_axi_interconnect_1_0/s00_couplers_imp_B4JP64/aes_axi_interconnect_1_imp_auto_ds_0/aes_axi_interconnect_1_imp_auto_ds_0_axi_dwidth_converter_v2_1_37_top/aes_axi_interconnect_1_imp_auto_ds_0_axi_dwidth_converter_v2_1_37_axi_downsizer/aes_axi_interconnect_1_imp_auto_ds_0_axi_dwidth_converter_v2_1_37_a_downsizer/aes_axi_interconnect_1_imp_auto_ds_0_axi_data_fifo_v2_1_36_axic_fifo__parameterized1/aes_axi_interconnect_1_imp_auto_ds_0_axi_data_fifo_v2_1_36_fifo_gen__parameterized1/<hidden>/<hidden>/<hidden>/<hidden>/<hidden>/<hidden>
                         clock pessimism             -0.035     1.143    
    SLICE_X48Y78         FDPE (Remov_fdpe_C_PRE)     -0.095     1.048    aes_wrapper/aes/aes_axi_interconnect_1_0/s00_couplers_imp_B4JP64/aes_axi_interconnect_1_imp_auto_ds_0/aes_axi_interconnect_1_imp_auto_ds_0_axi_dwidth_converter_v2_1_37_top/aes_axi_interconnect_1_imp_auto_ds_0_axi_dwidth_converter_v2_1_37_axi_downsizer/aes_axi_interconnect_1_imp_auto_ds_0_axi_dwidth_converter_v2_1_37_a_downsizer/aes_axi_interconnect_1_imp_auto_ds_0_axi_data_fifo_v2_1_36_axic_fifo__parameterized1/aes_axi_interconnect_1_imp_auto_ds_0_axi_data_fifo_v2_1_36_fifo_gen__parameterized1/<hidden>/<hidden>/<hidden>/<hidden>/<hidden>/<hidden>
  -------------------------------------------------------------------
                         required time                         -1.048    
                         arrival time                           1.554    
  -------------------------------------------------------------------
                         slack                                  0.506    

Slack (MET) :             0.506ns  (arrival time - required time)
  Source:                 aes_wrapper/aes/aes_axi_interconnect_1_0/s00_couplers_imp_B4JP64/aes_axi_interconnect_1_imp_auto_ds_0/aes_axi_interconnect_1_imp_auto_ds_0_axi_dwidth_converter_v2_1_37_top/aes_axi_interconnect_1_imp_auto_ds_0_axi_dwidth_converter_v2_1_37_axi_downsizer/aes_axi_interconnect_1_imp_auto_ds_0_axi_dwidth_converter_v2_1_37_a_downsizer/aes_axi_interconnect_1_imp_auto_ds_0_axi_data_fifo_v2_1_36_axic_fifo__parameterized1/aes_axi_interconnect_1_imp_auto_ds_0_axi_data_fifo_v2_1_36_fifo_gen__parameterized1/<hidden>/<hidden>/<hidden>/<hidden>/<hidden>/<hidden>
                            (rising edge-triggered cell FDPE clocked by clk_fpga_0  {rise@0.000ns fall@5.000ns period=10.000ns})
  Destination:            aes_wrapper/aes/aes_axi_interconnect_1_0/s00_couplers_imp_B4JP64/aes_axi_interconnect_1_imp_auto_ds_0/aes_axi_interconnect_1_imp_auto_ds_0_axi_dwidth_converter_v2_1_37_top/aes_axi_interconnect_1_imp_auto_ds_0_axi_dwidth_converter_v2_1_37_axi_downsizer/aes_axi_interconnect_1_imp_auto_ds_0_axi_dwidth_converter_v2_1_37_a_downsizer/aes_axi_interconnect_1_imp_auto_ds_0_axi_data_fifo_v2_1_36_axic_fifo__parameterized1/aes_axi_interconnect_1_imp_auto_ds_0_axi_data_fifo_v2_1_36_fifo_gen__parameterized1/<hidden>/<hidden>/<hidden>/<hidden>/<hidden>/<hidden>
                            (removal check against rising-edge clock clk_fpga_0  {rise@0.000ns fall@5.000ns period=10.000ns})
  Path Group:             **async_default**
  Path Type:              Removal (Min at Fast Process Corner)
  Requirement:            0.000ns  (clk_fpga_0 rise@0.000ns - clk_fpga_0 rise@0.000ns)
  Data Path Delay:        0.676ns  (logic 0.246ns (36.372%)  route 0.430ns (63.628%))
  Logic Levels:           1  (LUT3=1)
  Clock Path Skew:        0.265ns (DCD - SCD - CPR)
    Destination Clock Delay (DCD):    1.178ns
    Source Clock Delay      (SCD):    0.878ns
    Clock Pessimism Removal (CPR):    0.035ns

    Location             Delay type                Incr(ns)  Path(ns)    Netlist Resource(s)
  -------------------------------------------------------------------    -------------------
                         (clock clk_fpga_0 rise edge)
                                                      0.000     0.000 r  
    PS7_X0Y0             PS7                          0.000     0.000 r  aes_i/processing_system7_0/inst/PS7_i/FCLKCLK[0]
                         net (fo=1, routed)           0.310     0.310    aes_i/processing_system7_0/inst/FCLK_CLK_unbuffered[0]
    BUFGCTRL_X0Y16       BUFG (Prop_bufg_I_O)         0.026     0.336 r  aes_i/processing_system7_0/inst/buffer_fclk_clk_0.FCLK_CLK_0_BUFG/O
                         net (fo=17798, routed)       0.542     0.878    aes_wrapper/aes/aes_axi_interconnect_1_0/s00_couplers_imp_B4JP64/aes_axi_interconnect_1_imp_auto_ds_0/aes_axi_interconnect_1_imp_auto_ds_0_axi_dwidth_converter_v2_1_37_top/aes_axi_interconnect_1_imp_auto_ds_0_axi_dwidth_converter_v2_1_37_axi_downsizer/aes_axi_interconnect_1_imp_auto_ds_0_axi_dwidth_converter_v2_1_37_a_downsizer/aes_axi_interconnect_1_imp_auto_ds_0_axi_data_fifo_v2_1_36_axic_fifo__parameterized1/aes_axi_interconnect_1_imp_auto_ds_0_axi_data_fifo_v2_1_36_fifo_gen__parameterized1/<hidden>/<hidden>/<hidden>/<hidden>/<hidden>/<hidden>
    SLICE_X50Y78         FDPE                                         r  aes_wrapper/aes/aes_axi_interconnect_1_0/s00_couplers_imp_B4JP64/aes_axi_interconnect_1_imp_auto_ds_0/aes_axi_interconnect_1_imp_auto_ds_0_axi_dwidth_converter_v2_1_37_top/aes_axi_interconnect_1_imp_auto_ds_0_axi_dwidth_converter_v2_1_37_axi_downsizer/aes_axi_interconnect_1_imp_auto_ds_0_axi_dwidth_converter_v2_1_37_a_downsizer/aes_axi_interconnect_1_imp_auto_ds_0_axi_data_fifo_v2_1_36_axic_fifo__parameterized1/aes_axi_interconnect_1_imp_auto_ds_0_axi_data_fifo_v2_1_36_fifo_gen__parameterized1/<hidden>/<hidden>/<hidden>/<hidden>/<hidden>/<hidden>
  -------------------------------------------------------------------    -------------------
    SLICE_X50Y78         FDPE (Prop_fdpe_C_Q)         0.148     1.026 f  aes_wrapper/aes/aes_axi_interconnect_1_0/s00_couplers_imp_B4JP64/aes_axi_interconnect_1_imp_auto_ds_0/aes_axi_interconnect_1_imp_auto_ds_0_axi_dwidth_converter_v2_1_37_top/aes_axi_interconnect_1_imp_auto_ds_0_axi_dwidth_converter_v2_1_37_axi_downsizer/aes_axi_interconnect_1_imp_auto_ds_0_axi_dwidth_converter_v2_1_37_a_downsizer/aes_axi_interconnect_1_imp_auto_ds_0_axi_data_fifo_v2_1_36_axic_fifo__parameterized1/aes_axi_interconnect_1_imp_auto_ds_0_axi_data_fifo_v2_1_36_fifo_gen__parameterized1/<hidden>/<hidden>/<hidden>/<hidden>/<hidden>/<hidden>
                         net (fo=3, routed)           0.251     1.276    aes_wrapper/aes/aes_axi_interconnect_1_0/s00_couplers_imp_B4JP64/aes_axi_interconnect_1_imp_auto_ds_0/aes_axi_interconnect_1_imp_auto_ds_0_axi_dwidth_converter_v2_1_37_top/aes_axi_interconnect_1_imp_auto_ds_0_axi_dwidth_converter_v2_1_37_axi_downsizer/aes_axi_interconnect_1_imp_auto_ds_0_axi_dwidth_converter_v2_1_37_a_downsizer/aes_axi_interconnect_1_imp_auto_ds_0_axi_data_fifo_v2_1_36_axic_fifo__parameterized1/aes_axi_interconnect_1_imp_auto_ds_0_axi_data_fifo_v2_1_36_fifo_gen__parameterized1/<hidden>/<hidden>/<hidden>/<hidden>/<hidden>
    SLICE_X48Y78         LUT3 (Prop_lut3_I2_O)        0.098     1.374 f  aes_wrapper/aes/aes_axi_interconnect_1_0/s00_couplers_imp_B4JP64/aes_axi_interconnect_1_imp_auto_ds_0/aes_axi_interconnect_1_imp_auto_ds_0_axi_dwidth_converter_v2_1_37_top/aes_axi_interconnect_1_imp_auto_ds_0_axi_dwidth_converter_v2_1_37_axi_downsizer/aes_axi_interconnect_1_imp_auto_ds_0_axi_dwidth_converter_v2_1_37_a_downsizer/aes_axi_interconnect_1_imp_auto_ds_0_axi_data_fifo_v2_1_36_axic_fifo__parameterized1/aes_axi_interconnect_1_imp_auto_ds_0_axi_data_fifo_v2_1_36_fifo_gen__parameterized1/<hidden>/<hidden>/<hidden>/<hidden>/<hidden>
                         net (fo=32, routed)          0.180     1.554    aes_wrapper/aes/aes_axi_interconnect_1_0/s00_couplers_imp_B4JP64/aes_axi_interconnect_1_imp_auto_ds_0/aes_axi_interconnect_1_imp_auto_ds_0_axi_dwidth_converter_v2_1_37_top/aes_axi_interconnect_1_imp_auto_ds_0_axi_dwidth_converter_v2_1_37_axi_downsizer/aes_axi_interconnect_1_imp_auto_ds_0_axi_dwidth_converter_v2_1_37_a_downsizer/aes_axi_interconnect_1_imp_auto_ds_0_axi_data_fifo_v2_1_36_axic_fifo__parameterized1/aes_axi_interconnect_1_imp_auto_ds_0_axi_data_fifo_v2_1_36_fifo_gen__parameterized1/<hidden>/<hidden>/<hidden>/<hidden>/<hidden>/<hidden>
    SLICE_X48Y78         FDPE                                         f  aes_wrapper/aes/aes_axi_interconnect_1_0/s00_couplers_imp_B4JP64/aes_axi_interconnect_1_imp_auto_ds_0/aes_axi_interconnect_1_imp_auto_ds_0_axi_dwidth_converter_v2_1_37_top/aes_axi_interconnect_1_imp_auto_ds_0_axi_dwidth_converter_v2_1_37_axi_downsizer/aes_axi_interconnect_1_imp_auto_ds_0_axi_dwidth_converter_v2_1_37_a_downsizer/aes_axi_interconnect_1_imp_auto_ds_0_axi_data_fifo_v2_1_36_axic_fifo__parameterized1/aes_axi_interconnect_1_imp_auto_ds_0_axi_data_fifo_v2_1_36_fifo_gen__parameterized1/<hidden>/<hidden>/<hidden>/<hidden>/<hidden>/<hidden>
  -------------------------------------------------------------------    -------------------

                         (clock clk_fpga_0 rise edge)
                                                      0.000     0.000 r  
    PS7_X0Y0             PS7                          0.000     0.000 r  aes_i/processing_system7_0/inst/PS7_i/FCLKCLK[0]
                         net (fo=1, routed)           0.337     0.337    aes_i/processing_system7_0/inst/FCLK_CLK_unbuffered[0]
    BUFGCTRL_X0Y16       BUFG (Prop_bufg_I_O)         0.029     0.366 r  aes_i/processing_system7_0/inst/buffer_fclk_clk_0.FCLK_CLK_0_BUFG/O
                         net (fo=17798, routed)       0.812     1.178    aes_wrapper/aes/aes_axi_interconnect_1_0/s00_couplers_imp_B4JP64/aes_axi_interconnect_1_imp_auto_ds_0/aes_axi_interconnect_1_imp_auto_ds_0_axi_dwidth_converter_v2_1_37_top/aes_axi_interconnect_1_imp_auto_ds_0_axi_dwidth_converter_v2_1_37_axi_downsizer/aes_axi_interconnect_1_imp_auto_ds_0_axi_dwidth_converter_v2_1_37_a_downsizer/aes_axi_interconnect_1_imp_auto_ds_0_axi_data_fifo_v2_1_36_axic_fifo__parameterized1/aes_axi_interconnect_1_imp_auto_ds_0_axi_data_fifo_v2_1_36_fifo_gen__parameterized1/<hidden>/<hidden>/<hidden>/<hidden>/<hidden>/<hidden>
    SLICE_X48Y78         FDPE                                         r  aes_wrapper/aes/aes_axi_interconnect_1_0/s00_couplers_imp_B4JP64/aes_axi_interconnect_1_imp_auto_ds_0/aes_axi_interconnect_1_imp_auto_ds_0_axi_dwidth_converter_v2_1_37_top/aes_axi_interconnect_1_imp_auto_ds_0_axi_dwidth_converter_v2_1_37_axi_downsizer/aes_axi_interconnect_1_imp_auto_ds_0_axi_dwidth_converter_v2_1_37_a_downsizer/aes_axi_interconnect_1_imp_auto_ds_0_axi_data_fifo_v2_1_36_axic_fifo__parameterized1/aes_axi_interconnect_1_imp_auto_ds_0_axi_data_fifo_v2_1_36_fifo_gen__parameterized1/<hidden>/<hidden>/<hidden>/<hidden>/<hidden>/<hidden>
                         clock pessimism             -0.035     1.143    
    SLICE_X48Y78         FDPE (Remov_fdpe_C_PRE)     -0.095     1.048    aes_wrapper/aes/aes_axi_interconnect_1_0/s00_couplers_imp_B4JP64/aes_axi_interconnect_1_imp_auto_ds_0/aes_axi_interconnect_1_imp_auto_ds_0_axi_dwidth_converter_v2_1_37_top/aes_axi_interconnect_1_imp_auto_ds_0_axi_dwidth_converter_v2_1_37_axi_downsizer/aes_axi_interconnect_1_imp_auto_ds_0_axi_dwidth_converter_v2_1_37_a_downsizer/aes_axi_interconnect_1_imp_auto_ds_0_axi_data_fifo_v2_1_36_axic_fifo__parameterized1/aes_axi_interconnect_1_imp_auto_ds_0_axi_data_fifo_v2_1_36_fifo_gen__parameterized1/<hidden>/<hidden>/<hidden>/<hidden>/<hidden>/<hidden>
  -------------------------------------------------------------------
                         required time                         -1.048    
                         arrival time                           1.554    
  -------------------------------------------------------------------
                         slack                                  0.506    

Slack (MET) :             0.506ns  (arrival time - required time)
  Source:                 aes_wrapper/aes/aes_axi_interconnect_1_0/s00_couplers_imp_B4JP64/aes_axi_interconnect_1_imp_auto_ds_0/aes_axi_interconnect_1_imp_auto_ds_0_axi_dwidth_converter_v2_1_37_top/aes_axi_interconnect_1_imp_auto_ds_0_axi_dwidth_converter_v2_1_37_axi_downsizer/aes_axi_interconnect_1_imp_auto_ds_0_axi_dwidth_converter_v2_1_37_a_downsizer/aes_axi_interconnect_1_imp_auto_ds_0_axi_data_fifo_v2_1_36_axic_fifo__parameterized1/aes_axi_interconnect_1_imp_auto_ds_0_axi_data_fifo_v2_1_36_fifo_gen__parameterized1/<hidden>/<hidden>/<hidden>/<hidden>/<hidden>/<hidden>
                            (rising edge-triggered cell FDPE clocked by clk_fpga_0  {rise@0.000ns fall@5.000ns period=10.000ns})
  Destination:            aes_wrapper/aes/aes_axi_interconnect_1_0/s00_couplers_imp_B4JP64/aes_axi_interconnect_1_imp_auto_ds_0/aes_axi_interconnect_1_imp_auto_ds_0_axi_dwidth_converter_v2_1_37_top/aes_axi_interconnect_1_imp_auto_ds_0_axi_dwidth_converter_v2_1_37_axi_downsizer/aes_axi_interconnect_1_imp_auto_ds_0_axi_dwidth_converter_v2_1_37_a_downsizer/aes_axi_interconnect_1_imp_auto_ds_0_axi_data_fifo_v2_1_36_axic_fifo__parameterized1/aes_axi_interconnect_1_imp_auto_ds_0_axi_data_fifo_v2_1_36_fifo_gen__parameterized1/<hidden>/<hidden>/<hidden>/<hidden>/<hidden>/<hidden>
                            (removal check against rising-edge clock clk_fpga_0  {rise@0.000ns fall@5.000ns period=10.000ns})
  Path Group:             **async_default**
  Path Type:              Removal (Min at Fast Process Corner)
  Requirement:            0.000ns  (clk_fpga_0 rise@0.000ns - clk_fpga_0 rise@0.000ns)
  Data Path Delay:        0.676ns  (logic 0.246ns (36.372%)  route 0.430ns (63.628%))
  Logic Levels:           1  (LUT3=1)
  Clock Path Skew:        0.265ns (DCD - SCD - CPR)
    Destination Clock Delay (DCD):    1.178ns
    Source Clock Delay      (SCD):    0.878ns
    Clock Pessimism Removal (CPR):    0.035ns

    Location             Delay type                Incr(ns)  Path(ns)    Netlist Resource(s)
  -------------------------------------------------------------------    -------------------
                         (clock clk_fpga_0 rise edge)
                                                      0.000     0.000 r  
    PS7_X0Y0             PS7                          0.000     0.000 r  aes_i/processing_system7_0/inst/PS7_i/FCLKCLK[0]
                         net (fo=1, routed)           0.310     0.310    aes_i/processing_system7_0/inst/FCLK_CLK_unbuffered[0]
    BUFGCTRL_X0Y16       BUFG (Prop_bufg_I_O)         0.026     0.336 r  aes_i/processing_system7_0/inst/buffer_fclk_clk_0.FCLK_CLK_0_BUFG/O
                         net (fo=17798, routed)       0.542     0.878    aes_wrapper/aes/aes_axi_interconnect_1_0/s00_couplers_imp_B4JP64/aes_axi_interconnect_1_imp_auto_ds_0/aes_axi_interconnect_1_imp_auto_ds_0_axi_dwidth_converter_v2_1_37_top/aes_axi_interconnect_1_imp_auto_ds_0_axi_dwidth_converter_v2_1_37_axi_downsizer/aes_axi_interconnect_1_imp_auto_ds_0_axi_dwidth_converter_v2_1_37_a_downsizer/aes_axi_interconnect_1_imp_auto_ds_0_axi_data_fifo_v2_1_36_axic_fifo__parameterized1/aes_axi_interconnect_1_imp_auto_ds_0_axi_data_fifo_v2_1_36_fifo_gen__parameterized1/<hidden>/<hidden>/<hidden>/<hidden>/<hidden>/<hidden>
    SLICE_X50Y78         FDPE                                         r  aes_wrapper/aes/aes_axi_interconnect_1_0/s00_couplers_imp_B4JP64/aes_axi_interconnect_1_imp_auto_ds_0/aes_axi_interconnect_1_imp_auto_ds_0_axi_dwidth_converter_v2_1_37_top/aes_axi_interconnect_1_imp_auto_ds_0_axi_dwidth_converter_v2_1_37_axi_downsizer/aes_axi_interconnect_1_imp_auto_ds_0_axi_dwidth_converter_v2_1_37_a_downsizer/aes_axi_interconnect_1_imp_auto_ds_0_axi_data_fifo_v2_1_36_axic_fifo__parameterized1/aes_axi_interconnect_1_imp_auto_ds_0_axi_data_fifo_v2_1_36_fifo_gen__parameterized1/<hidden>/<hidden>/<hidden>/<hidden>/<hidden>/<hidden>
  -------------------------------------------------------------------    -------------------
    SLICE_X50Y78         FDPE (Prop_fdpe_C_Q)         0.148     1.026 f  aes_wrapper/aes/aes_axi_interconnect_1_0/s00_couplers_imp_B4JP64/aes_axi_interconnect_1_imp_auto_ds_0/aes_axi_interconnect_1_imp_auto_ds_0_axi_dwidth_converter_v2_1_37_top/aes_axi_interconnect_1_imp_auto_ds_0_axi_dwidth_converter_v2_1_37_axi_downsizer/aes_axi_interconnect_1_imp_auto_ds_0_axi_dwidth_converter_v2_1_37_a_downsizer/aes_axi_interconnect_1_imp_auto_ds_0_axi_data_fifo_v2_1_36_axic_fifo__parameterized1/aes_axi_interconnect_1_imp_auto_ds_0_axi_data_fifo_v2_1_36_fifo_gen__parameterized1/<hidden>/<hidden>/<hidden>/<hidden>/<hidden>/<hidden>
                         net (fo=3, routed)           0.251     1.276    aes_wrapper/aes/aes_axi_interconnect_1_0/s00_couplers_imp_B4JP64/aes_axi_interconnect_1_imp_auto_ds_0/aes_axi_interconnect_1_imp_auto_ds_0_axi_dwidth_converter_v2_1_37_top/aes_axi_interconnect_1_imp_auto_ds_0_axi_dwidth_converter_v2_1_37_axi_downsizer/aes_axi_interconnect_1_imp_auto_ds_0_axi_dwidth_converter_v2_1_37_a_downsizer/aes_axi_interconnect_1_imp_auto_ds_0_axi_data_fifo_v2_1_36_axic_fifo__parameterized1/aes_axi_interconnect_1_imp_auto_ds_0_axi_data_fifo_v2_1_36_fifo_gen__parameterized1/<hidden>/<hidden>/<hidden>/<hidden>/<hidden>
    SLICE_X48Y78         LUT3 (Prop_lut3_I2_O)        0.098     1.374 f  aes_wrapper/aes/aes_axi_interconnect_1_0/s00_couplers_imp_B4JP64/aes_axi_interconnect_1_imp_auto_ds_0/aes_axi_interconnect_1_imp_auto_ds_0_axi_dwidth_converter_v2_1_37_top/aes_axi_interconnect_1_imp_auto_ds_0_axi_dwidth_converter_v2_1_37_axi_downsizer/aes_axi_interconnect_1_imp_auto_ds_0_axi_dwidth_converter_v2_1_37_a_downsizer/aes_axi_interconnect_1_imp_auto_ds_0_axi_data_fifo_v2_1_36_axic_fifo__parameterized1/aes_axi_interconnect_1_imp_auto_ds_0_axi_data_fifo_v2_1_36_fifo_gen__parameterized1/<hidden>/<hidden>/<hidden>/<hidden>/<hidden>
                         net (fo=32, routed)          0.180     1.554    aes_wrapper/aes/aes_axi_interconnect_1_0/s00_couplers_imp_B4JP64/aes_axi_interconnect_1_imp_auto_ds_0/aes_axi_interconnect_1_imp_auto_ds_0_axi_dwidth_converter_v2_1_37_top/aes_axi_interconnect_1_imp_auto_ds_0_axi_dwidth_converter_v2_1_37_axi_downsizer/aes_axi_interconnect_1_imp_auto_ds_0_axi_dwidth_converter_v2_1_37_a_downsizer/aes_axi_interconnect_1_imp_auto_ds_0_axi_data_fifo_v2_1_36_axic_fifo__parameterized1/aes_axi_interconnect_1_imp_auto_ds_0_axi_data_fifo_v2_1_36_fifo_gen__parameterized1/<hidden>/<hidden>/<hidden>/<hidden>/<hidden>/<hidden>
    SLICE_X48Y78         FDPE                                         f  aes_wrapper/aes/aes_axi_interconnect_1_0/s00_couplers_imp_B4JP64/aes_axi_interconnect_1_imp_auto_ds_0/aes_axi_interconnect_1_imp_auto_ds_0_axi_dwidth_converter_v2_1_37_top/aes_axi_interconnect_1_imp_auto_ds_0_axi_dwidth_converter_v2_1_37_axi_downsizer/aes_axi_interconnect_1_imp_auto_ds_0_axi_dwidth_converter_v2_1_37_a_downsizer/aes_axi_interconnect_1_imp_auto_ds_0_axi_data_fifo_v2_1_36_axic_fifo__parameterized1/aes_axi_interconnect_1_imp_auto_ds_0_axi_data_fifo_v2_1_36_fifo_gen__parameterized1/<hidden>/<hidden>/<hidden>/<hidden>/<hidden>/<hidden>
  -------------------------------------------------------------------    -------------------

                         (clock clk_fpga_0 rise edge)
                                                      0.000     0.000 r  
    PS7_X0Y0             PS7                          0.000     0.000 r  aes_i/processing_system7_0/inst/PS7_i/FCLKCLK[0]
                         net (fo=1, routed)           0.337     0.337    aes_i/processing_system7_0/inst/FCLK_CLK_unbuffered[0]
    BUFGCTRL_X0Y16       BUFG (Prop_bufg_I_O)         0.029     0.366 r  aes_i/processing_system7_0/inst/buffer_fclk_clk_0.FCLK_CLK_0_BUFG/O
                         net (fo=17798, routed)       0.812     1.178    aes_wrapper/aes/aes_axi_interconnect_1_0/s00_couplers_imp_B4JP64/aes_axi_interconnect_1_imp_auto_ds_0/aes_axi_interconnect_1_imp_auto_ds_0_axi_dwidth_converter_v2_1_37_top/aes_axi_interconnect_1_imp_auto_ds_0_axi_dwidth_converter_v2_1_37_axi_downsizer/aes_axi_interconnect_1_imp_auto_ds_0_axi_dwidth_converter_v2_1_37_a_downsizer/aes_axi_interconnect_1_imp_auto_ds_0_axi_data_fifo_v2_1_36_axic_fifo__parameterized1/aes_axi_interconnect_1_imp_auto_ds_0_axi_data_fifo_v2_1_36_fifo_gen__parameterized1/<hidden>/<hidden>/<hidden>/<hidden>/<hidden>/<hidden>
    SLICE_X48Y78         FDPE                                         r  aes_wrapper/aes/aes_axi_interconnect_1_0/s00_couplers_imp_B4JP64/aes_axi_interconnect_1_imp_auto_ds_0/aes_axi_interconnect_1_imp_auto_ds_0_axi_dwidth_converter_v2_1_37_top/aes_axi_interconnect_1_imp_auto_ds_0_axi_dwidth_converter_v2_1_37_axi_downsizer/aes_axi_interconnect_1_imp_auto_ds_0_axi_dwidth_converter_v2_1_37_a_downsizer/aes_axi_interconnect_1_imp_auto_ds_0_axi_data_fifo_v2_1_36_axic_fifo__parameterized1/aes_axi_interconnect_1_imp_auto_ds_0_axi_data_fifo_v2_1_36_fifo_gen__parameterized1/<hidden>/<hidden>/<hidden>/<hidden>/<hidden>/<hidden>
                         clock pessimism             -0.035     1.143    
    SLICE_X48Y78         FDPE (Remov_fdpe_C_PRE)     -0.095     1.048    aes_wrapper/aes/aes_axi_interconnect_1_0/s00_couplers_imp_B4JP64/aes_axi_interconnect_1_imp_auto_ds_0/aes_axi_interconnect_1_imp_auto_ds_0_axi_dwidth_converter_v2_1_37_top/aes_axi_interconnect_1_imp_auto_ds_0_axi_dwidth_converter_v2_1_37_axi_downsizer/aes_axi_interconnect_1_imp_auto_ds_0_axi_dwidth_converter_v2_1_37_a_downsizer/aes_axi_interconnect_1_imp_auto_ds_0_axi_data_fifo_v2_1_36_axic_fifo__parameterized1/aes_axi_interconnect_1_imp_auto_ds_0_axi_data_fifo_v2_1_36_fifo_gen__parameterized1/<hidden>/<hidden>/<hidden>/<hidden>/<hidden>/<hidden>
  -------------------------------------------------------------------
                         required time                         -1.048    
                         arrival time                           1.554    
  -------------------------------------------------------------------
                         slack                                  0.506    

Slack (MET) :             0.552ns  (arrival time - required time)
  Source:                 aes_wrapper/aes/aes_axi_interconnect_1_0/s00_couplers_imp_B4JP64/aes_axi_interconnect_1_imp_auto_ds_0/aes_axi_interconnect_1_imp_auto_ds_0_axi_dwidth_converter_v2_1_37_top/aes_axi_interconnect_1_imp_auto_ds_0_axi_dwidth_converter_v2_1_37_axi_downsizer/aes_axi_interconnect_1_imp_auto_ds_0_axi_dwidth_converter_v2_1_37_a_downsizer/aes_axi_interconnect_1_imp_auto_ds_0_axi_data_fifo_v2_1_36_axic_fifo__parameterized1/aes_axi_interconnect_1_imp_auto_ds_0_axi_data_fifo_v2_1_36_fifo_gen__parameterized1/<hidden>/<hidden>/<hidden>/<hidden>/<hidden>
                            (rising edge-triggered cell FDRE clocked by clk_fpga_0  {rise@0.000ns fall@5.000ns period=10.000ns})
  Destination:            aes_wrapper/aes/aes_axi_interconnect_1_0/s00_couplers_imp_B4JP64/aes_axi_interconnect_1_imp_auto_ds_0/aes_axi_interconnect_1_imp_auto_ds_0_axi_dwidth_converter_v2_1_37_top/aes_axi_interconnect_1_imp_auto_ds_0_axi_dwidth_converter_v2_1_37_axi_downsizer/aes_axi_interconnect_1_imp_auto_ds_0_axi_dwidth_converter_v2_1_37_a_downsizer/aes_axi_interconnect_1_imp_auto_ds_0_axi_data_fifo_v2_1_36_axic_fifo__parameterized1/aes_axi_interconnect_1_imp_auto_ds_0_axi_data_fifo_v2_1_36_fifo_gen__parameterized1/<hidden>/<hidden>/<hidden>/<hidden>/<hidden>/<hidden>
                            (removal check against rising-edge clock clk_fpga_0  {rise@0.000ns fall@5.000ns period=10.000ns})
  Path Group:             **async_default**
  Path Type:              Removal (Min at Fast Process Corner)
  Requirement:            0.000ns  (clk_fpga_0 rise@0.000ns - clk_fpga_0 rise@0.000ns)
  Data Path Delay:        0.518ns  (logic 0.186ns (35.887%)  route 0.332ns (64.113%))
  Logic Levels:           1  (LUT3=1)
  Clock Path Skew:        0.033ns (DCD - SCD - CPR)
    Destination Clock Delay (DCD):    1.178ns
    Source Clock Delay      (SCD):    0.881ns
    Clock Pessimism Removal (CPR):    0.264ns

    Location             Delay type                Incr(ns)  Path(ns)    Netlist Resource(s)
  -------------------------------------------------------------------    -------------------
                         (clock clk_fpga_0 rise edge)
                                                      0.000     0.000 r  
    PS7_X0Y0             PS7                          0.000     0.000 r  aes_i/processing_system7_0/inst/PS7_i/FCLKCLK[0]
                         net (fo=1, routed)           0.310     0.310    aes_i/processing_system7_0/inst/FCLK_CLK_unbuffered[0]
    BUFGCTRL_X0Y16       BUFG (Prop_bufg_I_O)         0.026     0.336 r  aes_i/processing_system7_0/inst/buffer_fclk_clk_0.FCLK_CLK_0_BUFG/O
                         net (fo=17798, routed)       0.545     0.881    aes_wrapper/aes/aes_axi_interconnect_1_0/s00_couplers_imp_B4JP64/aes_axi_interconnect_1_imp_auto_ds_0/aes_axi_interconnect_1_imp_auto_ds_0_axi_dwidth_converter_v2_1_37_top/aes_axi_interconnect_1_imp_auto_ds_0_axi_dwidth_converter_v2_1_37_axi_downsizer/aes_axi_interconnect_1_imp_auto_ds_0_axi_dwidth_converter_v2_1_37_a_downsizer/aes_axi_interconnect_1_imp_auto_ds_0_axi_data_fifo_v2_1_36_axic_fifo__parameterized1/aes_axi_interconnect_1_imp_auto_ds_0_axi_data_fifo_v2_1_36_fifo_gen__parameterized1/<hidden>/<hidden>/<hidden>/<hidden>/<hidden>
    SLICE_X49Y78         FDRE                                         r  aes_wrapper/aes/aes_axi_interconnect_1_0/s00_couplers_imp_B4JP64/aes_axi_interconnect_1_imp_auto_ds_0/aes_axi_interconnect_1_imp_auto_ds_0_axi_dwidth_converter_v2_1_37_top/aes_axi_interconnect_1_imp_auto_ds_0_axi_dwidth_converter_v2_1_37_axi_downsizer/aes_axi_interconnect_1_imp_auto_ds_0_axi_dwidth_converter_v2_1_37_a_downsizer/aes_axi_interconnect_1_imp_auto_ds_0_axi_data_fifo_v2_1_36_axic_fifo__parameterized1/aes_axi_interconnect_1_imp_auto_ds_0_axi_data_fifo_v2_1_36_fifo_gen__parameterized1/<hidden>/<hidden>/<hidden>/<hidden>/<hidden>
  -------------------------------------------------------------------    -------------------
    SLICE_X49Y78         FDRE (Prop_fdre_C_Q)         0.141     1.022 f  aes_wrapper/aes/aes_axi_interconnect_1_0/s00_couplers_imp_B4JP64/aes_axi_interconnect_1_imp_auto_ds_0/aes_axi_interconnect_1_imp_auto_ds_0_axi_dwidth_converter_v2_1_37_top/aes_axi_interconnect_1_imp_auto_ds_0_axi_dwidth_converter_v2_1_37_axi_downsizer/aes_axi_interconnect_1_imp_auto_ds_0_axi_dwidth_converter_v2_1_37_a_downsizer/aes_axi_interconnect_1_imp_auto_ds_0_axi_data_fifo_v2_1_36_axic_fifo__parameterized1/aes_axi_interconnect_1_imp_auto_ds_0_axi_data_fifo_v2_1_36_fifo_gen__parameterized1/<hidden>/<hidden>/<hidden>/<hidden>/<hidden>
                         net (fo=2, routed)           0.072     1.093    aes_wrapper/aes/aes_axi_interconnect_1_0/s00_couplers_imp_B4JP64/aes_axi_interconnect_1_imp_auto_ds_0/aes_axi_interconnect_1_imp_auto_ds_0_axi_dwidth_converter_v2_1_37_top/aes_axi_interconnect_1_imp_auto_ds_0_axi_dwidth_converter_v2_1_37_axi_downsizer/aes_axi_interconnect_1_imp_auto_ds_0_axi_dwidth_converter_v2_1_37_a_downsizer/aes_axi_interconnect_1_imp_auto_ds_0_axi_data_fifo_v2_1_36_axic_fifo__parameterized1/aes_axi_interconnect_1_imp_auto_ds_0_axi_data_fifo_v2_1_36_fifo_gen__parameterized1/<hidden>/<hidden>/<hidden>/<hidden>/<hidden>
    SLICE_X48Y78         LUT3 (Prop_lut3_I0_O)        0.045     1.138 f  aes_wrapper/aes/aes_axi_interconnect_1_0/s00_couplers_imp_B4JP64/aes_axi_interconnect_1_imp_auto_ds_0/aes_axi_interconnect_1_imp_auto_ds_0_axi_dwidth_converter_v2_1_37_top/aes_axi_interconnect_1_imp_auto_ds_0_axi_dwidth_converter_v2_1_37_axi_downsizer/aes_axi_interconnect_1_imp_auto_ds_0_axi_dwidth_converter_v2_1_37_a_downsizer/aes_axi_interconnect_1_imp_auto_ds_0_axi_data_fifo_v2_1_36_axic_fifo__parameterized1/aes_axi_interconnect_1_imp_auto_ds_0_axi_data_fifo_v2_1_36_fifo_gen__parameterized1/<hidden>/<hidden>/<hidden>/<hidden>/<hidden>
                         net (fo=32, routed)          0.261     1.399    aes_wrapper/aes/aes_axi_interconnect_1_0/s00_couplers_imp_B4JP64/aes_axi_interconnect_1_imp_auto_ds_0/aes_axi_interconnect_1_imp_auto_ds_0_axi_dwidth_converter_v2_1_37_top/aes_axi_interconnect_1_imp_auto_ds_0_axi_dwidth_converter_v2_1_37_axi_downsizer/aes_axi_interconnect_1_imp_auto_ds_0_axi_dwidth_converter_v2_1_37_a_downsizer/aes_axi_interconnect_1_imp_auto_ds_0_axi_data_fifo_v2_1_36_axic_fifo__parameterized1/aes_axi_interconnect_1_imp_auto_ds_0_axi_data_fifo_v2_1_36_fifo_gen__parameterized1/<hidden>/<hidden>/<hidden>/<hidden>/<hidden>/<hidden>
    SLICE_X46Y78         FDCE                                         f  aes_wrapper/aes/aes_axi_interconnect_1_0/s00_couplers_imp_B4JP64/aes_axi_interconnect_1_imp_auto_ds_0/aes_axi_interconnect_1_imp_auto_ds_0_axi_dwidth_converter_v2_1_37_top/aes_axi_interconnect_1_imp_auto_ds_0_axi_dwidth_converter_v2_1_37_axi_downsizer/aes_axi_interconnect_1_imp_auto_ds_0_axi_dwidth_converter_v2_1_37_a_downsizer/aes_axi_interconnect_1_imp_auto_ds_0_axi_data_fifo_v2_1_36_axic_fifo__parameterized1/aes_axi_interconnect_1_imp_auto_ds_0_axi_data_fifo_v2_1_36_fifo_gen__parameterized1/<hidden>/<hidden>/<hidden>/<hidden>/<hidden>/<hidden>
  -------------------------------------------------------------------    -------------------

                         (clock clk_fpga_0 rise edge)
                                                      0.000     0.000 r  
    PS7_X0Y0             PS7                          0.000     0.000 r  aes_i/processing_system7_0/inst/PS7_i/FCLKCLK[0]
                         net (fo=1, routed)           0.337     0.337    aes_i/processing_system7_0/inst/FCLK_CLK_unbuffered[0]
    BUFGCTRL_X0Y16       BUFG (Prop_bufg_I_O)         0.029     0.366 r  aes_i/processing_system7_0/inst/buffer_fclk_clk_0.FCLK_CLK_0_BUFG/O
                         net (fo=17798, routed)       0.812     1.178    aes_wrapper/aes/aes_axi_interconnect_1_0/s00_couplers_imp_B4JP64/aes_axi_interconnect_1_imp_auto_ds_0/aes_axi_interconnect_1_imp_auto_ds_0_axi_dwidth_converter_v2_1_37_top/aes_axi_interconnect_1_imp_auto_ds_0_axi_dwidth_converter_v2_1_37_axi_downsizer/aes_axi_interconnect_1_imp_auto_ds_0_axi_dwidth_converter_v2_1_37_a_downsizer/aes_axi_interconnect_1_imp_auto_ds_0_axi_data_fifo_v2_1_36_axic_fifo__parameterized1/aes_axi_interconnect_1_imp_auto_ds_0_axi_data_fifo_v2_1_36_fifo_gen__parameterized1/<hidden>/<hidden>/<hidden>/<hidden>/<hidden>/<hidden>
    SLICE_X46Y78         FDCE                                         r  aes_wrapper/aes/aes_axi_interconnect_1_0/s00_couplers_imp_B4JP64/aes_axi_interconnect_1_imp_auto_ds_0/aes_axi_interconnect_1_imp_auto_ds_0_axi_dwidth_converter_v2_1_37_top/aes_axi_interconnect_1_imp_auto_ds_0_axi_dwidth_converter_v2_1_37_axi_downsizer/aes_axi_interconnect_1_imp_auto_ds_0_axi_dwidth_converter_v2_1_37_a_downsizer/aes_axi_interconnect_1_imp_auto_ds_0_axi_data_fifo_v2_1_36_axic_fifo__parameterized1/aes_axi_interconnect_1_imp_auto_ds_0_axi_data_fifo_v2_1_36_fifo_gen__parameterized1/<hidden>/<hidden>/<hidden>/<hidden>/<hidden>/<hidden>
                         clock pessimism             -0.264     0.914    
    SLICE_X46Y78         FDCE (Remov_fdce_C_CLR)     -0.067     0.847    aes_wrapper/aes/aes_axi_interconnect_1_0/s00_couplers_imp_B4JP64/aes_axi_interconnect_1_imp_auto_ds_0/aes_axi_interconnect_1_imp_auto_ds_0_axi_dwidth_converter_v2_1_37_top/aes_axi_interconnect_1_imp_auto_ds_0_axi_dwidth_converter_v2_1_37_axi_downsizer/aes_axi_interconnect_1_imp_auto_ds_0_axi_dwidth_converter_v2_1_37_a_downsizer/aes_axi_interconnect_1_imp_auto_ds_0_axi_data_fifo_v2_1_36_axic_fifo__parameterized1/aes_axi_interconnect_1_imp_auto_ds_0_axi_data_fifo_v2_1_36_fifo_gen__parameterized1/<hidden>/<hidden>/<hidden>/<hidden>/<hidden>/<hidden>
  -------------------------------------------------------------------
                         required time                         -0.847    
                         arrival time                           1.399    
  -------------------------------------------------------------------
                         slack                                  0.552    

Slack (MET) :             0.556ns  (arrival time - required time)
  Source:                 aes_wrapper/aes/aes_axi_interconnect_1_0/s00_couplers_imp_B4JP64/aes_axi_interconnect_1_imp_auto_ds_0/aes_axi_interconnect_1_imp_auto_ds_0_axi_dwidth_converter_v2_1_37_top/aes_axi_interconnect_1_imp_auto_ds_0_axi_dwidth_converter_v2_1_37_axi_downsizer/aes_axi_interconnect_1_imp_auto_ds_0_axi_dwidth_converter_v2_1_37_a_downsizer/aes_axi_interconnect_1_imp_auto_ds_0_axi_data_fifo_v2_1_36_axic_fifo__parameterized1/aes_axi_interconnect_1_imp_auto_ds_0_axi_data_fifo_v2_1_36_fifo_gen__parameterized1/<hidden>/<hidden>/<hidden>/<hidden>/<hidden>
                            (rising edge-triggered cell FDRE clocked by clk_fpga_0  {rise@0.000ns fall@5.000ns period=10.000ns})
  Destination:            aes_wrapper/aes/aes_axi_interconnect_1_0/s00_couplers_imp_B4JP64/aes_axi_interconnect_1_imp_auto_ds_0/aes_axi_interconnect_1_imp_auto_ds_0_axi_dwidth_converter_v2_1_37_top/aes_axi_interconnect_1_imp_auto_ds_0_axi_dwidth_converter_v2_1_37_axi_downsizer/aes_axi_interconnect_1_imp_auto_ds_0_axi_dwidth_converter_v2_1_37_a_downsizer/aes_axi_interconnect_1_imp_auto_ds_0_axi_data_fifo_v2_1_36_axic_fifo__parameterized1/aes_axi_interconnect_1_imp_auto_ds_0_axi_data_fifo_v2_1_36_fifo_gen__parameterized1/<hidden>/<hidden>/<hidden>/<hidden>/<hidden>/<hidden>
                            (removal check against rising-edge clock clk_fpga_0  {rise@0.000ns fall@5.000ns period=10.000ns})
  Path Group:             **async_default**
  Path Type:              Removal (Min at Fast Process Corner)
  Requirement:            0.000ns  (clk_fpga_0 rise@0.000ns - clk_fpga_0 rise@0.000ns)
  Data Path Delay:        0.518ns  (logic 0.186ns (35.887%)  route 0.332ns (64.113%))
  Logic Levels:           1  (LUT3=1)
  Clock Path Skew:        0.033ns (DCD - SCD - CPR)
    Destination Clock Delay (DCD):    1.178ns
    Source Clock Delay      (SCD):    0.881ns
    Clock Pessimism Removal (CPR):    0.264ns

    Location             Delay type                Incr(ns)  Path(ns)    Netlist Resource(s)
  -------------------------------------------------------------------    -------------------
                         (clock clk_fpga_0 rise edge)
                                                      0.000     0.000 r  
    PS7_X0Y0             PS7                          0.000     0.000 r  aes_i/processing_system7_0/inst/PS7_i/FCLKCLK[0]
                         net (fo=1, routed)           0.310     0.310    aes_i/processing_system7_0/inst/FCLK_CLK_unbuffered[0]
    BUFGCTRL_X0Y16       BUFG (Prop_bufg_I_O)         0.026     0.336 r  aes_i/processing_system7_0/inst/buffer_fclk_clk_0.FCLK_CLK_0_BUFG/O
                         net (fo=17798, routed)       0.545     0.881    aes_wrapper/aes/aes_axi_interconnect_1_0/s00_couplers_imp_B4JP64/aes_axi_interconnect_1_imp_auto_ds_0/aes_axi_interconnect_1_imp_auto_ds_0_axi_dwidth_converter_v2_1_37_top/aes_axi_interconnect_1_imp_auto_ds_0_axi_dwidth_converter_v2_1_37_axi_downsizer/aes_axi_interconnect_1_imp_auto_ds_0_axi_dwidth_converter_v2_1_37_a_downsizer/aes_axi_interconnect_1_imp_auto_ds_0_axi_data_fifo_v2_1_36_axic_fifo__parameterized1/aes_axi_interconnect_1_imp_auto_ds_0_axi_data_fifo_v2_1_36_fifo_gen__parameterized1/<hidden>/<hidden>/<hidden>/<hidden>/<hidden>
    SLICE_X49Y78         FDRE                                         r  aes_wrapper/aes/aes_axi_interconnect_1_0/s00_couplers_imp_B4JP64/aes_axi_interconnect_1_imp_auto_ds_0/aes_axi_interconnect_1_imp_auto_ds_0_axi_dwidth_converter_v2_1_37_top/aes_axi_interconnect_1_imp_auto_ds_0_axi_dwidth_converter_v2_1_37_axi_downsizer/aes_axi_interconnect_1_imp_auto_ds_0_axi_dwidth_converter_v2_1_37_a_downsizer/aes_axi_interconnect_1_imp_auto_ds_0_axi_data_fifo_v2_1_36_axic_fifo__parameterized1/aes_axi_interconnect_1_imp_auto_ds_0_axi_data_fifo_v2_1_36_fifo_gen__parameterized1/<hidden>/<hidden>/<hidden>/<hidden>/<hidden>
  -------------------------------------------------------------------    -------------------
    SLICE_X49Y78         FDRE (Prop_fdre_C_Q)         0.141     1.022 f  aes_wrapper/aes/aes_axi_interconnect_1_0/s00_couplers_imp_B4JP64/aes_axi_interconnect_1_imp_auto_ds_0/aes_axi_interconnect_1_imp_auto_ds_0_axi_dwidth_converter_v2_1_37_top/aes_axi_interconnect_1_imp_auto_ds_0_axi_dwidth_converter_v2_1_37_axi_downsizer/aes_axi_interconnect_1_imp_auto_ds_0_axi_dwidth_converter_v2_1_37_a_downsizer/aes_axi_interconnect_1_imp_auto_ds_0_axi_data_fifo_v2_1_36_axic_fifo__parameterized1/aes_axi_interconnect_1_imp_auto_ds_0_axi_data_fifo_v2_1_36_fifo_gen__parameterized1/<hidden>/<hidden>/<hidden>/<hidden>/<hidden>
                         net (fo=2, routed)           0.072     1.093    aes_wrapper/aes/aes_axi_interconnect_1_0/s00_couplers_imp_B4JP64/aes_axi_interconnect_1_imp_auto_ds_0/aes_axi_interconnect_1_imp_auto_ds_0_axi_dwidth_converter_v2_1_37_top/aes_axi_interconnect_1_imp_auto_ds_0_axi_dwidth_converter_v2_1_37_axi_downsizer/aes_axi_interconnect_1_imp_auto_ds_0_axi_dwidth_converter_v2_1_37_a_downsizer/aes_axi_interconnect_1_imp_auto_ds_0_axi_data_fifo_v2_1_36_axic_fifo__parameterized1/aes_axi_interconnect_1_imp_auto_ds_0_axi_data_fifo_v2_1_36_fifo_gen__parameterized1/<hidden>/<hidden>/<hidden>/<hidden>/<hidden>
    SLICE_X48Y78         LUT3 (Prop_lut3_I0_O)        0.045     1.138 f  aes_wrapper/aes/aes_axi_interconnect_1_0/s00_couplers_imp_B4JP64/aes_axi_interconnect_1_imp_auto_ds_0/aes_axi_interconnect_1_imp_auto_ds_0_axi_dwidth_converter_v2_1_37_top/aes_axi_interconnect_1_imp_auto_ds_0_axi_dwidth_converter_v2_1_37_axi_downsizer/aes_axi_interconnect_1_imp_auto_ds_0_axi_dwidth_converter_v2_1_37_a_downsizer/aes_axi_interconnect_1_imp_auto_ds_0_axi_data_fifo_v2_1_36_axic_fifo__parameterized1/aes_axi_interconnect_1_imp_auto_ds_0_axi_data_fifo_v2_1_36_fifo_gen__parameterized1/<hidden>/<hidden>/<hidden>/<hidden>/<hidden>
                         net (fo=32, routed)          0.261     1.399    aes_wrapper/aes/aes_axi_interconnect_1_0/s00_couplers_imp_B4JP64/aes_axi_interconnect_1_imp_auto_ds_0/aes_axi_interconnect_1_imp_auto_ds_0_axi_dwidth_converter_v2_1_37_top/aes_axi_interconnect_1_imp_auto_ds_0_axi_dwidth_converter_v2_1_37_axi_downsizer/aes_axi_interconnect_1_imp_auto_ds_0_axi_dwidth_converter_v2_1_37_a_downsizer/aes_axi_interconnect_1_imp_auto_ds_0_axi_data_fifo_v2_1_36_axic_fifo__parameterized1/aes_axi_interconnect_1_imp_auto_ds_0_axi_data_fifo_v2_1_36_fifo_gen__parameterized1/<hidden>/<hidden>/<hidden>/<hidden>/<hidden>/<hidden>
    SLICE_X46Y78         FDPE                                         f  aes_wrapper/aes/aes_axi_interconnect_1_0/s00_couplers_imp_B4JP64/aes_axi_interconnect_1_imp_auto_ds_0/aes_axi_interconnect_1_imp_auto_ds_0_axi_dwidth_converter_v2_1_37_top/aes_axi_interconnect_1_imp_auto_ds_0_axi_dwidth_converter_v2_1_37_axi_downsizer/aes_axi_interconnect_1_imp_auto_ds_0_axi_dwidth_converter_v2_1_37_a_downsizer/aes_axi_interconnect_1_imp_auto_ds_0_axi_data_fifo_v2_1_36_axic_fifo__parameterized1/aes_axi_interconnect_1_imp_auto_ds_0_axi_data_fifo_v2_1_36_fifo_gen__parameterized1/<hidden>/<hidden>/<hidden>/<hidden>/<hidden>/<hidden>
  -------------------------------------------------------------------    -------------------

                         (clock clk_fpga_0 rise edge)
                                                      0.000     0.000 r  
    PS7_X0Y0             PS7                          0.000     0.000 r  aes_i/processing_system7_0/inst/PS7_i/FCLKCLK[0]
                         net (fo=1, routed)           0.337     0.337    aes_i/processing_system7_0/inst/FCLK_CLK_unbuffered[0]
    BUFGCTRL_X0Y16       BUFG (Prop_bufg_I_O)         0.029     0.366 r  aes_i/processing_system7_0/inst/buffer_fclk_clk_0.FCLK_CLK_0_BUFG/O
                         net (fo=17798, routed)       0.812     1.178    aes_wrapper/aes/aes_axi_interconnect_1_0/s00_couplers_imp_B4JP64/aes_axi_interconnect_1_imp_auto_ds_0/aes_axi_interconnect_1_imp_auto_ds_0_axi_dwidth_converter_v2_1_37_top/aes_axi_interconnect_1_imp_auto_ds_0_axi_dwidth_converter_v2_1_37_axi_downsizer/aes_axi_interconnect_1_imp_auto_ds_0_axi_dwidth_converter_v2_1_37_a_downsizer/aes_axi_interconnect_1_imp_auto_ds_0_axi_data_fifo_v2_1_36_axic_fifo__parameterized1/aes_axi_interconnect_1_imp_auto_ds_0_axi_data_fifo_v2_1_36_fifo_gen__parameterized1/<hidden>/<hidden>/<hidden>/<hidden>/<hidden>/<hidden>
    SLICE_X46Y78         FDPE                                         r  aes_wrapper/aes/aes_axi_interconnect_1_0/s00_couplers_imp_B4JP64/aes_axi_interconnect_1_imp_auto_ds_0/aes_axi_interconnect_1_imp_auto_ds_0_axi_dwidth_converter_v2_1_37_top/aes_axi_interconnect_1_imp_auto_ds_0_axi_dwidth_converter_v2_1_37_axi_downsizer/aes_axi_interconnect_1_imp_auto_ds_0_axi_dwidth_converter_v2_1_37_a_downsizer/aes_axi_interconnect_1_imp_auto_ds_0_axi_data_fifo_v2_1_36_axic_fifo__parameterized1/aes_axi_interconnect_1_imp_auto_ds_0_axi_data_fifo_v2_1_36_fifo_gen__parameterized1/<hidden>/<hidden>/<hidden>/<hidden>/<hidden>/<hidden>
                         clock pessimism             -0.264     0.914    
    SLICE_X46Y78         FDPE (Remov_fdpe_C_PRE)     -0.071     0.843    aes_wrapper/aes/aes_axi_interconnect_1_0/s00_couplers_imp_B4JP64/aes_axi_interconnect_1_imp_auto_ds_0/aes_axi_interconnect_1_imp_auto_ds_0_axi_dwidth_converter_v2_1_37_top/aes_axi_interconnect_1_imp_auto_ds_0_axi_dwidth_converter_v2_1_37_axi_downsizer/aes_axi_interconnect_1_imp_auto_ds_0_axi_dwidth_converter_v2_1_37_a_downsizer/aes_axi_interconnect_1_imp_auto_ds_0_axi_data_fifo_v2_1_36_axic_fifo__parameterized1/aes_axi_interconnect_1_imp_auto_ds_0_axi_data_fifo_v2_1_36_fifo_gen__parameterized1/<hidden>/<hidden>/<hidden>/<hidden>/<hidden>/<hidden>
  -------------------------------------------------------------------
                         required time                         -0.843    
                         arrival time                           1.399    
  -------------------------------------------------------------------
                         slack                                  0.556    

Slack (MET) :             0.556ns  (arrival time - required time)
  Source:                 aes_wrapper/aes/aes_axi_interconnect_1_0/s00_couplers_imp_B4JP64/aes_axi_interconnect_1_imp_auto_ds_0/aes_axi_interconnect_1_imp_auto_ds_0_axi_dwidth_converter_v2_1_37_top/aes_axi_interconnect_1_imp_auto_ds_0_axi_dwidth_converter_v2_1_37_axi_downsizer/aes_axi_interconnect_1_imp_auto_ds_0_axi_dwidth_converter_v2_1_37_a_downsizer/aes_axi_interconnect_1_imp_auto_ds_0_axi_data_fifo_v2_1_36_axic_fifo__parameterized1/aes_axi_interconnect_1_imp_auto_ds_0_axi_data_fifo_v2_1_36_fifo_gen__parameterized1/<hidden>/<hidden>/<hidden>/<hidden>/<hidden>
                            (rising edge-triggered cell FDRE clocked by clk_fpga_0  {rise@0.000ns fall@5.000ns period=10.000ns})
  Destination:            aes_wrapper/aes/aes_axi_interconnect_1_0/s00_couplers_imp_B4JP64/aes_axi_interconnect_1_imp_auto_ds_0/aes_axi_interconnect_1_imp_auto_ds_0_axi_dwidth_converter_v2_1_37_top/aes_axi_interconnect_1_imp_auto_ds_0_axi_dwidth_converter_v2_1_37_axi_downsizer/aes_axi_interconnect_1_imp_auto_ds_0_axi_dwidth_converter_v2_1_37_a_downsizer/aes_axi_interconnect_1_imp_auto_ds_0_axi_data_fifo_v2_1_36_axic_fifo__parameterized1/aes_axi_interconnect_1_imp_auto_ds_0_axi_data_fifo_v2_1_36_fifo_gen__parameterized1/<hidden>/<hidden>/<hidden>/<hidden>/<hidden>/<hidden>
                            (removal check against rising-edge clock clk_fpga_0  {rise@0.000ns fall@5.000ns period=10.000ns})
  Path Group:             **async_default**
  Path Type:              Removal (Min at Fast Process Corner)
  Requirement:            0.000ns  (clk_fpga_0 rise@0.000ns - clk_fpga_0 rise@0.000ns)
  Data Path Delay:        0.518ns  (logic 0.186ns (35.887%)  route 0.332ns (64.113%))
  Logic Levels:           1  (LUT3=1)
  Clock Path Skew:        0.033ns (DCD - SCD - CPR)
    Destination Clock Delay (DCD):    1.178ns
    Source Clock Delay      (SCD):    0.881ns
    Clock Pessimism Removal (CPR):    0.264ns

    Location             Delay type                Incr(ns)  Path(ns)    Netlist Resource(s)
  -------------------------------------------------------------------    -------------------
                         (clock clk_fpga_0 rise edge)
                                                      0.000     0.000 r  
    PS7_X0Y0             PS7                          0.000     0.000 r  aes_i/processing_system7_0/inst/PS7_i/FCLKCLK[0]
                         net (fo=1, routed)           0.310     0.310    aes_i/processing_system7_0/inst/FCLK_CLK_unbuffered[0]
    BUFGCTRL_X0Y16       BUFG (Prop_bufg_I_O)         0.026     0.336 r  aes_i/processing_system7_0/inst/buffer_fclk_clk_0.FCLK_CLK_0_BUFG/O
                         net (fo=17798, routed)       0.545     0.881    aes_wrapper/aes/aes_axi_interconnect_1_0/s00_couplers_imp_B4JP64/aes_axi_interconnect_1_imp_auto_ds_0/aes_axi_interconnect_1_imp_auto_ds_0_axi_dwidth_converter_v2_1_37_top/aes_axi_interconnect_1_imp_auto_ds_0_axi_dwidth_converter_v2_1_37_axi_downsizer/aes_axi_interconnect_1_imp_auto_ds_0_axi_dwidth_converter_v2_1_37_a_downsizer/aes_axi_interconnect_1_imp_auto_ds_0_axi_data_fifo_v2_1_36_axic_fifo__parameterized1/aes_axi_interconnect_1_imp_auto_ds_0_axi_data_fifo_v2_1_36_fifo_gen__parameterized1/<hidden>/<hidden>/<hidden>/<hidden>/<hidden>
    SLICE_X49Y78         FDRE                                         r  aes_wrapper/aes/aes_axi_interconnect_1_0/s00_couplers_imp_B4JP64/aes_axi_interconnect_1_imp_auto_ds_0/aes_axi_interconnect_1_imp_auto_ds_0_axi_dwidth_converter_v2_1_37_top/aes_axi_interconnect_1_imp_auto_ds_0_axi_dwidth_converter_v2_1_37_axi_downsizer/aes_axi_interconnect_1_imp_auto_ds_0_axi_dwidth_converter_v2_1_37_a_downsizer/aes_axi_interconnect_1_imp_auto_ds_0_axi_data_fifo_v2_1_36_axic_fifo__parameterized1/aes_axi_interconnect_1_imp_auto_ds_0_axi_data_fifo_v2_1_36_fifo_gen__parameterized1/<hidden>/<hidden>/<hidden>/<hidden>/<hidden>
  -------------------------------------------------------------------    -------------------
    SLICE_X49Y78         FDRE (Prop_fdre_C_Q)         0.141     1.022 f  aes_wrapper/aes/aes_axi_interconnect_1_0/s00_couplers_imp_B4JP64/aes_axi_interconnect_1_imp_auto_ds_0/aes_axi_interconnect_1_imp_auto_ds_0_axi_dwidth_converter_v2_1_37_top/aes_axi_interconnect_1_imp_auto_ds_0_axi_dwidth_converter_v2_1_37_axi_downsizer/aes_axi_interconnect_1_imp_auto_ds_0_axi_dwidth_converter_v2_1_37_a_downsizer/aes_axi_interconnect_1_imp_auto_ds_0_axi_data_fifo_v2_1_36_axic_fifo__parameterized1/aes_axi_interconnect_1_imp_auto_ds_0_axi_data_fifo_v2_1_36_fifo_gen__parameterized1/<hidden>/<hidden>/<hidden>/<hidden>/<hidden>
                         net (fo=2, routed)           0.072     1.093    aes_wrapper/aes/aes_axi_interconnect_1_0/s00_couplers_imp_B4JP64/aes_axi_interconnect_1_imp_auto_ds_0/aes_axi_interconnect_1_imp_auto_ds_0_axi_dwidth_converter_v2_1_37_top/aes_axi_interconnect_1_imp_auto_ds_0_axi_dwidth_converter_v2_1_37_axi_downsizer/aes_axi_interconnect_1_imp_auto_ds_0_axi_dwidth_converter_v2_1_37_a_downsizer/aes_axi_interconnect_1_imp_auto_ds_0_axi_data_fifo_v2_1_36_axic_fifo__parameterized1/aes_axi_interconnect_1_imp_auto_ds_0_axi_data_fifo_v2_1_36_fifo_gen__parameterized1/<hidden>/<hidden>/<hidden>/<hidden>/<hidden>
    SLICE_X48Y78         LUT3 (Prop_lut3_I0_O)        0.045     1.138 f  aes_wrapper/aes/aes_axi_interconnect_1_0/s00_couplers_imp_B4JP64/aes_axi_interconnect_1_imp_auto_ds_0/aes_axi_interconnect_1_imp_auto_ds_0_axi_dwidth_converter_v2_1_37_top/aes_axi_interconnect_1_imp_auto_ds_0_axi_dwidth_converter_v2_1_37_axi_downsizer/aes_axi_interconnect_1_imp_auto_ds_0_axi_dwidth_converter_v2_1_37_a_downsizer/aes_axi_interconnect_1_imp_auto_ds_0_axi_data_fifo_v2_1_36_axic_fifo__parameterized1/aes_axi_interconnect_1_imp_auto_ds_0_axi_data_fifo_v2_1_36_fifo_gen__parameterized1/<hidden>/<hidden>/<hidden>/<hidden>/<hidden>
                         net (fo=32, routed)          0.261     1.399    aes_wrapper/aes/aes_axi_interconnect_1_0/s00_couplers_imp_B4JP64/aes_axi_interconnect_1_imp_auto_ds_0/aes_axi_interconnect_1_imp_auto_ds_0_axi_dwidth_converter_v2_1_37_top/aes_axi_interconnect_1_imp_auto_ds_0_axi_dwidth_converter_v2_1_37_axi_downsizer/aes_axi_interconnect_1_imp_auto_ds_0_axi_dwidth_converter_v2_1_37_a_downsizer/aes_axi_interconnect_1_imp_auto_ds_0_axi_data_fifo_v2_1_36_axic_fifo__parameterized1/aes_axi_interconnect_1_imp_auto_ds_0_axi_data_fifo_v2_1_36_fifo_gen__parameterized1/<hidden>/<hidden>/<hidden>/<hidden>/<hidden>/<hidden>
    SLICE_X46Y78         FDPE                                         f  aes_wrapper/aes/aes_axi_interconnect_1_0/s00_couplers_imp_B4JP64/aes_axi_interconnect_1_imp_auto_ds_0/aes_axi_interconnect_1_imp_auto_ds_0_axi_dwidth_converter_v2_1_37_top/aes_axi_interconnect_1_imp_auto_ds_0_axi_dwidth_converter_v2_1_37_axi_downsizer/aes_axi_interconnect_1_imp_auto_ds_0_axi_dwidth_converter_v2_1_37_a_downsizer/aes_axi_interconnect_1_imp_auto_ds_0_axi_data_fifo_v2_1_36_axic_fifo__parameterized1/aes_axi_interconnect_1_imp_auto_ds_0_axi_data_fifo_v2_1_36_fifo_gen__parameterized1/<hidden>/<hidden>/<hidden>/<hidden>/<hidden>/<hidden>
  -------------------------------------------------------------------    -------------------

                         (clock clk_fpga_0 rise edge)
                                                      0.000     0.000 r  
    PS7_X0Y0             PS7                          0.000     0.000 r  aes_i/processing_system7_0/inst/PS7_i/FCLKCLK[0]
                         net (fo=1, routed)           0.337     0.337    aes_i/processing_system7_0/inst/FCLK_CLK_unbuffered[0]
    BUFGCTRL_X0Y16       BUFG (Prop_bufg_I_O)         0.029     0.366 r  aes_i/processing_system7_0/inst/buffer_fclk_clk_0.FCLK_CLK_0_BUFG/O
                         net (fo=17798, routed)       0.812     1.178    aes_wrapper/aes/aes_axi_interconnect_1_0/s00_couplers_imp_B4JP64/aes_axi_interconnect_1_imp_auto_ds_0/aes_axi_interconnect_1_imp_auto_ds_0_axi_dwidth_converter_v2_1_37_top/aes_axi_interconnect_1_imp_auto_ds_0_axi_dwidth_converter_v2_1_37_axi_downsizer/aes_axi_interconnect_1_imp_auto_ds_0_axi_dwidth_converter_v2_1_37_a_downsizer/aes_axi_interconnect_1_imp_auto_ds_0_axi_data_fifo_v2_1_36_axic_fifo__parameterized1/aes_axi_interconnect_1_imp_auto_ds_0_axi_data_fifo_v2_1_36_fifo_gen__parameterized1/<hidden>/<hidden>/<hidden>/<hidden>/<hidden>/<hidden>
    SLICE_X46Y78         FDPE                                         r  aes_wrapper/aes/aes_axi_interconnect_1_0/s00_couplers_imp_B4JP64/aes_axi_interconnect_1_imp_auto_ds_0/aes_axi_interconnect_1_imp_auto_ds_0_axi_dwidth_converter_v2_1_37_top/aes_axi_interconnect_1_imp_auto_ds_0_axi_dwidth_converter_v2_1_37_axi_downsizer/aes_axi_interconnect_1_imp_auto_ds_0_axi_dwidth_converter_v2_1_37_a_downsizer/aes_axi_interconnect_1_imp_auto_ds_0_axi_data_fifo_v2_1_36_axic_fifo__parameterized1/aes_axi_interconnect_1_imp_auto_ds_0_axi_data_fifo_v2_1_36_fifo_gen__parameterized1/<hidden>/<hidden>/<hidden>/<hidden>/<hidden>/<hidden>
                         clock pessimism             -0.264     0.914    
    SLICE_X46Y78         FDPE (Remov_fdpe_C_PRE)     -0.071     0.843    aes_wrapper/aes/aes_axi_interconnect_1_0/s00_couplers_imp_B4JP64/aes_axi_interconnect_1_imp_auto_ds_0/aes_axi_interconnect_1_imp_auto_ds_0_axi_dwidth_converter_v2_1_37_top/aes_axi_interconnect_1_imp_auto_ds_0_axi_dwidth_converter_v2_1_37_axi_downsizer/aes_axi_interconnect_1_imp_auto_ds_0_axi_dwidth_converter_v2_1_37_a_downsizer/aes_axi_interconnect_1_imp_auto_ds_0_axi_data_fifo_v2_1_36_axic_fifo__parameterized1/aes_axi_interconnect_1_imp_auto_ds_0_axi_data_fifo_v2_1_36_fifo_gen__parameterized1/<hidden>/<hidden>/<hidden>/<hidden>/<hidden>/<hidden>
  -------------------------------------------------------------------
                         required time                         -0.843    
                         arrival time                           1.399    
  -------------------------------------------------------------------
                         slack                                  0.556    

Slack (MET) :             0.556ns  (arrival time - required time)
  Source:                 aes_wrapper/aes/aes_axi_interconnect_1_0/s00_couplers_imp_B4JP64/aes_axi_interconnect_1_imp_auto_ds_0/aes_axi_interconnect_1_imp_auto_ds_0_axi_dwidth_converter_v2_1_37_top/aes_axi_interconnect_1_imp_auto_ds_0_axi_dwidth_converter_v2_1_37_axi_downsizer/aes_axi_interconnect_1_imp_auto_ds_0_axi_dwidth_converter_v2_1_37_a_downsizer/aes_axi_interconnect_1_imp_auto_ds_0_axi_data_fifo_v2_1_36_axic_fifo__parameterized1/aes_axi_interconnect_1_imp_auto_ds_0_axi_data_fifo_v2_1_36_fifo_gen__parameterized1/<hidden>/<hidden>/<hidden>/<hidden>/<hidden>
                            (rising edge-triggered cell FDRE clocked by clk_fpga_0  {rise@0.000ns fall@5.000ns period=10.000ns})
  Destination:            aes_wrapper/aes/aes_axi_interconnect_1_0/s00_couplers_imp_B4JP64/aes_axi_interconnect_1_imp_auto_ds_0/aes_axi_interconnect_1_imp_auto_ds_0_axi_dwidth_converter_v2_1_37_top/aes_axi_interconnect_1_imp_auto_ds_0_axi_dwidth_converter_v2_1_37_axi_downsizer/aes_axi_interconnect_1_imp_auto_ds_0_axi_dwidth_converter_v2_1_37_a_downsizer/aes_axi_interconnect_1_imp_auto_ds_0_axi_data_fifo_v2_1_36_axic_fifo__parameterized1/aes_axi_interconnect_1_imp_auto_ds_0_axi_data_fifo_v2_1_36_fifo_gen__parameterized1/<hidden>/<hidden>/<hidden>/<hidden>/<hidden>/<hidden>
                            (removal check against rising-edge clock clk_fpga_0  {rise@0.000ns fall@5.000ns period=10.000ns})
  Path Group:             **async_default**
  Path Type:              Removal (Min at Fast Process Corner)
  Requirement:            0.000ns  (clk_fpga_0 rise@0.000ns - clk_fpga_0 rise@0.000ns)
  Data Path Delay:        0.518ns  (logic 0.186ns (35.887%)  route 0.332ns (64.113%))
  Logic Levels:           1  (LUT3=1)
  Clock Path Skew:        0.033ns (DCD - SCD - CPR)
    Destination Clock Delay (DCD):    1.178ns
    Source Clock Delay      (SCD):    0.881ns
    Clock Pessimism Removal (CPR):    0.264ns

    Location             Delay type                Incr(ns)  Path(ns)    Netlist Resource(s)
  -------------------------------------------------------------------    -------------------
                         (clock clk_fpga_0 rise edge)
                                                      0.000     0.000 r  
    PS7_X0Y0             PS7                          0.000     0.000 r  aes_i/processing_system7_0/inst/PS7_i/FCLKCLK[0]
                         net (fo=1, routed)           0.310     0.310    aes_i/processing_system7_0/inst/FCLK_CLK_unbuffered[0]
    BUFGCTRL_X0Y16       BUFG (Prop_bufg_I_O)         0.026     0.336 r  aes_i/processing_system7_0/inst/buffer_fclk_clk_0.FCLK_CLK_0_BUFG/O
                         net (fo=17798, routed)       0.545     0.881    aes_wrapper/aes/aes_axi_interconnect_1_0/s00_couplers_imp_B4JP64/aes_axi_interconnect_1_imp_auto_ds_0/aes_axi_interconnect_1_imp_auto_ds_0_axi_dwidth_converter_v2_1_37_top/aes_axi_interconnect_1_imp_auto_ds_0_axi_dwidth_converter_v2_1_37_axi_downsizer/aes_axi_interconnect_1_imp_auto_ds_0_axi_dwidth_converter_v2_1_37_a_downsizer/aes_axi_interconnect_1_imp_auto_ds_0_axi_data_fifo_v2_1_36_axic_fifo__parameterized1/aes_axi_interconnect_1_imp_auto_ds_0_axi_data_fifo_v2_1_36_fifo_gen__parameterized1/<hidden>/<hidden>/<hidden>/<hidden>/<hidden>
    SLICE_X49Y78         FDRE                                         r  aes_wrapper/aes/aes_axi_interconnect_1_0/s00_couplers_imp_B4JP64/aes_axi_interconnect_1_imp_auto_ds_0/aes_axi_interconnect_1_imp_auto_ds_0_axi_dwidth_converter_v2_1_37_top/aes_axi_interconnect_1_imp_auto_ds_0_axi_dwidth_converter_v2_1_37_axi_downsizer/aes_axi_interconnect_1_imp_auto_ds_0_axi_dwidth_converter_v2_1_37_a_downsizer/aes_axi_interconnect_1_imp_auto_ds_0_axi_data_fifo_v2_1_36_axic_fifo__parameterized1/aes_axi_interconnect_1_imp_auto_ds_0_axi_data_fifo_v2_1_36_fifo_gen__parameterized1/<hidden>/<hidden>/<hidden>/<hidden>/<hidden>
  -------------------------------------------------------------------    -------------------
    SLICE_X49Y78         FDRE (Prop_fdre_C_Q)         0.141     1.022 f  aes_wrapper/aes/aes_axi_interconnect_1_0/s00_couplers_imp_B4JP64/aes_axi_interconnect_1_imp_auto_ds_0/aes_axi_interconnect_1_imp_auto_ds_0_axi_dwidth_converter_v2_1_37_top/aes_axi_interconnect_1_imp_auto_ds_0_axi_dwidth_converter_v2_1_37_axi_downsizer/aes_axi_interconnect_1_imp_auto_ds_0_axi_dwidth_converter_v2_1_37_a_downsizer/aes_axi_interconnect_1_imp_auto_ds_0_axi_data_fifo_v2_1_36_axic_fifo__parameterized1/aes_axi_interconnect_1_imp_auto_ds_0_axi_data_fifo_v2_1_36_fifo_gen__parameterized1/<hidden>/<hidden>/<hidden>/<hidden>/<hidden>
                         net (fo=2, routed)           0.072     1.093    aes_wrapper/aes/aes_axi_interconnect_1_0/s00_couplers_imp_B4JP64/aes_axi_interconnect_1_imp_auto_ds_0/aes_axi_interconnect_1_imp_auto_ds_0_axi_dwidth_converter_v2_1_37_top/aes_axi_interconnect_1_imp_auto_ds_0_axi_dwidth_converter_v2_1_37_axi_downsizer/aes_axi_interconnect_1_imp_auto_ds_0_axi_dwidth_converter_v2_1_37_a_downsizer/aes_axi_interconnect_1_imp_auto_ds_0_axi_data_fifo_v2_1_36_axic_fifo__parameterized1/aes_axi_interconnect_1_imp_auto_ds_0_axi_data_fifo_v2_1_36_fifo_gen__parameterized1/<hidden>/<hidden>/<hidden>/<hidden>/<hidden>
    SLICE_X48Y78         LUT3 (Prop_lut3_I0_O)        0.045     1.138 f  aes_wrapper/aes/aes_axi_interconnect_1_0/s00_couplers_imp_B4JP64/aes_axi_interconnect_1_imp_auto_ds_0/aes_axi_interconnect_1_imp_auto_ds_0_axi_dwidth_converter_v2_1_37_top/aes_axi_interconnect_1_imp_auto_ds_0_axi_dwidth_converter_v2_1_37_axi_downsizer/aes_axi_interconnect_1_imp_auto_ds_0_axi_dwidth_converter_v2_1_37_a_downsizer/aes_axi_interconnect_1_imp_auto_ds_0_axi_data_fifo_v2_1_36_axic_fifo__parameterized1/aes_axi_interconnect_1_imp_auto_ds_0_axi_data_fifo_v2_1_36_fifo_gen__parameterized1/<hidden>/<hidden>/<hidden>/<hidden>/<hidden>
                         net (fo=32, routed)          0.261     1.399    aes_wrapper/aes/aes_axi_interconnect_1_0/s00_couplers_imp_B4JP64/aes_axi_interconnect_1_imp_auto_ds_0/aes_axi_interconnect_1_imp_auto_ds_0_axi_dwidth_converter_v2_1_37_top/aes_axi_interconnect_1_imp_auto_ds_0_axi_dwidth_converter_v2_1_37_axi_downsizer/aes_axi_interconnect_1_imp_auto_ds_0_axi_dwidth_converter_v2_1_37_a_downsizer/aes_axi_interconnect_1_imp_auto_ds_0_axi_data_fifo_v2_1_36_axic_fifo__parameterized1/aes_axi_interconnect_1_imp_auto_ds_0_axi_data_fifo_v2_1_36_fifo_gen__parameterized1/<hidden>/<hidden>/<hidden>/<hidden>/<hidden>/<hidden>
    SLICE_X46Y78         FDPE                                         f  aes_wrapper/aes/aes_axi_interconnect_1_0/s00_couplers_imp_B4JP64/aes_axi_interconnect_1_imp_auto_ds_0/aes_axi_interconnect_1_imp_auto_ds_0_axi_dwidth_converter_v2_1_37_top/aes_axi_interconnect_1_imp_auto_ds_0_axi_dwidth_converter_v2_1_37_axi_downsizer/aes_axi_interconnect_1_imp_auto_ds_0_axi_dwidth_converter_v2_1_37_a_downsizer/aes_axi_interconnect_1_imp_auto_ds_0_axi_data_fifo_v2_1_36_axic_fifo__parameterized1/aes_axi_interconnect_1_imp_auto_ds_0_axi_data_fifo_v2_1_36_fifo_gen__parameterized1/<hidden>/<hidden>/<hidden>/<hidden>/<hidden>/<hidden>
  -------------------------------------------------------------------    -------------------

                         (clock clk_fpga_0 rise edge)
                                                      0.000     0.000 r  
    PS7_X0Y0             PS7                          0.000     0.000 r  aes_i/processing_system7_0/inst/PS7_i/FCLKCLK[0]
                         net (fo=1, routed)           0.337     0.337    aes_i/processing_system7_0/inst/FCLK_CLK_unbuffered[0]
    BUFGCTRL_X0Y16       BUFG (Prop_bufg_I_O)         0.029     0.366 r  aes_i/processing_system7_0/inst/buffer_fclk_clk_0.FCLK_CLK_0_BUFG/O
                         net (fo=17798, routed)       0.812     1.178    aes_wrapper/aes/aes_axi_interconnect_1_0/s00_couplers_imp_B4JP64/aes_axi_interconnect_1_imp_auto_ds_0/aes_axi_interconnect_1_imp_auto_ds_0_axi_dwidth_converter_v2_1_37_top/aes_axi_interconnect_1_imp_auto_ds_0_axi_dwidth_converter_v2_1_37_axi_downsizer/aes_axi_interconnect_1_imp_auto_ds_0_axi_dwidth_converter_v2_1_37_a_downsizer/aes_axi_interconnect_1_imp_auto_ds_0_axi_data_fifo_v2_1_36_axic_fifo__parameterized1/aes_axi_interconnect_1_imp_auto_ds_0_axi_data_fifo_v2_1_36_fifo_gen__parameterized1/<hidden>/<hidden>/<hidden>/<hidden>/<hidden>/<hidden>
    SLICE_X46Y78         FDPE                                         r  aes_wrapper/aes/aes_axi_interconnect_1_0/s00_couplers_imp_B4JP64/aes_axi_interconnect_1_imp_auto_ds_0/aes_axi_interconnect_1_imp_auto_ds_0_axi_dwidth_converter_v2_1_37_top/aes_axi_interconnect_1_imp_auto_ds_0_axi_dwidth_converter_v2_1_37_axi_downsizer/aes_axi_interconnect_1_imp_auto_ds_0_axi_dwidth_converter_v2_1_37_a_downsizer/aes_axi_interconnect_1_imp_auto_ds_0_axi_data_fifo_v2_1_36_axic_fifo__parameterized1/aes_axi_interconnect_1_imp_auto_ds_0_axi_data_fifo_v2_1_36_fifo_gen__parameterized1/<hidden>/<hidden>/<hidden>/<hidden>/<hidden>/<hidden>
                         clock pessimism             -0.264     0.914    
    SLICE_X46Y78         FDPE (Remov_fdpe_C_PRE)     -0.071     0.843    aes_wrapper/aes/aes_axi_interconnect_1_0/s00_couplers_imp_B4JP64/aes_axi_interconnect_1_imp_auto_ds_0/aes_axi_interconnect_1_imp_auto_ds_0_axi_dwidth_converter_v2_1_37_top/aes_axi_interconnect_1_imp_auto_ds_0_axi_dwidth_converter_v2_1_37_axi_downsizer/aes_axi_interconnect_1_imp_auto_ds_0_axi_dwidth_converter_v2_1_37_a_downsizer/aes_axi_interconnect_1_imp_auto_ds_0_axi_data_fifo_v2_1_36_axic_fifo__parameterized1/aes_axi_interconnect_1_imp_auto_ds_0_axi_data_fifo_v2_1_36_fifo_gen__parameterized1/<hidden>/<hidden>/<hidden>/<hidden>/<hidden>/<hidden>
  -------------------------------------------------------------------
                         required time                         -0.843    
                         arrival time                           1.399    
  -------------------------------------------------------------------
                         slack                                  0.556    





--------------------------------------------------------------------------------------
Path Group:  (none)
From Clock:  
  To Clock:  clk_fpga_0

Max Delay             1 Endpoint
Min Delay             1 Endpoint
--------------------------------------------------------------------------------------


Max Delay Paths
--------------------------------------------------------------------------------------
Slack:                    inf
  Source:                 aes_i/processing_system7_0/inst/PS7_i/FCLKRESETN[0]
                            (internal pin)
  Destination:            aes_i/rst_ps7_0_50M/U0/EXT_LPF/ACTIVE_LOW_EXT.ACT_LO_EXT/syncstages_ff_reg[0]/D
                            (rising edge-triggered cell FDRE clocked by clk_fpga_0  {rise@0.000ns fall@5.000ns period=10.000ns})
  Path Group:             (none)
  Path Type:              Setup (Max at Slow Process Corner)
  Data Path Delay:        1.954ns  (logic 0.124ns (6.345%)  route 1.830ns (93.655%))
  Logic Levels:           1  (LUT1=1)
  Clock Uncertainty:      0.152ns  ((TSJ^2 + TIJ^2)^1/2 + DJ) / 2 + PE
    Total System Jitter     (TSJ):    0.050ns
    Total Input Jitter      (TIJ):    0.300ns
    Discrete Jitter          (DJ):    0.000ns
    Phase Error              (PE):    0.000ns
  Timing Exception:       False Path

    Location             Delay type                Incr(ns)  Path(ns)    Netlist Resource(s)
  -------------------------------------------------------------------    -------------------
    PS7_X0Y0             PS7                          0.000     0.000 f  aes_i/processing_system7_0/inst/PS7_i/FCLKRESETN[0]
                         net (fo=1, routed)           1.830     1.830    aes_i/rst_ps7_0_50M/U0/EXT_LPF/ext_reset_in
    SLICE_X48Y86         LUT1 (Prop_lut1_I0_O)        0.124     1.954 r  aes_i/rst_ps7_0_50M/U0/EXT_LPF/ACTIVE_LOW_EXT.ACT_LO_EXT_i_1/O
                         net (fo=1, routed)           0.000     1.954    aes_i/rst_ps7_0_50M/U0/EXT_LPF/ACTIVE_LOW_EXT.ACT_LO_EXT/src_in
    SLICE_X48Y86         FDRE                                         r  aes_i/rst_ps7_0_50M/U0/EXT_LPF/ACTIVE_LOW_EXT.ACT_LO_EXT/syncstages_ff_reg[0]/D
  -------------------------------------------------------------------    -------------------

                         (clock clk_fpga_0 rise edge)
                                                      0.000     0.000 r  
    PS7_X0Y0             PS7                          0.000     0.000 r  aes_i/processing_system7_0/inst/PS7_i/FCLKCLK[0]
                         net (fo=1, routed)           1.088     1.088    aes_i/processing_system7_0/inst/FCLK_CLK_unbuffered[0]
    BUFGCTRL_X0Y16       BUFG (Prop_bufg_I_O)         0.091     1.179 r  aes_i/processing_system7_0/inst/buffer_fclk_clk_0.FCLK_CLK_0_BUFG/O
                         net (fo=17798, routed)       1.472     2.651    aes_i/rst_ps7_0_50M/U0/EXT_LPF/ACTIVE_LOW_EXT.ACT_LO_EXT/dest_clk
    SLICE_X48Y86         FDRE                                         r  aes_i/rst_ps7_0_50M/U0/EXT_LPF/ACTIVE_LOW_EXT.ACT_LO_EXT/syncstages_ff_reg[0]/C





Min Delay Paths
--------------------------------------------------------------------------------------
Slack:                    inf
  Source:                 aes_i/processing_system7_0/inst/PS7_i/FCLKRESETN[0]
                            (internal pin)
  Destination:            aes_i/rst_ps7_0_50M/U0/EXT_LPF/ACTIVE_LOW_EXT.ACT_LO_EXT/syncstages_ff_reg[0]/D
                            (rising edge-triggered cell FDRE clocked by clk_fpga_0  {rise@0.000ns fall@5.000ns period=10.000ns})
  Path Group:             (none)
  Path Type:              Hold (Min at Fast Process Corner)
  Data Path Delay:        0.778ns  (logic 0.045ns (5.781%)  route 0.733ns (94.219%))
  Logic Levels:           1  (LUT1=1)
  Clock Uncertainty:      0.152ns  ((TSJ^2 + TIJ^2)^1/2 + DJ) / 2 + PE
    Total System Jitter     (TSJ):    0.050ns
    Total Input Jitter      (TIJ):    0.300ns
    Discrete Jitter          (DJ):    0.000ns
    Phase Error              (PE):    0.000ns
  Timing Exception:       False Path

    Location             Delay type                Incr(ns)  Path(ns)    Netlist Resource(s)
  -------------------------------------------------------------------    -------------------
    PS7_X0Y0             PS7                          0.000     0.000 f  aes_i/processing_system7_0/inst/PS7_i/FCLKRESETN[0]
                         net (fo=1, routed)           0.733     0.733    aes_i/rst_ps7_0_50M/U0/EXT_LPF/ext_reset_in
    SLICE_X48Y86         LUT1 (Prop_lut1_I0_O)        0.045     0.778 r  aes_i/rst_ps7_0_50M/U0/EXT_LPF/ACTIVE_LOW_EXT.ACT_LO_EXT_i_1/O
                         net (fo=1, routed)           0.000     0.778    aes_i/rst_ps7_0_50M/U0/EXT_LPF/ACTIVE_LOW_EXT.ACT_LO_EXT/src_in
    SLICE_X48Y86         FDRE                                         r  aes_i/rst_ps7_0_50M/U0/EXT_LPF/ACTIVE_LOW_EXT.ACT_LO_EXT/syncstages_ff_reg[0]/D
  -------------------------------------------------------------------    -------------------

                         (clock clk_fpga_0 rise edge)
                                                      0.000     0.000 r  
    PS7_X0Y0             PS7                          0.000     0.000 r  aes_i/processing_system7_0/inst/PS7_i/FCLKCLK[0]
                         net (fo=1, routed)           0.337     0.337    aes_i/processing_system7_0/inst/FCLK_CLK_unbuffered[0]
    BUFGCTRL_X0Y16       BUFG (Prop_bufg_I_O)         0.029     0.366 r  aes_i/processing_system7_0/inst/buffer_fclk_clk_0.FCLK_CLK_0_BUFG/O
                         net (fo=17798, routed)       0.819     1.185    aes_i/rst_ps7_0_50M/U0/EXT_LPF/ACTIVE_LOW_EXT.ACT_LO_EXT/dest_clk
    SLICE_X48Y86         FDRE                                         r  aes_i/rst_ps7_0_50M/U0/EXT_LPF/ACTIVE_LOW_EXT.ACT_LO_EXT/syncstages_ff_reg[0]/C





--------------------------------------------------------------------------------------
Path Group:  (none)
From Clock:  clk_fpga_0
  To Clock:  clk_fpga_0

Max Delay            92 Endpoints
Min Delay            92 Endpoints
--------------------------------------------------------------------------------------


Max Delay Paths
--------------------------------------------------------------------------------------
Slack:                    inf
  Source:                 aes_i/rst_ps7_0_50M/U0/ACTIVE_LOW_PR_OUT_DFF[0].FDRE_PER_N/C
                            (rising edge-triggered cell FDRE clocked by clk_fpga_0  {rise@0.000ns fall@5.000ns period=10.000ns})
  Destination:            aes_wrapper/aes/aes_axi_interconnect_0_0/s00_couplers_imp_1CRHQWF/aes_axi_interconnect_0_imp_auto_ds_0/aes_axi_interconnect_0_imp_auto_ds_0_axi_dwidth_converter_v2_1_37_top/aes_axi_interconnect_0_imp_auto_ds_0_axi_dwidth_converter_v2_1_37_axi_downsizer/aes_axi_interconnect_0_imp_auto_ds_0_axi_dwidth_converter_v2_1_37_a_downsizer/aes_axi_interconnect_0_imp_auto_ds_0_axi_data_fifo_v2_1_36_axic_fifo__parameterized0/aes_axi_interconnect_0_imp_auto_ds_0_axi_data_fifo_v2_1_36_fifo_gen__parameterized0/<hidden>/<hidden>/<hidden>/<hidden>/<hidden>/<hidden>
                            (recovery check against rising-edge clock clk_fpga_0  {rise@0.000ns fall@5.000ns period=10.000ns})
  Path Group:             (none)
  Path Type:              Recovery (Max at Slow Process Corner)
  Data Path Delay:        7.147ns  (logic 0.668ns (9.346%)  route 6.479ns (90.654%))
  Logic Levels:           1  (LUT1=1)
  Clock Path Skew:        -0.088ns (DCD - SCD + CPR)
    Destination Clock Delay (DCD):    2.837ns
    Source Clock Delay      (SCD):    2.925ns
    Clock Pessimism Removal (CPR):    0.000ns
  Clock Uncertainty:      0.154ns  ((TSJ^2 + TIJ^2)^1/2 + DJ) / 2 + PE
    Total System Jitter     (TSJ):    0.071ns
    Total Input Jitter      (TIJ):    0.300ns
    Discrete Jitter          (DJ):    0.000ns
    Phase Error              (PE):    0.000ns
  Timing Exception:       False Path

    Location             Delay type                Incr(ns)  Path(ns)    Netlist Resource(s)
  -------------------------------------------------------------------    -------------------
                         (clock clk_fpga_0 rise edge)
                                                      0.000     0.000 r  
    PS7_X0Y0             PS7                          0.000     0.000 r  aes_i/processing_system7_0/inst/PS7_i/FCLKCLK[0]
                         net (fo=1, routed)           1.193     1.193    aes_i/processing_system7_0/inst/FCLK_CLK_unbuffered[0]
    BUFGCTRL_X0Y16       BUFG (Prop_bufg_I_O)         0.101     1.294 r  aes_i/processing_system7_0/inst/buffer_fclk_clk_0.FCLK_CLK_0_BUFG/O
                         net (fo=17798, routed)       1.631     2.925    aes_i/rst_ps7_0_50M/U0/slowest_sync_clk
    SLICE_X50Y83         FDRE                                         r  aes_i/rst_ps7_0_50M/U0/ACTIVE_LOW_PR_OUT_DFF[0].FDRE_PER_N/C
  -------------------------------------------------------------------    -------------------
    SLICE_X50Y83         FDRE (Prop_fdre_C_Q)         0.518     3.443 r  aes_i/rst_ps7_0_50M/U0/ACTIVE_LOW_PR_OUT_DFF[0].FDRE_PER_N/Q
                         net (fo=26, routed)          3.947     7.390    aes_i/axi_interconnect_0/s00_couplers/auto_ds/inst/gen_downsizer.gen_cascaded_downsizer.first_downsizer_inst/USE_READ.read_addr_inst/cmd_queue/inst/out
    SLICE_X23Y44         LUT1 (Prop_lut1_I0_O)        0.150     7.540 f  aes_i/axi_interconnect_0/s00_couplers/auto_ds/inst/gen_downsizer.gen_cascaded_downsizer.first_downsizer_inst/USE_READ.read_addr_inst/cmd_queue/inst/S_AXI_AREADY_I_i_1/O
                         net (fo=178, routed)         2.532    10.072    aes_wrapper/aes/aes_axi_interconnect_0_0/s00_couplers_imp_1CRHQWF/aes_axi_interconnect_0_imp_auto_ds_0/aes_axi_interconnect_0_imp_auto_ds_0_axi_dwidth_converter_v2_1_37_top/aes_axi_interconnect_0_imp_auto_ds_0_axi_dwidth_converter_v2_1_37_axi_downsizer/aes_axi_interconnect_0_imp_auto_ds_0_axi_dwidth_converter_v2_1_37_a_downsizer/aes_axi_interconnect_0_imp_auto_ds_0_axi_data_fifo_v2_1_36_axic_fifo__parameterized0/aes_axi_interconnect_0_imp_auto_ds_0_axi_data_fifo_v2_1_36_fifo_gen__parameterized0/<hidden>/<hidden>/<hidden>/<hidden>/<hidden>/<hidden>
    SLICE_X5Y45          FDPE                                         f  aes_wrapper/aes/aes_axi_interconnect_0_0/s00_couplers_imp_1CRHQWF/aes_axi_interconnect_0_imp_auto_ds_0/aes_axi_interconnect_0_imp_auto_ds_0_axi_dwidth_converter_v2_1_37_top/aes_axi_interconnect_0_imp_auto_ds_0_axi_dwidth_converter_v2_1_37_axi_downsizer/aes_axi_interconnect_0_imp_auto_ds_0_axi_dwidth_converter_v2_1_37_a_downsizer/aes_axi_interconnect_0_imp_auto_ds_0_axi_data_fifo_v2_1_36_axic_fifo__parameterized0/aes_axi_interconnect_0_imp_auto_ds_0_axi_data_fifo_v2_1_36_fifo_gen__parameterized0/<hidden>/<hidden>/<hidden>/<hidden>/<hidden>/<hidden>
  -------------------------------------------------------------------    -------------------

                         (clock clk_fpga_0 rise edge)
                                                      0.000     0.000 r  
    PS7_X0Y0             PS7                          0.000     0.000 r  aes_i/processing_system7_0/inst/PS7_i/FCLKCLK[0]
                         net (fo=1, routed)           1.088     1.088    aes_i/processing_system7_0/inst/FCLK_CLK_unbuffered[0]
    BUFGCTRL_X0Y16       BUFG (Prop_bufg_I_O)         0.091     1.179 r  aes_i/processing_system7_0/inst/buffer_fclk_clk_0.FCLK_CLK_0_BUFG/O
                         net (fo=17798, routed)       1.658     2.837    aes_wrapper/aes/aes_axi_interconnect_0_0/s00_couplers_imp_1CRHQWF/aes_axi_interconnect_0_imp_auto_ds_0/aes_axi_interconnect_0_imp_auto_ds_0_axi_dwidth_converter_v2_1_37_top/aes_axi_interconnect_0_imp_auto_ds_0_axi_dwidth_converter_v2_1_37_axi_downsizer/aes_axi_interconnect_0_imp_auto_ds_0_axi_dwidth_converter_v2_1_37_a_downsizer/aes_axi_interconnect_0_imp_auto_ds_0_axi_data_fifo_v2_1_36_axic_fifo__parameterized0/aes_axi_interconnect_0_imp_auto_ds_0_axi_data_fifo_v2_1_36_fifo_gen__parameterized0/<hidden>/<hidden>/<hidden>/<hidden>/<hidden>/<hidden>
    SLICE_X5Y45          FDPE                                         r  aes_wrapper/aes/aes_axi_interconnect_0_0/s00_couplers_imp_1CRHQWF/aes_axi_interconnect_0_imp_auto_ds_0/aes_axi_interconnect_0_imp_auto_ds_0_axi_dwidth_converter_v2_1_37_top/aes_axi_interconnect_0_imp_auto_ds_0_axi_dwidth_converter_v2_1_37_axi_downsizer/aes_axi_interconnect_0_imp_auto_ds_0_axi_dwidth_converter_v2_1_37_a_downsizer/aes_axi_interconnect_0_imp_auto_ds_0_axi_data_fifo_v2_1_36_axic_fifo__parameterized0/aes_axi_interconnect_0_imp_auto_ds_0_axi_data_fifo_v2_1_36_fifo_gen__parameterized0/<hidden>/<hidden>/<hidden>/<hidden>/<hidden>/<hidden>

Slack:                    inf
  Source:                 aes_i/rst_ps7_0_50M/U0/ACTIVE_LOW_PR_OUT_DFF[0].FDRE_PER_N/C
                            (rising edge-triggered cell FDRE clocked by clk_fpga_0  {rise@0.000ns fall@5.000ns period=10.000ns})
  Destination:            aes_wrapper/aes/aes_axi_interconnect_0_0/s00_couplers_imp_1CRHQWF/aes_axi_interconnect_0_imp_auto_ds_0/aes_axi_interconnect_0_imp_auto_ds_0_axi_dwidth_converter_v2_1_37_top/aes_axi_interconnect_0_imp_auto_ds_0_axi_dwidth_converter_v2_1_37_axi_downsizer/aes_axi_interconnect_0_imp_auto_ds_0_axi_dwidth_converter_v2_1_37_a_downsizer/aes_axi_interconnect_0_imp_auto_ds_0_axi_data_fifo_v2_1_36_axic_fifo__parameterized0/aes_axi_interconnect_0_imp_auto_ds_0_axi_data_fifo_v2_1_36_fifo_gen__parameterized0/<hidden>/<hidden>/<hidden>/<hidden>/<hidden>/<hidden>
                            (recovery check against rising-edge clock clk_fpga_0  {rise@0.000ns fall@5.000ns period=10.000ns})
  Path Group:             (none)
  Path Type:              Recovery (Max at Slow Process Corner)
  Data Path Delay:        7.147ns  (logic 0.668ns (9.346%)  route 6.479ns (90.654%))
  Logic Levels:           1  (LUT1=1)
  Clock Path Skew:        -0.088ns (DCD - SCD + CPR)
    Destination Clock Delay (DCD):    2.837ns
    Source Clock Delay      (SCD):    2.925ns
    Clock Pessimism Removal (CPR):    0.000ns
  Clock Uncertainty:      0.154ns  ((TSJ^2 + TIJ^2)^1/2 + DJ) / 2 + PE
    Total System Jitter     (TSJ):    0.071ns
    Total Input Jitter      (TIJ):    0.300ns
    Discrete Jitter          (DJ):    0.000ns
    Phase Error              (PE):    0.000ns
  Timing Exception:       False Path

    Location             Delay type                Incr(ns)  Path(ns)    Netlist Resource(s)
  -------------------------------------------------------------------    -------------------
                         (clock clk_fpga_0 rise edge)
                                                      0.000     0.000 r  
    PS7_X0Y0             PS7                          0.000     0.000 r  aes_i/processing_system7_0/inst/PS7_i/FCLKCLK[0]
                         net (fo=1, routed)           1.193     1.193    aes_i/processing_system7_0/inst/FCLK_CLK_unbuffered[0]
    BUFGCTRL_X0Y16       BUFG (Prop_bufg_I_O)         0.101     1.294 r  aes_i/processing_system7_0/inst/buffer_fclk_clk_0.FCLK_CLK_0_BUFG/O
                         net (fo=17798, routed)       1.631     2.925    aes_i/rst_ps7_0_50M/U0/slowest_sync_clk
    SLICE_X50Y83         FDRE                                         r  aes_i/rst_ps7_0_50M/U0/ACTIVE_LOW_PR_OUT_DFF[0].FDRE_PER_N/C
  -------------------------------------------------------------------    -------------------
    SLICE_X50Y83         FDRE (Prop_fdre_C_Q)         0.518     3.443 r  aes_i/rst_ps7_0_50M/U0/ACTIVE_LOW_PR_OUT_DFF[0].FDRE_PER_N/Q
                         net (fo=26, routed)          3.947     7.390    aes_i/axi_interconnect_0/s00_couplers/auto_ds/inst/gen_downsizer.gen_cascaded_downsizer.first_downsizer_inst/USE_READ.read_addr_inst/cmd_queue/inst/out
    SLICE_X23Y44         LUT1 (Prop_lut1_I0_O)        0.150     7.540 f  aes_i/axi_interconnect_0/s00_couplers/auto_ds/inst/gen_downsizer.gen_cascaded_downsizer.first_downsizer_inst/USE_READ.read_addr_inst/cmd_queue/inst/S_AXI_AREADY_I_i_1/O
                         net (fo=178, routed)         2.532    10.072    aes_wrapper/aes/aes_axi_interconnect_0_0/s00_couplers_imp_1CRHQWF/aes_axi_interconnect_0_imp_auto_ds_0/aes_axi_interconnect_0_imp_auto_ds_0_axi_dwidth_converter_v2_1_37_top/aes_axi_interconnect_0_imp_auto_ds_0_axi_dwidth_converter_v2_1_37_axi_downsizer/aes_axi_interconnect_0_imp_auto_ds_0_axi_dwidth_converter_v2_1_37_a_downsizer/aes_axi_interconnect_0_imp_auto_ds_0_axi_data_fifo_v2_1_36_axic_fifo__parameterized0/aes_axi_interconnect_0_imp_auto_ds_0_axi_data_fifo_v2_1_36_fifo_gen__parameterized0/<hidden>/<hidden>/<hidden>/<hidden>/<hidden>/<hidden>
    SLICE_X5Y45          FDPE                                         f  aes_wrapper/aes/aes_axi_interconnect_0_0/s00_couplers_imp_1CRHQWF/aes_axi_interconnect_0_imp_auto_ds_0/aes_axi_interconnect_0_imp_auto_ds_0_axi_dwidth_converter_v2_1_37_top/aes_axi_interconnect_0_imp_auto_ds_0_axi_dwidth_converter_v2_1_37_axi_downsizer/aes_axi_interconnect_0_imp_auto_ds_0_axi_dwidth_converter_v2_1_37_a_downsizer/aes_axi_interconnect_0_imp_auto_ds_0_axi_data_fifo_v2_1_36_axic_fifo__parameterized0/aes_axi_interconnect_0_imp_auto_ds_0_axi_data_fifo_v2_1_36_fifo_gen__parameterized0/<hidden>/<hidden>/<hidden>/<hidden>/<hidden>/<hidden>
  -------------------------------------------------------------------    -------------------

                         (clock clk_fpga_0 rise edge)
                                                      0.000     0.000 r  
    PS7_X0Y0             PS7                          0.000     0.000 r  aes_i/processing_system7_0/inst/PS7_i/FCLKCLK[0]
                         net (fo=1, routed)           1.088     1.088    aes_i/processing_system7_0/inst/FCLK_CLK_unbuffered[0]
    BUFGCTRL_X0Y16       BUFG (Prop_bufg_I_O)         0.091     1.179 r  aes_i/processing_system7_0/inst/buffer_fclk_clk_0.FCLK_CLK_0_BUFG/O
                         net (fo=17798, routed)       1.658     2.837    aes_wrapper/aes/aes_axi_interconnect_0_0/s00_couplers_imp_1CRHQWF/aes_axi_interconnect_0_imp_auto_ds_0/aes_axi_interconnect_0_imp_auto_ds_0_axi_dwidth_converter_v2_1_37_top/aes_axi_interconnect_0_imp_auto_ds_0_axi_dwidth_converter_v2_1_37_axi_downsizer/aes_axi_interconnect_0_imp_auto_ds_0_axi_dwidth_converter_v2_1_37_a_downsizer/aes_axi_interconnect_0_imp_auto_ds_0_axi_data_fifo_v2_1_36_axic_fifo__parameterized0/aes_axi_interconnect_0_imp_auto_ds_0_axi_data_fifo_v2_1_36_fifo_gen__parameterized0/<hidden>/<hidden>/<hidden>/<hidden>/<hidden>/<hidden>
    SLICE_X5Y45          FDPE                                         r  aes_wrapper/aes/aes_axi_interconnect_0_0/s00_couplers_imp_1CRHQWF/aes_axi_interconnect_0_imp_auto_ds_0/aes_axi_interconnect_0_imp_auto_ds_0_axi_dwidth_converter_v2_1_37_top/aes_axi_interconnect_0_imp_auto_ds_0_axi_dwidth_converter_v2_1_37_axi_downsizer/aes_axi_interconnect_0_imp_auto_ds_0_axi_dwidth_converter_v2_1_37_a_downsizer/aes_axi_interconnect_0_imp_auto_ds_0_axi_data_fifo_v2_1_36_axic_fifo__parameterized0/aes_axi_interconnect_0_imp_auto_ds_0_axi_data_fifo_v2_1_36_fifo_gen__parameterized0/<hidden>/<hidden>/<hidden>/<hidden>/<hidden>/<hidden>

Slack:                    inf
  Source:                 aes_i/rst_ps7_0_50M/U0/ACTIVE_LOW_PR_OUT_DFF[0].FDRE_PER_N/C
                            (rising edge-triggered cell FDRE clocked by clk_fpga_0  {rise@0.000ns fall@5.000ns period=10.000ns})
  Destination:            aes_wrapper/aes/aes_axi_interconnect_0_0/s00_couplers_imp_1CRHQWF/aes_axi_interconnect_0_imp_auto_ds_0/aes_axi_interconnect_0_imp_auto_ds_0_axi_dwidth_converter_v2_1_37_top/aes_axi_interconnect_0_imp_auto_ds_0_axi_protocol_converter_v2_1_37_axi_protocol_converter/aes_axi_interconnect_0_imp_auto_ds_0_axi_protocol_converter_v2_1_37_axi3_conv/aes_axi_interconnect_0_imp_auto_ds_0_axi_protocol_converter_v2_1_37_a_axi3_conv/aes_axi_interconnect_0_imp_auto_ds_0_axi_data_fifo_v2_1_36_axic_fifo/aes_axi_interconnect_0_imp_auto_ds_0_axi_data_fifo_v2_1_36_fifo_gen/<hidden>/<hidden>/<hidden>/<hidden>/<hidden>/<hidden>
                            (recovery check against rising-edge clock clk_fpga_0  {rise@0.000ns fall@5.000ns period=10.000ns})
  Path Group:             (none)
  Path Type:              Recovery (Max at Slow Process Corner)
  Data Path Delay:        7.107ns  (logic 0.668ns (9.399%)  route 6.439ns (90.601%))
  Logic Levels:           1  (LUT1=1)
  Clock Path Skew:        -0.088ns (DCD - SCD + CPR)
    Destination Clock Delay (DCD):    2.837ns
    Source Clock Delay      (SCD):    2.925ns
    Clock Pessimism Removal (CPR):    0.000ns
  Clock Uncertainty:      0.154ns  ((TSJ^2 + TIJ^2)^1/2 + DJ) / 2 + PE
    Total System Jitter     (TSJ):    0.071ns
    Total Input Jitter      (TIJ):    0.300ns
    Discrete Jitter          (DJ):    0.000ns
    Phase Error              (PE):    0.000ns
  Timing Exception:       False Path

    Location             Delay type                Incr(ns)  Path(ns)    Netlist Resource(s)
  -------------------------------------------------------------------    -------------------
                         (clock clk_fpga_0 rise edge)
                                                      0.000     0.000 r  
    PS7_X0Y0             PS7                          0.000     0.000 r  aes_i/processing_system7_0/inst/PS7_i/FCLKCLK[0]
                         net (fo=1, routed)           1.193     1.193    aes_i/processing_system7_0/inst/FCLK_CLK_unbuffered[0]
    BUFGCTRL_X0Y16       BUFG (Prop_bufg_I_O)         0.101     1.294 r  aes_i/processing_system7_0/inst/buffer_fclk_clk_0.FCLK_CLK_0_BUFG/O
                         net (fo=17798, routed)       1.631     2.925    aes_i/rst_ps7_0_50M/U0/slowest_sync_clk
    SLICE_X50Y83         FDRE                                         r  aes_i/rst_ps7_0_50M/U0/ACTIVE_LOW_PR_OUT_DFF[0].FDRE_PER_N/C
  -------------------------------------------------------------------    -------------------
    SLICE_X50Y83         FDRE (Prop_fdre_C_Q)         0.518     3.443 r  aes_i/rst_ps7_0_50M/U0/ACTIVE_LOW_PR_OUT_DFF[0].FDRE_PER_N/Q
                         net (fo=26, routed)          3.947     7.390    aes_i/axi_interconnect_0/s00_couplers/auto_ds/inst/gen_downsizer.gen_cascaded_downsizer.first_downsizer_inst/USE_READ.read_addr_inst/cmd_queue/inst/out
    SLICE_X23Y44         LUT1 (Prop_lut1_I0_O)        0.150     7.540 f  aes_i/axi_interconnect_0/s00_couplers/auto_ds/inst/gen_downsizer.gen_cascaded_downsizer.first_downsizer_inst/USE_READ.read_addr_inst/cmd_queue/inst/S_AXI_AREADY_I_i_1/O
                         net (fo=178, routed)         2.492    10.032    aes_wrapper/aes/aes_axi_interconnect_0_0/s00_couplers_imp_1CRHQWF/aes_axi_interconnect_0_imp_auto_ds_0/aes_axi_interconnect_0_imp_auto_ds_0_axi_dwidth_converter_v2_1_37_top/aes_axi_interconnect_0_imp_auto_ds_0_axi_protocol_converter_v2_1_37_axi_protocol_converter/aes_axi_interconnect_0_imp_auto_ds_0_axi_protocol_converter_v2_1_37_axi3_conv/aes_axi_interconnect_0_imp_auto_ds_0_axi_protocol_converter_v2_1_37_a_axi3_conv/aes_axi_interconnect_0_imp_auto_ds_0_axi_data_fifo_v2_1_36_axic_fifo/aes_axi_interconnect_0_imp_auto_ds_0_axi_data_fifo_v2_1_36_fifo_gen/<hidden>/<hidden>/<hidden>/<hidden>/<hidden>/<hidden>
    SLICE_X5Y44          FDPE                                         f  aes_wrapper/aes/aes_axi_interconnect_0_0/s00_couplers_imp_1CRHQWF/aes_axi_interconnect_0_imp_auto_ds_0/aes_axi_interconnect_0_imp_auto_ds_0_axi_dwidth_converter_v2_1_37_top/aes_axi_interconnect_0_imp_auto_ds_0_axi_protocol_converter_v2_1_37_axi_protocol_converter/aes_axi_interconnect_0_imp_auto_ds_0_axi_protocol_converter_v2_1_37_axi3_conv/aes_axi_interconnect_0_imp_auto_ds_0_axi_protocol_converter_v2_1_37_a_axi3_conv/aes_axi_interconnect_0_imp_auto_ds_0_axi_data_fifo_v2_1_36_axic_fifo/aes_axi_interconnect_0_imp_auto_ds_0_axi_data_fifo_v2_1_36_fifo_gen/<hidden>/<hidden>/<hidden>/<hidden>/<hidden>/<hidden>
  -------------------------------------------------------------------    -------------------

                         (clock clk_fpga_0 rise edge)
                                                      0.000     0.000 r  
    PS7_X0Y0             PS7                          0.000     0.000 r  aes_i/processing_system7_0/inst/PS7_i/FCLKCLK[0]
                         net (fo=1, routed)           1.088     1.088    aes_i/processing_system7_0/inst/FCLK_CLK_unbuffered[0]
    BUFGCTRL_X0Y16       BUFG (Prop_bufg_I_O)         0.091     1.179 r  aes_i/processing_system7_0/inst/buffer_fclk_clk_0.FCLK_CLK_0_BUFG/O
                         net (fo=17798, routed)       1.658     2.837    aes_wrapper/aes/aes_axi_interconnect_0_0/s00_couplers_imp_1CRHQWF/aes_axi_interconnect_0_imp_auto_ds_0/aes_axi_interconnect_0_imp_auto_ds_0_axi_dwidth_converter_v2_1_37_top/aes_axi_interconnect_0_imp_auto_ds_0_axi_protocol_converter_v2_1_37_axi_protocol_converter/aes_axi_interconnect_0_imp_auto_ds_0_axi_protocol_converter_v2_1_37_axi3_conv/aes_axi_interconnect_0_imp_auto_ds_0_axi_protocol_converter_v2_1_37_a_axi3_conv/aes_axi_interconnect_0_imp_auto_ds_0_axi_data_fifo_v2_1_36_axic_fifo/aes_axi_interconnect_0_imp_auto_ds_0_axi_data_fifo_v2_1_36_fifo_gen/<hidden>/<hidden>/<hidden>/<hidden>/<hidden>/<hidden>
    SLICE_X5Y44          FDPE                                         r  aes_wrapper/aes/aes_axi_interconnect_0_0/s00_couplers_imp_1CRHQWF/aes_axi_interconnect_0_imp_auto_ds_0/aes_axi_interconnect_0_imp_auto_ds_0_axi_dwidth_converter_v2_1_37_top/aes_axi_interconnect_0_imp_auto_ds_0_axi_protocol_converter_v2_1_37_axi_protocol_converter/aes_axi_interconnect_0_imp_auto_ds_0_axi_protocol_converter_v2_1_37_axi3_conv/aes_axi_interconnect_0_imp_auto_ds_0_axi_protocol_converter_v2_1_37_a_axi3_conv/aes_axi_interconnect_0_imp_auto_ds_0_axi_data_fifo_v2_1_36_axic_fifo/aes_axi_interconnect_0_imp_auto_ds_0_axi_data_fifo_v2_1_36_fifo_gen/<hidden>/<hidden>/<hidden>/<hidden>/<hidden>/<hidden>

Slack:                    inf
  Source:                 aes_i/rst_ps7_0_50M/U0/ACTIVE_LOW_PR_OUT_DFF[0].FDRE_PER_N/C
                            (rising edge-triggered cell FDRE clocked by clk_fpga_0  {rise@0.000ns fall@5.000ns period=10.000ns})
  Destination:            aes_wrapper/aes/aes_axi_interconnect_0_0/s00_couplers_imp_1CRHQWF/aes_axi_interconnect_0_imp_auto_ds_0/aes_axi_interconnect_0_imp_auto_ds_0_axi_dwidth_converter_v2_1_37_top/aes_axi_interconnect_0_imp_auto_ds_0_axi_protocol_converter_v2_1_37_axi_protocol_converter/aes_axi_interconnect_0_imp_auto_ds_0_axi_protocol_converter_v2_1_37_axi3_conv/aes_axi_interconnect_0_imp_auto_ds_0_axi_protocol_converter_v2_1_37_a_axi3_conv/aes_axi_interconnect_0_imp_auto_ds_0_axi_data_fifo_v2_1_36_axic_fifo/aes_axi_interconnect_0_imp_auto_ds_0_axi_data_fifo_v2_1_36_fifo_gen/<hidden>/<hidden>/<hidden>/<hidden>/<hidden>/<hidden>
                            (recovery check against rising-edge clock clk_fpga_0  {rise@0.000ns fall@5.000ns period=10.000ns})
  Path Group:             (none)
  Path Type:              Recovery (Max at Slow Process Corner)
  Data Path Delay:        7.107ns  (logic 0.668ns (9.399%)  route 6.439ns (90.601%))
  Logic Levels:           1  (LUT1=1)
  Clock Path Skew:        -0.088ns (DCD - SCD + CPR)
    Destination Clock Delay (DCD):    2.837ns
    Source Clock Delay      (SCD):    2.925ns
    Clock Pessimism Removal (CPR):    0.000ns
  Clock Uncertainty:      0.154ns  ((TSJ^2 + TIJ^2)^1/2 + DJ) / 2 + PE
    Total System Jitter     (TSJ):    0.071ns
    Total Input Jitter      (TIJ):    0.300ns
    Discrete Jitter          (DJ):    0.000ns
    Phase Error              (PE):    0.000ns
  Timing Exception:       False Path

    Location             Delay type                Incr(ns)  Path(ns)    Netlist Resource(s)
  -------------------------------------------------------------------    -------------------
                         (clock clk_fpga_0 rise edge)
                                                      0.000     0.000 r  
    PS7_X0Y0             PS7                          0.000     0.000 r  aes_i/processing_system7_0/inst/PS7_i/FCLKCLK[0]
                         net (fo=1, routed)           1.193     1.193    aes_i/processing_system7_0/inst/FCLK_CLK_unbuffered[0]
    BUFGCTRL_X0Y16       BUFG (Prop_bufg_I_O)         0.101     1.294 r  aes_i/processing_system7_0/inst/buffer_fclk_clk_0.FCLK_CLK_0_BUFG/O
                         net (fo=17798, routed)       1.631     2.925    aes_i/rst_ps7_0_50M/U0/slowest_sync_clk
    SLICE_X50Y83         FDRE                                         r  aes_i/rst_ps7_0_50M/U0/ACTIVE_LOW_PR_OUT_DFF[0].FDRE_PER_N/C
  -------------------------------------------------------------------    -------------------
    SLICE_X50Y83         FDRE (Prop_fdre_C_Q)         0.518     3.443 r  aes_i/rst_ps7_0_50M/U0/ACTIVE_LOW_PR_OUT_DFF[0].FDRE_PER_N/Q
                         net (fo=26, routed)          3.947     7.390    aes_i/axi_interconnect_0/s00_couplers/auto_ds/inst/gen_downsizer.gen_cascaded_downsizer.first_downsizer_inst/USE_READ.read_addr_inst/cmd_queue/inst/out
    SLICE_X23Y44         LUT1 (Prop_lut1_I0_O)        0.150     7.540 f  aes_i/axi_interconnect_0/s00_couplers/auto_ds/inst/gen_downsizer.gen_cascaded_downsizer.first_downsizer_inst/USE_READ.read_addr_inst/cmd_queue/inst/S_AXI_AREADY_I_i_1/O
                         net (fo=178, routed)         2.492    10.032    aes_wrapper/aes/aes_axi_interconnect_0_0/s00_couplers_imp_1CRHQWF/aes_axi_interconnect_0_imp_auto_ds_0/aes_axi_interconnect_0_imp_auto_ds_0_axi_dwidth_converter_v2_1_37_top/aes_axi_interconnect_0_imp_auto_ds_0_axi_protocol_converter_v2_1_37_axi_protocol_converter/aes_axi_interconnect_0_imp_auto_ds_0_axi_protocol_converter_v2_1_37_axi3_conv/aes_axi_interconnect_0_imp_auto_ds_0_axi_protocol_converter_v2_1_37_a_axi3_conv/aes_axi_interconnect_0_imp_auto_ds_0_axi_data_fifo_v2_1_36_axic_fifo/aes_axi_interconnect_0_imp_auto_ds_0_axi_data_fifo_v2_1_36_fifo_gen/<hidden>/<hidden>/<hidden>/<hidden>/<hidden>/<hidden>
    SLICE_X5Y44          FDPE                                         f  aes_wrapper/aes/aes_axi_interconnect_0_0/s00_couplers_imp_1CRHQWF/aes_axi_interconnect_0_imp_auto_ds_0/aes_axi_interconnect_0_imp_auto_ds_0_axi_dwidth_converter_v2_1_37_top/aes_axi_interconnect_0_imp_auto_ds_0_axi_protocol_converter_v2_1_37_axi_protocol_converter/aes_axi_interconnect_0_imp_auto_ds_0_axi_protocol_converter_v2_1_37_axi3_conv/aes_axi_interconnect_0_imp_auto_ds_0_axi_protocol_converter_v2_1_37_a_axi3_conv/aes_axi_interconnect_0_imp_auto_ds_0_axi_data_fifo_v2_1_36_axic_fifo/aes_axi_interconnect_0_imp_auto_ds_0_axi_data_fifo_v2_1_36_fifo_gen/<hidden>/<hidden>/<hidden>/<hidden>/<hidden>/<hidden>
  -------------------------------------------------------------------    -------------------

                         (clock clk_fpga_0 rise edge)
                                                      0.000     0.000 r  
    PS7_X0Y0             PS7                          0.000     0.000 r  aes_i/processing_system7_0/inst/PS7_i/FCLKCLK[0]
                         net (fo=1, routed)           1.088     1.088    aes_i/processing_system7_0/inst/FCLK_CLK_unbuffered[0]
    BUFGCTRL_X0Y16       BUFG (Prop_bufg_I_O)         0.091     1.179 r  aes_i/processing_system7_0/inst/buffer_fclk_clk_0.FCLK_CLK_0_BUFG/O
                         net (fo=17798, routed)       1.658     2.837    aes_wrapper/aes/aes_axi_interconnect_0_0/s00_couplers_imp_1CRHQWF/aes_axi_interconnect_0_imp_auto_ds_0/aes_axi_interconnect_0_imp_auto_ds_0_axi_dwidth_converter_v2_1_37_top/aes_axi_interconnect_0_imp_auto_ds_0_axi_protocol_converter_v2_1_37_axi_protocol_converter/aes_axi_interconnect_0_imp_auto_ds_0_axi_protocol_converter_v2_1_37_axi3_conv/aes_axi_interconnect_0_imp_auto_ds_0_axi_protocol_converter_v2_1_37_a_axi3_conv/aes_axi_interconnect_0_imp_auto_ds_0_axi_data_fifo_v2_1_36_axic_fifo/aes_axi_interconnect_0_imp_auto_ds_0_axi_data_fifo_v2_1_36_fifo_gen/<hidden>/<hidden>/<hidden>/<hidden>/<hidden>/<hidden>
    SLICE_X5Y44          FDPE                                         r  aes_wrapper/aes/aes_axi_interconnect_0_0/s00_couplers_imp_1CRHQWF/aes_axi_interconnect_0_imp_auto_ds_0/aes_axi_interconnect_0_imp_auto_ds_0_axi_dwidth_converter_v2_1_37_top/aes_axi_interconnect_0_imp_auto_ds_0_axi_protocol_converter_v2_1_37_axi_protocol_converter/aes_axi_interconnect_0_imp_auto_ds_0_axi_protocol_converter_v2_1_37_axi3_conv/aes_axi_interconnect_0_imp_auto_ds_0_axi_protocol_converter_v2_1_37_a_axi3_conv/aes_axi_interconnect_0_imp_auto_ds_0_axi_data_fifo_v2_1_36_axic_fifo/aes_axi_interconnect_0_imp_auto_ds_0_axi_data_fifo_v2_1_36_fifo_gen/<hidden>/<hidden>/<hidden>/<hidden>/<hidden>/<hidden>

Slack:                    inf
  Source:                 aes_i/rst_ps7_0_50M/U0/ACTIVE_LOW_PR_OUT_DFF[0].FDRE_PER_N/C
                            (rising edge-triggered cell FDRE clocked by clk_fpga_0  {rise@0.000ns fall@5.000ns period=10.000ns})
  Destination:            aes_wrapper/aes/aes_axi_interconnect_1_0/s00_couplers_imp_B4JP64/aes_axi_interconnect_1_imp_auto_pc_0/aes_axi_interconnect_1_imp_auto_pc_0_axi_protocol_converter_v2_1_37_axi_protocol_converter/aes_axi_interconnect_1_imp_auto_pc_0_axi_protocol_converter_v2_1_37_axi3_conv/aes_axi_interconnect_1_imp_auto_pc_0_axi_protocol_converter_v2_1_37_a_axi3_conv/aes_axi_interconnect_1_imp_auto_pc_0_axi_data_fifo_v2_1_36_axic_fifo/aes_axi_interconnect_1_imp_auto_pc_0_axi_data_fifo_v2_1_36_fifo_gen/<hidden>/<hidden>/<hidden>/<hidden>/<hidden>/<hidden>
                            (recovery check against rising-edge clock clk_fpga_0  {rise@0.000ns fall@5.000ns period=10.000ns})
  Path Group:             (none)
  Path Type:              Recovery (Max at Slow Process Corner)
  Data Path Delay:        4.654ns  (logic 0.642ns (13.793%)  route 4.012ns (86.207%))
  Logic Levels:           1  (LUT1=1)
  Clock Path Skew:        -0.235ns (DCD - SCD + CPR)
    Destination Clock Delay (DCD):    2.690ns
    Source Clock Delay      (SCD):    2.925ns
    Clock Pessimism Removal (CPR):    0.000ns
  Clock Uncertainty:      0.154ns  ((TSJ^2 + TIJ^2)^1/2 + DJ) / 2 + PE
    Total System Jitter     (TSJ):    0.071ns
    Total Input Jitter      (TIJ):    0.300ns
    Discrete Jitter          (DJ):    0.000ns
    Phase Error              (PE):    0.000ns
  Timing Exception:       False Path

    Location             Delay type                Incr(ns)  Path(ns)    Netlist Resource(s)
  -------------------------------------------------------------------    -------------------
                         (clock clk_fpga_0 rise edge)
                                                      0.000     0.000 r  
    PS7_X0Y0             PS7                          0.000     0.000 r  aes_i/processing_system7_0/inst/PS7_i/FCLKCLK[0]
                         net (fo=1, routed)           1.193     1.193    aes_i/processing_system7_0/inst/FCLK_CLK_unbuffered[0]
    BUFGCTRL_X0Y16       BUFG (Prop_bufg_I_O)         0.101     1.294 r  aes_i/processing_system7_0/inst/buffer_fclk_clk_0.FCLK_CLK_0_BUFG/O
                         net (fo=17798, routed)       1.631     2.925    aes_i/rst_ps7_0_50M/U0/slowest_sync_clk
    SLICE_X50Y83         FDRE                                         r  aes_i/rst_ps7_0_50M/U0/ACTIVE_LOW_PR_OUT_DFF[0].FDRE_PER_N/C
  -------------------------------------------------------------------    -------------------
    SLICE_X50Y83         FDRE (Prop_fdre_C_Q)         0.518     3.443 r  aes_i/rst_ps7_0_50M/U0/ACTIVE_LOW_PR_OUT_DFF[0].FDRE_PER_N/Q
                         net (fo=26, routed)          2.672     6.115    aes_i/axi_interconnect_1/s00_couplers/auto_pc/inst/gen_axi4_axi3.axi3_conv_inst/USE_WRITE.write_addr_inst/USE_BURSTS.cmd_queue/inst/aresetn
    SLICE_X27Y75         LUT1 (Prop_lut1_I0_O)        0.124     6.239 f  aes_i/axi_interconnect_1/s00_couplers/auto_pc/inst/gen_axi4_axi3.axi3_conv_inst/USE_WRITE.write_addr_inst/USE_BURSTS.cmd_queue/inst/S_AXI_AREADY_I_i_1/O
                         net (fo=55, routed)          1.341     7.579    aes_wrapper/aes/aes_axi_interconnect_1_0/s00_couplers_imp_B4JP64/aes_axi_interconnect_1_imp_auto_pc_0/aes_axi_interconnect_1_imp_auto_pc_0_axi_protocol_converter_v2_1_37_axi_protocol_converter/aes_axi_interconnect_1_imp_auto_pc_0_axi_protocol_converter_v2_1_37_axi3_conv/aes_axi_interconnect_1_imp_auto_pc_0_axi_protocol_converter_v2_1_37_a_axi3_conv/aes_axi_interconnect_1_imp_auto_pc_0_axi_data_fifo_v2_1_36_axic_fifo/aes_axi_interconnect_1_imp_auto_pc_0_axi_data_fifo_v2_1_36_fifo_gen/<hidden>/<hidden>/<hidden>/<hidden>/<hidden>/<hidden>
    SLICE_X27Y81         FDPE                                         f  aes_wrapper/aes/aes_axi_interconnect_1_0/s00_couplers_imp_B4JP64/aes_axi_interconnect_1_imp_auto_pc_0/aes_axi_interconnect_1_imp_auto_pc_0_axi_protocol_converter_v2_1_37_axi_protocol_converter/aes_axi_interconnect_1_imp_auto_pc_0_axi_protocol_converter_v2_1_37_axi3_conv/aes_axi_interconnect_1_imp_auto_pc_0_axi_protocol_converter_v2_1_37_a_axi3_conv/aes_axi_interconnect_1_imp_auto_pc_0_axi_data_fifo_v2_1_36_axic_fifo/aes_axi_interconnect_1_imp_auto_pc_0_axi_data_fifo_v2_1_36_fifo_gen/<hidden>/<hidden>/<hidden>/<hidden>/<hidden>/<hidden>
  -------------------------------------------------------------------    -------------------

                         (clock clk_fpga_0 rise edge)
                                                      0.000     0.000 r  
    PS7_X0Y0             PS7                          0.000     0.000 r  aes_i/processing_system7_0/inst/PS7_i/FCLKCLK[0]
                         net (fo=1, routed)           1.088     1.088    aes_i/processing_system7_0/inst/FCLK_CLK_unbuffered[0]
    BUFGCTRL_X0Y16       BUFG (Prop_bufg_I_O)         0.091     1.179 r  aes_i/processing_system7_0/inst/buffer_fclk_clk_0.FCLK_CLK_0_BUFG/O
                         net (fo=17798, routed)       1.511     2.690    aes_wrapper/aes/aes_axi_interconnect_1_0/s00_couplers_imp_B4JP64/aes_axi_interconnect_1_imp_auto_pc_0/aes_axi_interconnect_1_imp_auto_pc_0_axi_protocol_converter_v2_1_37_axi_protocol_converter/aes_axi_interconnect_1_imp_auto_pc_0_axi_protocol_converter_v2_1_37_axi3_conv/aes_axi_interconnect_1_imp_auto_pc_0_axi_protocol_converter_v2_1_37_a_axi3_conv/aes_axi_interconnect_1_imp_auto_pc_0_axi_data_fifo_v2_1_36_axic_fifo/aes_axi_interconnect_1_imp_auto_pc_0_axi_data_fifo_v2_1_36_fifo_gen/<hidden>/<hidden>/<hidden>/<hidden>/<hidden>/<hidden>
    SLICE_X27Y81         FDPE                                         r  aes_wrapper/aes/aes_axi_interconnect_1_0/s00_couplers_imp_B4JP64/aes_axi_interconnect_1_imp_auto_pc_0/aes_axi_interconnect_1_imp_auto_pc_0_axi_protocol_converter_v2_1_37_axi_protocol_converter/aes_axi_interconnect_1_imp_auto_pc_0_axi_protocol_converter_v2_1_37_axi3_conv/aes_axi_interconnect_1_imp_auto_pc_0_axi_protocol_converter_v2_1_37_a_axi3_conv/aes_axi_interconnect_1_imp_auto_pc_0_axi_data_fifo_v2_1_36_axic_fifo/aes_axi_interconnect_1_imp_auto_pc_0_axi_data_fifo_v2_1_36_fifo_gen/<hidden>/<hidden>/<hidden>/<hidden>/<hidden>/<hidden>

Slack:                    inf
  Source:                 aes_i/rst_ps7_0_50M/U0/ACTIVE_LOW_PR_OUT_DFF[0].FDRE_PER_N/C
                            (rising edge-triggered cell FDRE clocked by clk_fpga_0  {rise@0.000ns fall@5.000ns period=10.000ns})
  Destination:            aes_wrapper/aes/aes_axi_interconnect_1_0/s00_couplers_imp_B4JP64/aes_axi_interconnect_1_imp_auto_pc_0/aes_axi_interconnect_1_imp_auto_pc_0_axi_protocol_converter_v2_1_37_axi_protocol_converter/aes_axi_interconnect_1_imp_auto_pc_0_axi_protocol_converter_v2_1_37_axi3_conv/aes_axi_interconnect_1_imp_auto_pc_0_axi_protocol_converter_v2_1_37_a_axi3_conv/aes_axi_interconnect_1_imp_auto_pc_0_axi_data_fifo_v2_1_36_axic_fifo/aes_axi_interconnect_1_imp_auto_pc_0_axi_data_fifo_v2_1_36_fifo_gen/<hidden>/<hidden>/<hidden>/<hidden>/<hidden>/<hidden>
                            (recovery check against rising-edge clock clk_fpga_0  {rise@0.000ns fall@5.000ns period=10.000ns})
  Path Group:             (none)
  Path Type:              Recovery (Max at Slow Process Corner)
  Data Path Delay:        4.654ns  (logic 0.642ns (13.793%)  route 4.012ns (86.207%))
  Logic Levels:           1  (LUT1=1)
  Clock Path Skew:        -0.235ns (DCD - SCD + CPR)
    Destination Clock Delay (DCD):    2.690ns
    Source Clock Delay      (SCD):    2.925ns
    Clock Pessimism Removal (CPR):    0.000ns
  Clock Uncertainty:      0.154ns  ((TSJ^2 + TIJ^2)^1/2 + DJ) / 2 + PE
    Total System Jitter     (TSJ):    0.071ns
    Total Input Jitter      (TIJ):    0.300ns
    Discrete Jitter          (DJ):    0.000ns
    Phase Error              (PE):    0.000ns
  Timing Exception:       False Path

    Location             Delay type                Incr(ns)  Path(ns)    Netlist Resource(s)
  -------------------------------------------------------------------    -------------------
                         (clock clk_fpga_0 rise edge)
                                                      0.000     0.000 r  
    PS7_X0Y0             PS7                          0.000     0.000 r  aes_i/processing_system7_0/inst/PS7_i/FCLKCLK[0]
                         net (fo=1, routed)           1.193     1.193    aes_i/processing_system7_0/inst/FCLK_CLK_unbuffered[0]
    BUFGCTRL_X0Y16       BUFG (Prop_bufg_I_O)         0.101     1.294 r  aes_i/processing_system7_0/inst/buffer_fclk_clk_0.FCLK_CLK_0_BUFG/O
                         net (fo=17798, routed)       1.631     2.925    aes_i/rst_ps7_0_50M/U0/slowest_sync_clk
    SLICE_X50Y83         FDRE                                         r  aes_i/rst_ps7_0_50M/U0/ACTIVE_LOW_PR_OUT_DFF[0].FDRE_PER_N/C
  -------------------------------------------------------------------    -------------------
    SLICE_X50Y83         FDRE (Prop_fdre_C_Q)         0.518     3.443 r  aes_i/rst_ps7_0_50M/U0/ACTIVE_LOW_PR_OUT_DFF[0].FDRE_PER_N/Q
                         net (fo=26, routed)          2.672     6.115    aes_i/axi_interconnect_1/s00_couplers/auto_pc/inst/gen_axi4_axi3.axi3_conv_inst/USE_WRITE.write_addr_inst/USE_BURSTS.cmd_queue/inst/aresetn
    SLICE_X27Y75         LUT1 (Prop_lut1_I0_O)        0.124     6.239 f  aes_i/axi_interconnect_1/s00_couplers/auto_pc/inst/gen_axi4_axi3.axi3_conv_inst/USE_WRITE.write_addr_inst/USE_BURSTS.cmd_queue/inst/S_AXI_AREADY_I_i_1/O
                         net (fo=55, routed)          1.341     7.579    aes_wrapper/aes/aes_axi_interconnect_1_0/s00_couplers_imp_B4JP64/aes_axi_interconnect_1_imp_auto_pc_0/aes_axi_interconnect_1_imp_auto_pc_0_axi_protocol_converter_v2_1_37_axi_protocol_converter/aes_axi_interconnect_1_imp_auto_pc_0_axi_protocol_converter_v2_1_37_axi3_conv/aes_axi_interconnect_1_imp_auto_pc_0_axi_protocol_converter_v2_1_37_a_axi3_conv/aes_axi_interconnect_1_imp_auto_pc_0_axi_data_fifo_v2_1_36_axic_fifo/aes_axi_interconnect_1_imp_auto_pc_0_axi_data_fifo_v2_1_36_fifo_gen/<hidden>/<hidden>/<hidden>/<hidden>/<hidden>/<hidden>
    SLICE_X27Y81         FDPE                                         f  aes_wrapper/aes/aes_axi_interconnect_1_0/s00_couplers_imp_B4JP64/aes_axi_interconnect_1_imp_auto_pc_0/aes_axi_interconnect_1_imp_auto_pc_0_axi_protocol_converter_v2_1_37_axi_protocol_converter/aes_axi_interconnect_1_imp_auto_pc_0_axi_protocol_converter_v2_1_37_axi3_conv/aes_axi_interconnect_1_imp_auto_pc_0_axi_protocol_converter_v2_1_37_a_axi3_conv/aes_axi_interconnect_1_imp_auto_pc_0_axi_data_fifo_v2_1_36_axic_fifo/aes_axi_interconnect_1_imp_auto_pc_0_axi_data_fifo_v2_1_36_fifo_gen/<hidden>/<hidden>/<hidden>/<hidden>/<hidden>/<hidden>
  -------------------------------------------------------------------    -------------------

                         (clock clk_fpga_0 rise edge)
                                                      0.000     0.000 r  
    PS7_X0Y0             PS7                          0.000     0.000 r  aes_i/processing_system7_0/inst/PS7_i/FCLKCLK[0]
                         net (fo=1, routed)           1.088     1.088    aes_i/processing_system7_0/inst/FCLK_CLK_unbuffered[0]
    BUFGCTRL_X0Y16       BUFG (Prop_bufg_I_O)         0.091     1.179 r  aes_i/processing_system7_0/inst/buffer_fclk_clk_0.FCLK_CLK_0_BUFG/O
                         net (fo=17798, routed)       1.511     2.690    aes_wrapper/aes/aes_axi_interconnect_1_0/s00_couplers_imp_B4JP64/aes_axi_interconnect_1_imp_auto_pc_0/aes_axi_interconnect_1_imp_auto_pc_0_axi_protocol_converter_v2_1_37_axi_protocol_converter/aes_axi_interconnect_1_imp_auto_pc_0_axi_protocol_converter_v2_1_37_axi3_conv/aes_axi_interconnect_1_imp_auto_pc_0_axi_protocol_converter_v2_1_37_a_axi3_conv/aes_axi_interconnect_1_imp_auto_pc_0_axi_data_fifo_v2_1_36_axic_fifo/aes_axi_interconnect_1_imp_auto_pc_0_axi_data_fifo_v2_1_36_fifo_gen/<hidden>/<hidden>/<hidden>/<hidden>/<hidden>/<hidden>
    SLICE_X27Y81         FDPE                                         r  aes_wrapper/aes/aes_axi_interconnect_1_0/s00_couplers_imp_B4JP64/aes_axi_interconnect_1_imp_auto_pc_0/aes_axi_interconnect_1_imp_auto_pc_0_axi_protocol_converter_v2_1_37_axi_protocol_converter/aes_axi_interconnect_1_imp_auto_pc_0_axi_protocol_converter_v2_1_37_axi3_conv/aes_axi_interconnect_1_imp_auto_pc_0_axi_protocol_converter_v2_1_37_a_axi3_conv/aes_axi_interconnect_1_imp_auto_pc_0_axi_data_fifo_v2_1_36_axic_fifo/aes_axi_interconnect_1_imp_auto_pc_0_axi_data_fifo_v2_1_36_fifo_gen/<hidden>/<hidden>/<hidden>/<hidden>/<hidden>/<hidden>

Slack:                    inf
  Source:                 aes_i/rst_ps7_0_50M/U0/ACTIVE_LOW_PR_OUT_DFF[0].FDRE_PER_N/C
                            (rising edge-triggered cell FDRE clocked by clk_fpga_0  {rise@0.000ns fall@5.000ns period=10.000ns})
  Destination:            aes_wrapper/aes/aes_axi_interconnect_1_0/s00_couplers_imp_B4JP64/aes_axi_interconnect_1_imp_auto_ds_0/aes_axi_interconnect_1_imp_auto_ds_0_axi_dwidth_converter_v2_1_37_top/aes_axi_interconnect_1_imp_auto_ds_0_axi_dwidth_converter_v2_1_37_axi_downsizer/aes_axi_interconnect_1_imp_auto_ds_0_axi_dwidth_converter_v2_1_37_a_downsizer/aes_axi_interconnect_1_imp_auto_ds_0_axi_data_fifo_v2_1_36_axic_fifo__parameterized0/aes_axi_interconnect_1_imp_auto_ds_0_axi_data_fifo_v2_1_36_fifo_gen__parameterized0/<hidden>/<hidden>/<hidden>/<hidden>/<hidden>/<hidden>
                            (recovery check against rising-edge clock clk_fpga_0  {rise@0.000ns fall@5.000ns period=10.000ns})
  Path Group:             (none)
  Path Type:              Recovery (Max at Slow Process Corner)
  Data Path Delay:        4.407ns  (logic 0.642ns (14.568%)  route 3.765ns (85.432%))
  Logic Levels:           1  (LUT1=1)
  Clock Path Skew:        -0.221ns (DCD - SCD + CPR)
    Destination Clock Delay (DCD):    2.704ns
    Source Clock Delay      (SCD):    2.925ns
    Clock Pessimism Removal (CPR):    0.000ns
  Clock Uncertainty:      0.154ns  ((TSJ^2 + TIJ^2)^1/2 + DJ) / 2 + PE
    Total System Jitter     (TSJ):    0.071ns
    Total Input Jitter      (TIJ):    0.300ns
    Discrete Jitter          (DJ):    0.000ns
    Phase Error              (PE):    0.000ns
  Timing Exception:       False Path

    Location             Delay type                Incr(ns)  Path(ns)    Netlist Resource(s)
  -------------------------------------------------------------------    -------------------
                         (clock clk_fpga_0 rise edge)
                                                      0.000     0.000 r  
    PS7_X0Y0             PS7                          0.000     0.000 r  aes_i/processing_system7_0/inst/PS7_i/FCLKCLK[0]
                         net (fo=1, routed)           1.193     1.193    aes_i/processing_system7_0/inst/FCLK_CLK_unbuffered[0]
    BUFGCTRL_X0Y16       BUFG (Prop_bufg_I_O)         0.101     1.294 r  aes_i/processing_system7_0/inst/buffer_fclk_clk_0.FCLK_CLK_0_BUFG/O
                         net (fo=17798, routed)       1.631     2.925    aes_i/rst_ps7_0_50M/U0/slowest_sync_clk
    SLICE_X50Y83         FDRE                                         r  aes_i/rst_ps7_0_50M/U0/ACTIVE_LOW_PR_OUT_DFF[0].FDRE_PER_N/C
  -------------------------------------------------------------------    -------------------
    SLICE_X50Y83         FDRE (Prop_fdre_C_Q)         0.518     3.443 r  aes_i/rst_ps7_0_50M/U0/ACTIVE_LOW_PR_OUT_DFF[0].FDRE_PER_N/Q
                         net (fo=26, routed)          1.771     5.214    aes_i/axi_interconnect_1/s00_couplers/auto_ds/inst/gen_downsizer.gen_cascaded_downsizer.first_downsizer_inst/USE_WRITE.write_addr_inst/USE_B_CHANNEL.cmd_b_queue/inst/arststages_ff_reg[1]
    SLICE_X41Y75         LUT1 (Prop_lut1_I0_O)        0.124     5.338 f  aes_i/axi_interconnect_1/s00_couplers/auto_ds/inst/gen_downsizer.gen_cascaded_downsizer.first_downsizer_inst/USE_WRITE.write_addr_inst/USE_B_CHANNEL.cmd_b_queue/inst/S_AXI_AREADY_I_i_1/O
                         net (fo=208, routed)         1.994     7.332    aes_wrapper/aes/aes_axi_interconnect_1_0/s00_couplers_imp_B4JP64/aes_axi_interconnect_1_imp_auto_ds_0/aes_axi_interconnect_1_imp_auto_ds_0_axi_dwidth_converter_v2_1_37_top/aes_axi_interconnect_1_imp_auto_ds_0_axi_dwidth_converter_v2_1_37_axi_downsizer/aes_axi_interconnect_1_imp_auto_ds_0_axi_dwidth_converter_v2_1_37_a_downsizer/aes_axi_interconnect_1_imp_auto_ds_0_axi_data_fifo_v2_1_36_axic_fifo__parameterized0/aes_axi_interconnect_1_imp_auto_ds_0_axi_data_fifo_v2_1_36_fifo_gen__parameterized0/<hidden>/<hidden>/<hidden>/<hidden>/<hidden>/<hidden>
    SLICE_X56Y78         FDPE                                         f  aes_wrapper/aes/aes_axi_interconnect_1_0/s00_couplers_imp_B4JP64/aes_axi_interconnect_1_imp_auto_ds_0/aes_axi_interconnect_1_imp_auto_ds_0_axi_dwidth_converter_v2_1_37_top/aes_axi_interconnect_1_imp_auto_ds_0_axi_dwidth_converter_v2_1_37_axi_downsizer/aes_axi_interconnect_1_imp_auto_ds_0_axi_dwidth_converter_v2_1_37_a_downsizer/aes_axi_interconnect_1_imp_auto_ds_0_axi_data_fifo_v2_1_36_axic_fifo__parameterized0/aes_axi_interconnect_1_imp_auto_ds_0_axi_data_fifo_v2_1_36_fifo_gen__parameterized0/<hidden>/<hidden>/<hidden>/<hidden>/<hidden>/<hidden>
  -------------------------------------------------------------------    -------------------

                         (clock clk_fpga_0 rise edge)
                                                      0.000     0.000 r  
    PS7_X0Y0             PS7                          0.000     0.000 r  aes_i/processing_system7_0/inst/PS7_i/FCLKCLK[0]
                         net (fo=1, routed)           1.088     1.088    aes_i/processing_system7_0/inst/FCLK_CLK_unbuffered[0]
    BUFGCTRL_X0Y16       BUFG (Prop_bufg_I_O)         0.091     1.179 r  aes_i/processing_system7_0/inst/buffer_fclk_clk_0.FCLK_CLK_0_BUFG/O
                         net (fo=17798, routed)       1.525     2.704    aes_wrapper/aes/aes_axi_interconnect_1_0/s00_couplers_imp_B4JP64/aes_axi_interconnect_1_imp_auto_ds_0/aes_axi_interconnect_1_imp_auto_ds_0_axi_dwidth_converter_v2_1_37_top/aes_axi_interconnect_1_imp_auto_ds_0_axi_dwidth_converter_v2_1_37_axi_downsizer/aes_axi_interconnect_1_imp_auto_ds_0_axi_dwidth_converter_v2_1_37_a_downsizer/aes_axi_interconnect_1_imp_auto_ds_0_axi_data_fifo_v2_1_36_axic_fifo__parameterized0/aes_axi_interconnect_1_imp_auto_ds_0_axi_data_fifo_v2_1_36_fifo_gen__parameterized0/<hidden>/<hidden>/<hidden>/<hidden>/<hidden>/<hidden>
    SLICE_X56Y78         FDPE                                         r  aes_wrapper/aes/aes_axi_interconnect_1_0/s00_couplers_imp_B4JP64/aes_axi_interconnect_1_imp_auto_ds_0/aes_axi_interconnect_1_imp_auto_ds_0_axi_dwidth_converter_v2_1_37_top/aes_axi_interconnect_1_imp_auto_ds_0_axi_dwidth_converter_v2_1_37_axi_downsizer/aes_axi_interconnect_1_imp_auto_ds_0_axi_dwidth_converter_v2_1_37_a_downsizer/aes_axi_interconnect_1_imp_auto_ds_0_axi_data_fifo_v2_1_36_axic_fifo__parameterized0/aes_axi_interconnect_1_imp_auto_ds_0_axi_data_fifo_v2_1_36_fifo_gen__parameterized0/<hidden>/<hidden>/<hidden>/<hidden>/<hidden>/<hidden>

Slack:                    inf
  Source:                 aes_i/rst_ps7_0_50M/U0/ACTIVE_LOW_PR_OUT_DFF[0].FDRE_PER_N/C
                            (rising edge-triggered cell FDRE clocked by clk_fpga_0  {rise@0.000ns fall@5.000ns period=10.000ns})
  Destination:            aes_wrapper/aes/aes_axi_interconnect_1_0/s00_couplers_imp_B4JP64/aes_axi_interconnect_1_imp_auto_ds_0/aes_axi_interconnect_1_imp_auto_ds_0_axi_dwidth_converter_v2_1_37_top/aes_axi_interconnect_1_imp_auto_ds_0_axi_dwidth_converter_v2_1_37_axi_downsizer/aes_axi_interconnect_1_imp_auto_ds_0_axi_dwidth_converter_v2_1_37_a_downsizer/aes_axi_interconnect_1_imp_auto_ds_0_axi_data_fifo_v2_1_36_axic_fifo__parameterized0/aes_axi_interconnect_1_imp_auto_ds_0_axi_data_fifo_v2_1_36_fifo_gen__parameterized0/<hidden>/<hidden>/<hidden>/<hidden>/<hidden>/<hidden>
                            (recovery check against rising-edge clock clk_fpga_0  {rise@0.000ns fall@5.000ns period=10.000ns})
  Path Group:             (none)
  Path Type:              Recovery (Max at Slow Process Corner)
  Data Path Delay:        4.407ns  (logic 0.642ns (14.568%)  route 3.765ns (85.432%))
  Logic Levels:           1  (LUT1=1)
  Clock Path Skew:        -0.221ns (DCD - SCD + CPR)
    Destination Clock Delay (DCD):    2.704ns
    Source Clock Delay      (SCD):    2.925ns
    Clock Pessimism Removal (CPR):    0.000ns
  Clock Uncertainty:      0.154ns  ((TSJ^2 + TIJ^2)^1/2 + DJ) / 2 + PE
    Total System Jitter     (TSJ):    0.071ns
    Total Input Jitter      (TIJ):    0.300ns
    Discrete Jitter          (DJ):    0.000ns
    Phase Error              (PE):    0.000ns
  Timing Exception:       False Path

    Location             Delay type                Incr(ns)  Path(ns)    Netlist Resource(s)
  -------------------------------------------------------------------    -------------------
                         (clock clk_fpga_0 rise edge)
                                                      0.000     0.000 r  
    PS7_X0Y0             PS7                          0.000     0.000 r  aes_i/processing_system7_0/inst/PS7_i/FCLKCLK[0]
                         net (fo=1, routed)           1.193     1.193    aes_i/processing_system7_0/inst/FCLK_CLK_unbuffered[0]
    BUFGCTRL_X0Y16       BUFG (Prop_bufg_I_O)         0.101     1.294 r  aes_i/processing_system7_0/inst/buffer_fclk_clk_0.FCLK_CLK_0_BUFG/O
                         net (fo=17798, routed)       1.631     2.925    aes_i/rst_ps7_0_50M/U0/slowest_sync_clk
    SLICE_X50Y83         FDRE                                         r  aes_i/rst_ps7_0_50M/U0/ACTIVE_LOW_PR_OUT_DFF[0].FDRE_PER_N/C
  -------------------------------------------------------------------    -------------------
    SLICE_X50Y83         FDRE (Prop_fdre_C_Q)         0.518     3.443 r  aes_i/rst_ps7_0_50M/U0/ACTIVE_LOW_PR_OUT_DFF[0].FDRE_PER_N/Q
                         net (fo=26, routed)          1.771     5.214    aes_i/axi_interconnect_1/s00_couplers/auto_ds/inst/gen_downsizer.gen_cascaded_downsizer.first_downsizer_inst/USE_WRITE.write_addr_inst/USE_B_CHANNEL.cmd_b_queue/inst/arststages_ff_reg[1]
    SLICE_X41Y75         LUT1 (Prop_lut1_I0_O)        0.124     5.338 f  aes_i/axi_interconnect_1/s00_couplers/auto_ds/inst/gen_downsizer.gen_cascaded_downsizer.first_downsizer_inst/USE_WRITE.write_addr_inst/USE_B_CHANNEL.cmd_b_queue/inst/S_AXI_AREADY_I_i_1/O
                         net (fo=208, routed)         1.994     7.332    aes_wrapper/aes/aes_axi_interconnect_1_0/s00_couplers_imp_B4JP64/aes_axi_interconnect_1_imp_auto_ds_0/aes_axi_interconnect_1_imp_auto_ds_0_axi_dwidth_converter_v2_1_37_top/aes_axi_interconnect_1_imp_auto_ds_0_axi_dwidth_converter_v2_1_37_axi_downsizer/aes_axi_interconnect_1_imp_auto_ds_0_axi_dwidth_converter_v2_1_37_a_downsizer/aes_axi_interconnect_1_imp_auto_ds_0_axi_data_fifo_v2_1_36_axic_fifo__parameterized0/aes_axi_interconnect_1_imp_auto_ds_0_axi_data_fifo_v2_1_36_fifo_gen__parameterized0/<hidden>/<hidden>/<hidden>/<hidden>/<hidden>/<hidden>
    SLICE_X56Y78         FDPE                                         f  aes_wrapper/aes/aes_axi_interconnect_1_0/s00_couplers_imp_B4JP64/aes_axi_interconnect_1_imp_auto_ds_0/aes_axi_interconnect_1_imp_auto_ds_0_axi_dwidth_converter_v2_1_37_top/aes_axi_interconnect_1_imp_auto_ds_0_axi_dwidth_converter_v2_1_37_axi_downsizer/aes_axi_interconnect_1_imp_auto_ds_0_axi_dwidth_converter_v2_1_37_a_downsizer/aes_axi_interconnect_1_imp_auto_ds_0_axi_data_fifo_v2_1_36_axic_fifo__parameterized0/aes_axi_interconnect_1_imp_auto_ds_0_axi_data_fifo_v2_1_36_fifo_gen__parameterized0/<hidden>/<hidden>/<hidden>/<hidden>/<hidden>/<hidden>
  -------------------------------------------------------------------    -------------------

                         (clock clk_fpga_0 rise edge)
                                                      0.000     0.000 r  
    PS7_X0Y0             PS7                          0.000     0.000 r  aes_i/processing_system7_0/inst/PS7_i/FCLKCLK[0]
                         net (fo=1, routed)           1.088     1.088    aes_i/processing_system7_0/inst/FCLK_CLK_unbuffered[0]
    BUFGCTRL_X0Y16       BUFG (Prop_bufg_I_O)         0.091     1.179 r  aes_i/processing_system7_0/inst/buffer_fclk_clk_0.FCLK_CLK_0_BUFG/O
                         net (fo=17798, routed)       1.525     2.704    aes_wrapper/aes/aes_axi_interconnect_1_0/s00_couplers_imp_B4JP64/aes_axi_interconnect_1_imp_auto_ds_0/aes_axi_interconnect_1_imp_auto_ds_0_axi_dwidth_converter_v2_1_37_top/aes_axi_interconnect_1_imp_auto_ds_0_axi_dwidth_converter_v2_1_37_axi_downsizer/aes_axi_interconnect_1_imp_auto_ds_0_axi_dwidth_converter_v2_1_37_a_downsizer/aes_axi_interconnect_1_imp_auto_ds_0_axi_data_fifo_v2_1_36_axic_fifo__parameterized0/aes_axi_interconnect_1_imp_auto_ds_0_axi_data_fifo_v2_1_36_fifo_gen__parameterized0/<hidden>/<hidden>/<hidden>/<hidden>/<hidden>/<hidden>
    SLICE_X56Y78         FDPE                                         r  aes_wrapper/aes/aes_axi_interconnect_1_0/s00_couplers_imp_B4JP64/aes_axi_interconnect_1_imp_auto_ds_0/aes_axi_interconnect_1_imp_auto_ds_0_axi_dwidth_converter_v2_1_37_top/aes_axi_interconnect_1_imp_auto_ds_0_axi_dwidth_converter_v2_1_37_axi_downsizer/aes_axi_interconnect_1_imp_auto_ds_0_axi_dwidth_converter_v2_1_37_a_downsizer/aes_axi_interconnect_1_imp_auto_ds_0_axi_data_fifo_v2_1_36_axic_fifo__parameterized0/aes_axi_interconnect_1_imp_auto_ds_0_axi_data_fifo_v2_1_36_fifo_gen__parameterized0/<hidden>/<hidden>/<hidden>/<hidden>/<hidden>/<hidden>

Slack:                    inf
  Source:                 aes_i/rst_ps7_0_50M/U0/ACTIVE_LOW_PR_OUT_DFF[0].FDRE_PER_N/C
                            (rising edge-triggered cell FDRE clocked by clk_fpga_0  {rise@0.000ns fall@5.000ns period=10.000ns})
  Destination:            aes_wrapper/aes/aes_axi_interconnect_1_0/s00_couplers_imp_B4JP64/aes_axi_interconnect_1_imp_auto_ds_0/aes_axi_interconnect_1_imp_auto_ds_0_axi_dwidth_converter_v2_1_37_top/aes_axi_interconnect_1_imp_auto_ds_0_axi_protocol_converter_v2_1_37_axi_protocol_converter/aes_axi_interconnect_1_imp_auto_ds_0_axi_protocol_converter_v2_1_37_axi3_conv/aes_axi_interconnect_1_imp_auto_ds_0_axi_protocol_converter_v2_1_37_a_axi3_conv/aes_axi_interconnect_1_imp_auto_ds_0_axi_data_fifo_v2_1_36_axic_fifo_0/aes_axi_interconnect_1_imp_auto_ds_0_axi_data_fifo_v2_1_36_fifo_gen/<hidden>/<hidden>/<hidden>/<hidden>/<hidden>/<hidden>
                            (recovery check against rising-edge clock clk_fpga_0  {rise@0.000ns fall@5.000ns period=10.000ns})
  Path Group:             (none)
  Path Type:              Recovery (Max at Slow Process Corner)
  Data Path Delay:        4.353ns  (logic 0.642ns (14.747%)  route 3.711ns (85.253%))
  Logic Levels:           1  (LUT1=1)
  Clock Path Skew:        -0.288ns (DCD - SCD + CPR)
    Destination Clock Delay (DCD):    2.637ns
    Source Clock Delay      (SCD):    2.925ns
    Clock Pessimism Removal (CPR):    0.000ns
  Clock Uncertainty:      0.154ns  ((TSJ^2 + TIJ^2)^1/2 + DJ) / 2 + PE
    Total System Jitter     (TSJ):    0.071ns
    Total Input Jitter      (TIJ):    0.300ns
    Discrete Jitter          (DJ):    0.000ns
    Phase Error              (PE):    0.000ns
  Timing Exception:       False Path

    Location             Delay type                Incr(ns)  Path(ns)    Netlist Resource(s)
  -------------------------------------------------------------------    -------------------
                         (clock clk_fpga_0 rise edge)
                                                      0.000     0.000 r  
    PS7_X0Y0             PS7                          0.000     0.000 r  aes_i/processing_system7_0/inst/PS7_i/FCLKCLK[0]
                         net (fo=1, routed)           1.193     1.193    aes_i/processing_system7_0/inst/FCLK_CLK_unbuffered[0]
    BUFGCTRL_X0Y16       BUFG (Prop_bufg_I_O)         0.101     1.294 r  aes_i/processing_system7_0/inst/buffer_fclk_clk_0.FCLK_CLK_0_BUFG/O
                         net (fo=17798, routed)       1.631     2.925    aes_i/rst_ps7_0_50M/U0/slowest_sync_clk
    SLICE_X50Y83         FDRE                                         r  aes_i/rst_ps7_0_50M/U0/ACTIVE_LOW_PR_OUT_DFF[0].FDRE_PER_N/C
  -------------------------------------------------------------------    -------------------
    SLICE_X50Y83         FDRE (Prop_fdre_C_Q)         0.518     3.443 r  aes_i/rst_ps7_0_50M/U0/ACTIVE_LOW_PR_OUT_DFF[0].FDRE_PER_N/Q
                         net (fo=26, routed)          1.771     5.214    aes_i/axi_interconnect_1/s00_couplers/auto_ds/inst/gen_downsizer.gen_cascaded_downsizer.first_downsizer_inst/USE_WRITE.write_addr_inst/USE_B_CHANNEL.cmd_b_queue/inst/arststages_ff_reg[1]
    SLICE_X41Y75         LUT1 (Prop_lut1_I0_O)        0.124     5.338 f  aes_i/axi_interconnect_1/s00_couplers/auto_ds/inst/gen_downsizer.gen_cascaded_downsizer.first_downsizer_inst/USE_WRITE.write_addr_inst/USE_B_CHANNEL.cmd_b_queue/inst/S_AXI_AREADY_I_i_1/O
                         net (fo=208, routed)         1.940     7.278    aes_wrapper/aes/aes_axi_interconnect_1_0/s00_couplers_imp_B4JP64/aes_axi_interconnect_1_imp_auto_ds_0/aes_axi_interconnect_1_imp_auto_ds_0_axi_dwidth_converter_v2_1_37_top/aes_axi_interconnect_1_imp_auto_ds_0_axi_protocol_converter_v2_1_37_axi_protocol_converter/aes_axi_interconnect_1_imp_auto_ds_0_axi_protocol_converter_v2_1_37_axi3_conv/aes_axi_interconnect_1_imp_auto_ds_0_axi_protocol_converter_v2_1_37_a_axi3_conv/aes_axi_interconnect_1_imp_auto_ds_0_axi_data_fifo_v2_1_36_axic_fifo_0/aes_axi_interconnect_1_imp_auto_ds_0_axi_data_fifo_v2_1_36_fifo_gen/<hidden>/<hidden>/<hidden>/<hidden>/<hidden>/<hidden>
    SLICE_X53Y82         FDPE                                         f  aes_wrapper/aes/aes_axi_interconnect_1_0/s00_couplers_imp_B4JP64/aes_axi_interconnect_1_imp_auto_ds_0/aes_axi_interconnect_1_imp_auto_ds_0_axi_dwidth_converter_v2_1_37_top/aes_axi_interconnect_1_imp_auto_ds_0_axi_protocol_converter_v2_1_37_axi_protocol_converter/aes_axi_interconnect_1_imp_auto_ds_0_axi_protocol_converter_v2_1_37_axi3_conv/aes_axi_interconnect_1_imp_auto_ds_0_axi_protocol_converter_v2_1_37_a_axi3_conv/aes_axi_interconnect_1_imp_auto_ds_0_axi_data_fifo_v2_1_36_axic_fifo_0/aes_axi_interconnect_1_imp_auto_ds_0_axi_data_fifo_v2_1_36_fifo_gen/<hidden>/<hidden>/<hidden>/<hidden>/<hidden>/<hidden>
  -------------------------------------------------------------------    -------------------

                         (clock clk_fpga_0 rise edge)
                                                      0.000     0.000 r  
    PS7_X0Y0             PS7                          0.000     0.000 r  aes_i/processing_system7_0/inst/PS7_i/FCLKCLK[0]
                         net (fo=1, routed)           1.088     1.088    aes_i/processing_system7_0/inst/FCLK_CLK_unbuffered[0]
    BUFGCTRL_X0Y16       BUFG (Prop_bufg_I_O)         0.091     1.179 r  aes_i/processing_system7_0/inst/buffer_fclk_clk_0.FCLK_CLK_0_BUFG/O
                         net (fo=17798, routed)       1.458     2.637    aes_wrapper/aes/aes_axi_interconnect_1_0/s00_couplers_imp_B4JP64/aes_axi_interconnect_1_imp_auto_ds_0/aes_axi_interconnect_1_imp_auto_ds_0_axi_dwidth_converter_v2_1_37_top/aes_axi_interconnect_1_imp_auto_ds_0_axi_protocol_converter_v2_1_37_axi_protocol_converter/aes_axi_interconnect_1_imp_auto_ds_0_axi_protocol_converter_v2_1_37_axi3_conv/aes_axi_interconnect_1_imp_auto_ds_0_axi_protocol_converter_v2_1_37_a_axi3_conv/aes_axi_interconnect_1_imp_auto_ds_0_axi_data_fifo_v2_1_36_axic_fifo_0/aes_axi_interconnect_1_imp_auto_ds_0_axi_data_fifo_v2_1_36_fifo_gen/<hidden>/<hidden>/<hidden>/<hidden>/<hidden>/<hidden>
    SLICE_X53Y82         FDPE                                         r  aes_wrapper/aes/aes_axi_interconnect_1_0/s00_couplers_imp_B4JP64/aes_axi_interconnect_1_imp_auto_ds_0/aes_axi_interconnect_1_imp_auto_ds_0_axi_dwidth_converter_v2_1_37_top/aes_axi_interconnect_1_imp_auto_ds_0_axi_protocol_converter_v2_1_37_axi_protocol_converter/aes_axi_interconnect_1_imp_auto_ds_0_axi_protocol_converter_v2_1_37_axi3_conv/aes_axi_interconnect_1_imp_auto_ds_0_axi_protocol_converter_v2_1_37_a_axi3_conv/aes_axi_interconnect_1_imp_auto_ds_0_axi_data_fifo_v2_1_36_axic_fifo_0/aes_axi_interconnect_1_imp_auto_ds_0_axi_data_fifo_v2_1_36_fifo_gen/<hidden>/<hidden>/<hidden>/<hidden>/<hidden>/<hidden>

Slack:                    inf
  Source:                 aes_i/rst_ps7_0_50M/U0/ACTIVE_LOW_PR_OUT_DFF[0].FDRE_PER_N/C
                            (rising edge-triggered cell FDRE clocked by clk_fpga_0  {rise@0.000ns fall@5.000ns period=10.000ns})
  Destination:            aes_wrapper/aes/aes_axi_interconnect_1_0/s00_couplers_imp_B4JP64/aes_axi_interconnect_1_imp_auto_ds_0/aes_axi_interconnect_1_imp_auto_ds_0_axi_dwidth_converter_v2_1_37_top/aes_axi_interconnect_1_imp_auto_ds_0_axi_protocol_converter_v2_1_37_axi_protocol_converter/aes_axi_interconnect_1_imp_auto_ds_0_axi_protocol_converter_v2_1_37_axi3_conv/aes_axi_interconnect_1_imp_auto_ds_0_axi_protocol_converter_v2_1_37_a_axi3_conv/aes_axi_interconnect_1_imp_auto_ds_0_axi_data_fifo_v2_1_36_axic_fifo_0/aes_axi_interconnect_1_imp_auto_ds_0_axi_data_fifo_v2_1_36_fifo_gen/<hidden>/<hidden>/<hidden>/<hidden>/<hidden>/<hidden>
                            (recovery check against rising-edge clock clk_fpga_0  {rise@0.000ns fall@5.000ns period=10.000ns})
  Path Group:             (none)
  Path Type:              Recovery (Max at Slow Process Corner)
  Data Path Delay:        4.353ns  (logic 0.642ns (14.747%)  route 3.711ns (85.253%))
  Logic Levels:           1  (LUT1=1)
  Clock Path Skew:        -0.288ns (DCD - SCD + CPR)
    Destination Clock Delay (DCD):    2.637ns
    Source Clock Delay      (SCD):    2.925ns
    Clock Pessimism Removal (CPR):    0.000ns
  Clock Uncertainty:      0.154ns  ((TSJ^2 + TIJ^2)^1/2 + DJ) / 2 + PE
    Total System Jitter     (TSJ):    0.071ns
    Total Input Jitter      (TIJ):    0.300ns
    Discrete Jitter          (DJ):    0.000ns
    Phase Error              (PE):    0.000ns
  Timing Exception:       False Path

    Location             Delay type                Incr(ns)  Path(ns)    Netlist Resource(s)
  -------------------------------------------------------------------    -------------------
                         (clock clk_fpga_0 rise edge)
                                                      0.000     0.000 r  
    PS7_X0Y0             PS7                          0.000     0.000 r  aes_i/processing_system7_0/inst/PS7_i/FCLKCLK[0]
                         net (fo=1, routed)           1.193     1.193    aes_i/processing_system7_0/inst/FCLK_CLK_unbuffered[0]
    BUFGCTRL_X0Y16       BUFG (Prop_bufg_I_O)         0.101     1.294 r  aes_i/processing_system7_0/inst/buffer_fclk_clk_0.FCLK_CLK_0_BUFG/O
                         net (fo=17798, routed)       1.631     2.925    aes_i/rst_ps7_0_50M/U0/slowest_sync_clk
    SLICE_X50Y83         FDRE                                         r  aes_i/rst_ps7_0_50M/U0/ACTIVE_LOW_PR_OUT_DFF[0].FDRE_PER_N/C
  -------------------------------------------------------------------    -------------------
    SLICE_X50Y83         FDRE (Prop_fdre_C_Q)         0.518     3.443 r  aes_i/rst_ps7_0_50M/U0/ACTIVE_LOW_PR_OUT_DFF[0].FDRE_PER_N/Q
                         net (fo=26, routed)          1.771     5.214    aes_i/axi_interconnect_1/s00_couplers/auto_ds/inst/gen_downsizer.gen_cascaded_downsizer.first_downsizer_inst/USE_WRITE.write_addr_inst/USE_B_CHANNEL.cmd_b_queue/inst/arststages_ff_reg[1]
    SLICE_X41Y75         LUT1 (Prop_lut1_I0_O)        0.124     5.338 f  aes_i/axi_interconnect_1/s00_couplers/auto_ds/inst/gen_downsizer.gen_cascaded_downsizer.first_downsizer_inst/USE_WRITE.write_addr_inst/USE_B_CHANNEL.cmd_b_queue/inst/S_AXI_AREADY_I_i_1/O
                         net (fo=208, routed)         1.940     7.278    aes_wrapper/aes/aes_axi_interconnect_1_0/s00_couplers_imp_B4JP64/aes_axi_interconnect_1_imp_auto_ds_0/aes_axi_interconnect_1_imp_auto_ds_0_axi_dwidth_converter_v2_1_37_top/aes_axi_interconnect_1_imp_auto_ds_0_axi_protocol_converter_v2_1_37_axi_protocol_converter/aes_axi_interconnect_1_imp_auto_ds_0_axi_protocol_converter_v2_1_37_axi3_conv/aes_axi_interconnect_1_imp_auto_ds_0_axi_protocol_converter_v2_1_37_a_axi3_conv/aes_axi_interconnect_1_imp_auto_ds_0_axi_data_fifo_v2_1_36_axic_fifo_0/aes_axi_interconnect_1_imp_auto_ds_0_axi_data_fifo_v2_1_36_fifo_gen/<hidden>/<hidden>/<hidden>/<hidden>/<hidden>/<hidden>
    SLICE_X53Y82         FDPE                                         f  aes_wrapper/aes/aes_axi_interconnect_1_0/s00_couplers_imp_B4JP64/aes_axi_interconnect_1_imp_auto_ds_0/aes_axi_interconnect_1_imp_auto_ds_0_axi_dwidth_converter_v2_1_37_top/aes_axi_interconnect_1_imp_auto_ds_0_axi_protocol_converter_v2_1_37_axi_protocol_converter/aes_axi_interconnect_1_imp_auto_ds_0_axi_protocol_converter_v2_1_37_axi3_conv/aes_axi_interconnect_1_imp_auto_ds_0_axi_protocol_converter_v2_1_37_a_axi3_conv/aes_axi_interconnect_1_imp_auto_ds_0_axi_data_fifo_v2_1_36_axic_fifo_0/aes_axi_interconnect_1_imp_auto_ds_0_axi_data_fifo_v2_1_36_fifo_gen/<hidden>/<hidden>/<hidden>/<hidden>/<hidden>/<hidden>
  -------------------------------------------------------------------    -------------------

                         (clock clk_fpga_0 rise edge)
                                                      0.000     0.000 r  
    PS7_X0Y0             PS7                          0.000     0.000 r  aes_i/processing_system7_0/inst/PS7_i/FCLKCLK[0]
                         net (fo=1, routed)           1.088     1.088    aes_i/processing_system7_0/inst/FCLK_CLK_unbuffered[0]
    BUFGCTRL_X0Y16       BUFG (Prop_bufg_I_O)         0.091     1.179 r  aes_i/processing_system7_0/inst/buffer_fclk_clk_0.FCLK_CLK_0_BUFG/O
                         net (fo=17798, routed)       1.458     2.637    aes_wrapper/aes/aes_axi_interconnect_1_0/s00_couplers_imp_B4JP64/aes_axi_interconnect_1_imp_auto_ds_0/aes_axi_interconnect_1_imp_auto_ds_0_axi_dwidth_converter_v2_1_37_top/aes_axi_interconnect_1_imp_auto_ds_0_axi_protocol_converter_v2_1_37_axi_protocol_converter/aes_axi_interconnect_1_imp_auto_ds_0_axi_protocol_converter_v2_1_37_axi3_conv/aes_axi_interconnect_1_imp_auto_ds_0_axi_protocol_converter_v2_1_37_a_axi3_conv/aes_axi_interconnect_1_imp_auto_ds_0_axi_data_fifo_v2_1_36_axic_fifo_0/aes_axi_interconnect_1_imp_auto_ds_0_axi_data_fifo_v2_1_36_fifo_gen/<hidden>/<hidden>/<hidden>/<hidden>/<hidden>/<hidden>
    SLICE_X53Y82         FDPE                                         r  aes_wrapper/aes/aes_axi_interconnect_1_0/s00_couplers_imp_B4JP64/aes_axi_interconnect_1_imp_auto_ds_0/aes_axi_interconnect_1_imp_auto_ds_0_axi_dwidth_converter_v2_1_37_top/aes_axi_interconnect_1_imp_auto_ds_0_axi_protocol_converter_v2_1_37_axi_protocol_converter/aes_axi_interconnect_1_imp_auto_ds_0_axi_protocol_converter_v2_1_37_axi3_conv/aes_axi_interconnect_1_imp_auto_ds_0_axi_protocol_converter_v2_1_37_a_axi3_conv/aes_axi_interconnect_1_imp_auto_ds_0_axi_data_fifo_v2_1_36_axic_fifo_0/aes_axi_interconnect_1_imp_auto_ds_0_axi_data_fifo_v2_1_36_fifo_gen/<hidden>/<hidden>/<hidden>/<hidden>/<hidden>/<hidden>





Min Delay Paths
--------------------------------------------------------------------------------------
Slack:                    inf
  Source:                 aes_i/axi_smc/inst/clk_map/psr_aclk/U0/ACTIVE_LOW_BSR_OUT_DFF[0].FDRE_BSR_N/C
                            (rising edge-triggered cell FDRE clocked by clk_fpga_0  {rise@0.000ns fall@5.000ns period=10.000ns})
  Destination:            aes_i/axi_smc/inst/m01_nodes/m01_aw_node/inst/s_sc_xpm_cdc_async_rst_inst/arststages_ff_reg[0]/CLR
                            (removal check against rising-edge clock clk_fpga_0  {rise@0.000ns fall@5.000ns period=10.000ns})
  Path Group:             (none)
  Path Type:              Removal (Min at Fast Process Corner)
  Data Path Delay:        0.586ns  (logic 0.186ns (31.737%)  route 0.400ns (68.263%))
  Logic Levels:           1  (LUT1=1)
  Clock Path Skew:        0.299ns (DCD - SCD - CPR)
    Destination Clock Delay (DCD):    1.189ns
    Source Clock Delay      (SCD):    0.890ns
    Clock Pessimism Removal (CPR):    -0.000ns
  Clock Uncertainty:      0.154ns  ((TSJ^2 + TIJ^2)^1/2 + DJ) / 2 + PE
    Total System Jitter     (TSJ):    0.071ns
    Total Input Jitter      (TIJ):    0.300ns
    Discrete Jitter          (DJ):    0.000ns
    Phase Error              (PE):    0.000ns
  Timing Exception:       False Path

    Location             Delay type                Incr(ns)  Path(ns)    Netlist Resource(s)
  -------------------------------------------------------------------    -------------------
                         (clock clk_fpga_0 rise edge)
                                                      0.000     0.000 r  
    PS7_X0Y0             PS7                          0.000     0.000 r  aes_i/processing_system7_0/inst/PS7_i/FCLKCLK[0]
                         net (fo=1, routed)           0.310     0.310    aes_i/processing_system7_0/inst/FCLK_CLK_unbuffered[0]
    BUFGCTRL_X0Y16       BUFG (Prop_bufg_I_O)         0.026     0.336 r  aes_i/processing_system7_0/inst/buffer_fclk_clk_0.FCLK_CLK_0_BUFG/O
                         net (fo=17798, routed)       0.554     0.890    aes_i/axi_smc/inst/clk_map/psr_aclk/U0/aclk
    SLICE_X48Y90         FDRE                                         r  aes_i/axi_smc/inst/clk_map/psr_aclk/U0/ACTIVE_LOW_BSR_OUT_DFF[0].FDRE_BSR_N/C
  -------------------------------------------------------------------    -------------------
    SLICE_X48Y90         FDRE (Prop_fdre_C_Q)         0.141     1.031 r  aes_i/axi_smc/inst/clk_map/psr_aclk/U0/ACTIVE_LOW_BSR_OUT_DFF[0].FDRE_BSR_N/Q
                         net (fo=25, routed)          0.280     1.311    aes_i/axi_smc/inst/m01_nodes/m01_aw_node/inst/s_sc_xpm_cdc_async_rst_inst/src_arst
    SLICE_X44Y89         LUT1 (Prop_lut1_I0_O)        0.045     1.356 f  aes_i/axi_smc/inst/m01_nodes/m01_aw_node/inst/s_sc_xpm_cdc_async_rst_inst/arststages_ff[2]_i_1/O
                         net (fo=3, routed)           0.120     1.476    aes_i/axi_smc/inst/m01_nodes/m01_aw_node/inst/s_sc_xpm_cdc_async_rst_inst/reset_pol
    SLICE_X44Y90         FDCE                                         f  aes_i/axi_smc/inst/m01_nodes/m01_aw_node/inst/s_sc_xpm_cdc_async_rst_inst/arststages_ff_reg[0]/CLR
  -------------------------------------------------------------------    -------------------

                         (clock clk_fpga_0 rise edge)
                                                      0.000     0.000 r  
    PS7_X0Y0             PS7                          0.000     0.000 r  aes_i/processing_system7_0/inst/PS7_i/FCLKCLK[0]
                         net (fo=1, routed)           0.337     0.337    aes_i/processing_system7_0/inst/FCLK_CLK_unbuffered[0]
    BUFGCTRL_X0Y16       BUFG (Prop_bufg_I_O)         0.029     0.366 r  aes_i/processing_system7_0/inst/buffer_fclk_clk_0.FCLK_CLK_0_BUFG/O
                         net (fo=17798, routed)       0.823     1.189    aes_i/axi_smc/inst/m01_nodes/m01_aw_node/inst/s_sc_xpm_cdc_async_rst_inst/dest_clk
    SLICE_X44Y90         FDCE                                         r  aes_i/axi_smc/inst/m01_nodes/m01_aw_node/inst/s_sc_xpm_cdc_async_rst_inst/arststages_ff_reg[0]/C

Slack:                    inf
  Source:                 aes_i/axi_smc/inst/clk_map/psr_aclk/U0/ACTIVE_LOW_BSR_OUT_DFF[0].FDRE_BSR_N/C
                            (rising edge-triggered cell FDRE clocked by clk_fpga_0  {rise@0.000ns fall@5.000ns period=10.000ns})
  Destination:            aes_i/axi_smc/inst/m01_nodes/m01_aw_node/inst/s_sc_xpm_cdc_async_rst_inst/arststages_ff_reg[1]/CLR
                            (removal check against rising-edge clock clk_fpga_0  {rise@0.000ns fall@5.000ns period=10.000ns})
  Path Group:             (none)
  Path Type:              Removal (Min at Fast Process Corner)
  Data Path Delay:        0.586ns  (logic 0.186ns (31.737%)  route 0.400ns (68.263%))
  Logic Levels:           1  (LUT1=1)
  Clock Path Skew:        0.299ns (DCD - SCD - CPR)
    Destination Clock Delay (DCD):    1.189ns
    Source Clock Delay      (SCD):    0.890ns
    Clock Pessimism Removal (CPR):    -0.000ns
  Clock Uncertainty:      0.154ns  ((TSJ^2 + TIJ^2)^1/2 + DJ) / 2 + PE
    Total System Jitter     (TSJ):    0.071ns
    Total Input Jitter      (TIJ):    0.300ns
    Discrete Jitter          (DJ):    0.000ns
    Phase Error              (PE):    0.000ns
  Timing Exception:       False Path

    Location             Delay type                Incr(ns)  Path(ns)    Netlist Resource(s)
  -------------------------------------------------------------------    -------------------
                         (clock clk_fpga_0 rise edge)
                                                      0.000     0.000 r  
    PS7_X0Y0             PS7                          0.000     0.000 r  aes_i/processing_system7_0/inst/PS7_i/FCLKCLK[0]
                         net (fo=1, routed)           0.310     0.310    aes_i/processing_system7_0/inst/FCLK_CLK_unbuffered[0]
    BUFGCTRL_X0Y16       BUFG (Prop_bufg_I_O)         0.026     0.336 r  aes_i/processing_system7_0/inst/buffer_fclk_clk_0.FCLK_CLK_0_BUFG/O
                         net (fo=17798, routed)       0.554     0.890    aes_i/axi_smc/inst/clk_map/psr_aclk/U0/aclk
    SLICE_X48Y90         FDRE                                         r  aes_i/axi_smc/inst/clk_map/psr_aclk/U0/ACTIVE_LOW_BSR_OUT_DFF[0].FDRE_BSR_N/C
  -------------------------------------------------------------------    -------------------
    SLICE_X48Y90         FDRE (Prop_fdre_C_Q)         0.141     1.031 r  aes_i/axi_smc/inst/clk_map/psr_aclk/U0/ACTIVE_LOW_BSR_OUT_DFF[0].FDRE_BSR_N/Q
                         net (fo=25, routed)          0.280     1.311    aes_i/axi_smc/inst/m01_nodes/m01_aw_node/inst/s_sc_xpm_cdc_async_rst_inst/src_arst
    SLICE_X44Y89         LUT1 (Prop_lut1_I0_O)        0.045     1.356 f  aes_i/axi_smc/inst/m01_nodes/m01_aw_node/inst/s_sc_xpm_cdc_async_rst_inst/arststages_ff[2]_i_1/O
                         net (fo=3, routed)           0.120     1.476    aes_i/axi_smc/inst/m01_nodes/m01_aw_node/inst/s_sc_xpm_cdc_async_rst_inst/reset_pol
    SLICE_X44Y90         FDCE                                         f  aes_i/axi_smc/inst/m01_nodes/m01_aw_node/inst/s_sc_xpm_cdc_async_rst_inst/arststages_ff_reg[1]/CLR
  -------------------------------------------------------------------    -------------------

                         (clock clk_fpga_0 rise edge)
                                                      0.000     0.000 r  
    PS7_X0Y0             PS7                          0.000     0.000 r  aes_i/processing_system7_0/inst/PS7_i/FCLKCLK[0]
                         net (fo=1, routed)           0.337     0.337    aes_i/processing_system7_0/inst/FCLK_CLK_unbuffered[0]
    BUFGCTRL_X0Y16       BUFG (Prop_bufg_I_O)         0.029     0.366 r  aes_i/processing_system7_0/inst/buffer_fclk_clk_0.FCLK_CLK_0_BUFG/O
                         net (fo=17798, routed)       0.823     1.189    aes_i/axi_smc/inst/m01_nodes/m01_aw_node/inst/s_sc_xpm_cdc_async_rst_inst/dest_clk
    SLICE_X44Y90         FDCE                                         r  aes_i/axi_smc/inst/m01_nodes/m01_aw_node/inst/s_sc_xpm_cdc_async_rst_inst/arststages_ff_reg[1]/C

Slack:                    inf
  Source:                 aes_i/axi_smc/inst/clk_map/psr_aclk/U0/ACTIVE_LOW_BSR_OUT_DFF[0].FDRE_BSR_N/C
                            (rising edge-triggered cell FDRE clocked by clk_fpga_0  {rise@0.000ns fall@5.000ns period=10.000ns})
  Destination:            aes_i/axi_smc/inst/m01_nodes/m01_aw_node/inst/s_sc_xpm_cdc_async_rst_inst/arststages_ff_reg[2]/CLR
                            (removal check against rising-edge clock clk_fpga_0  {rise@0.000ns fall@5.000ns period=10.000ns})
  Path Group:             (none)
  Path Type:              Removal (Min at Fast Process Corner)
  Data Path Delay:        0.586ns  (logic 0.186ns (31.737%)  route 0.400ns (68.263%))
  Logic Levels:           1  (LUT1=1)
  Clock Path Skew:        0.299ns (DCD - SCD - CPR)
    Destination Clock Delay (DCD):    1.189ns
    Source Clock Delay      (SCD):    0.890ns
    Clock Pessimism Removal (CPR):    -0.000ns
  Clock Uncertainty:      0.154ns  ((TSJ^2 + TIJ^2)^1/2 + DJ) / 2 + PE
    Total System Jitter     (TSJ):    0.071ns
    Total Input Jitter      (TIJ):    0.300ns
    Discrete Jitter          (DJ):    0.000ns
    Phase Error              (PE):    0.000ns
  Timing Exception:       False Path

    Location             Delay type                Incr(ns)  Path(ns)    Netlist Resource(s)
  -------------------------------------------------------------------    -------------------
                         (clock clk_fpga_0 rise edge)
                                                      0.000     0.000 r  
    PS7_X0Y0             PS7                          0.000     0.000 r  aes_i/processing_system7_0/inst/PS7_i/FCLKCLK[0]
                         net (fo=1, routed)           0.310     0.310    aes_i/processing_system7_0/inst/FCLK_CLK_unbuffered[0]
    BUFGCTRL_X0Y16       BUFG (Prop_bufg_I_O)         0.026     0.336 r  aes_i/processing_system7_0/inst/buffer_fclk_clk_0.FCLK_CLK_0_BUFG/O
                         net (fo=17798, routed)       0.554     0.890    aes_i/axi_smc/inst/clk_map/psr_aclk/U0/aclk
    SLICE_X48Y90         FDRE                                         r  aes_i/axi_smc/inst/clk_map/psr_aclk/U0/ACTIVE_LOW_BSR_OUT_DFF[0].FDRE_BSR_N/C
  -------------------------------------------------------------------    -------------------
    SLICE_X48Y90         FDRE (Prop_fdre_C_Q)         0.141     1.031 r  aes_i/axi_smc/inst/clk_map/psr_aclk/U0/ACTIVE_LOW_BSR_OUT_DFF[0].FDRE_BSR_N/Q
                         net (fo=25, routed)          0.280     1.311    aes_i/axi_smc/inst/m01_nodes/m01_aw_node/inst/s_sc_xpm_cdc_async_rst_inst/src_arst
    SLICE_X44Y89         LUT1 (Prop_lut1_I0_O)        0.045     1.356 f  aes_i/axi_smc/inst/m01_nodes/m01_aw_node/inst/s_sc_xpm_cdc_async_rst_inst/arststages_ff[2]_i_1/O
                         net (fo=3, routed)           0.120     1.476    aes_i/axi_smc/inst/m01_nodes/m01_aw_node/inst/s_sc_xpm_cdc_async_rst_inst/reset_pol
    SLICE_X44Y90         FDCE                                         f  aes_i/axi_smc/inst/m01_nodes/m01_aw_node/inst/s_sc_xpm_cdc_async_rst_inst/arststages_ff_reg[2]/CLR
  -------------------------------------------------------------------    -------------------

                         (clock clk_fpga_0 rise edge)
                                                      0.000     0.000 r  
    PS7_X0Y0             PS7                          0.000     0.000 r  aes_i/processing_system7_0/inst/PS7_i/FCLKCLK[0]
                         net (fo=1, routed)           0.337     0.337    aes_i/processing_system7_0/inst/FCLK_CLK_unbuffered[0]
    BUFGCTRL_X0Y16       BUFG (Prop_bufg_I_O)         0.029     0.366 r  aes_i/processing_system7_0/inst/buffer_fclk_clk_0.FCLK_CLK_0_BUFG/O
                         net (fo=17798, routed)       0.823     1.189    aes_i/axi_smc/inst/m01_nodes/m01_aw_node/inst/s_sc_xpm_cdc_async_rst_inst/dest_clk
    SLICE_X44Y90         FDCE                                         r  aes_i/axi_smc/inst/m01_nodes/m01_aw_node/inst/s_sc_xpm_cdc_async_rst_inst/arststages_ff_reg[2]/C

Slack:                    inf
  Source:                 aes_i/axi_smc/inst/clk_map/psr_aclk/U0/ACTIVE_LOW_BSR_OUT_DFF[0].FDRE_BSR_N/C
                            (rising edge-triggered cell FDRE clocked by clk_fpga_0  {rise@0.000ns fall@5.000ns period=10.000ns})
  Destination:            aes_i/axi_smc/inst/m00_nodes/m00_r_node/inst/s_sc_xpm_cdc_async_rst_inst/arststages_ff_reg[0]/CLR
                            (removal check against rising-edge clock clk_fpga_0  {rise@0.000ns fall@5.000ns period=10.000ns})
  Path Group:             (none)
  Path Type:              Removal (Min at Fast Process Corner)
  Data Path Delay:        0.668ns  (logic 0.186ns (27.829%)  route 0.482ns (72.171%))
  Logic Levels:           1  (LUT1=1)
  Clock Path Skew:        0.298ns (DCD - SCD - CPR)
    Destination Clock Delay (DCD):    1.188ns
    Source Clock Delay      (SCD):    0.890ns
    Clock Pessimism Removal (CPR):    -0.000ns
  Clock Uncertainty:      0.154ns  ((TSJ^2 + TIJ^2)^1/2 + DJ) / 2 + PE
    Total System Jitter     (TSJ):    0.071ns
    Total Input Jitter      (TIJ):    0.300ns
    Discrete Jitter          (DJ):    0.000ns
    Phase Error              (PE):    0.000ns
  Timing Exception:       False Path

    Location             Delay type                Incr(ns)  Path(ns)    Netlist Resource(s)
  -------------------------------------------------------------------    -------------------
                         (clock clk_fpga_0 rise edge)
                                                      0.000     0.000 r  
    PS7_X0Y0             PS7                          0.000     0.000 r  aes_i/processing_system7_0/inst/PS7_i/FCLKCLK[0]
                         net (fo=1, routed)           0.310     0.310    aes_i/processing_system7_0/inst/FCLK_CLK_unbuffered[0]
    BUFGCTRL_X0Y16       BUFG (Prop_bufg_I_O)         0.026     0.336 r  aes_i/processing_system7_0/inst/buffer_fclk_clk_0.FCLK_CLK_0_BUFG/O
                         net (fo=17798, routed)       0.554     0.890    aes_i/axi_smc/inst/clk_map/psr_aclk/U0/aclk
    SLICE_X48Y90         FDRE                                         r  aes_i/axi_smc/inst/clk_map/psr_aclk/U0/ACTIVE_LOW_BSR_OUT_DFF[0].FDRE_BSR_N/C
  -------------------------------------------------------------------    -------------------
    SLICE_X48Y90         FDRE (Prop_fdre_C_Q)         0.141     1.031 r  aes_i/axi_smc/inst/clk_map/psr_aclk/U0/ACTIVE_LOW_BSR_OUT_DFF[0].FDRE_BSR_N/Q
                         net (fo=25, routed)          0.303     1.333    aes_i/axi_smc/inst/m00_nodes/m00_r_node/inst/s_sc_xpm_cdc_async_rst_inst/src_arst
    SLICE_X44Y88         LUT1 (Prop_lut1_I0_O)        0.045     1.378 f  aes_i/axi_smc/inst/m00_nodes/m00_r_node/inst/s_sc_xpm_cdc_async_rst_inst/arststages_ff[2]_i_1/O
                         net (fo=3, routed)           0.180     1.558    aes_i/axi_smc/inst/m00_nodes/m00_r_node/inst/s_sc_xpm_cdc_async_rst_inst/reset_pol
    SLICE_X45Y88         FDCE                                         f  aes_i/axi_smc/inst/m00_nodes/m00_r_node/inst/s_sc_xpm_cdc_async_rst_inst/arststages_ff_reg[0]/CLR
  -------------------------------------------------------------------    -------------------

                         (clock clk_fpga_0 rise edge)
                                                      0.000     0.000 r  
    PS7_X0Y0             PS7                          0.000     0.000 r  aes_i/processing_system7_0/inst/PS7_i/FCLKCLK[0]
                         net (fo=1, routed)           0.337     0.337    aes_i/processing_system7_0/inst/FCLK_CLK_unbuffered[0]
    BUFGCTRL_X0Y16       BUFG (Prop_bufg_I_O)         0.029     0.366 r  aes_i/processing_system7_0/inst/buffer_fclk_clk_0.FCLK_CLK_0_BUFG/O
                         net (fo=17798, routed)       0.822     1.188    aes_i/axi_smc/inst/m00_nodes/m00_r_node/inst/s_sc_xpm_cdc_async_rst_inst/dest_clk
    SLICE_X45Y88         FDCE                                         r  aes_i/axi_smc/inst/m00_nodes/m00_r_node/inst/s_sc_xpm_cdc_async_rst_inst/arststages_ff_reg[0]/C

Slack:                    inf
  Source:                 aes_i/axi_smc/inst/clk_map/psr_aclk/U0/ACTIVE_LOW_BSR_OUT_DFF[0].FDRE_BSR_N/C
                            (rising edge-triggered cell FDRE clocked by clk_fpga_0  {rise@0.000ns fall@5.000ns period=10.000ns})
  Destination:            aes_i/axi_smc/inst/m00_nodes/m00_r_node/inst/s_sc_xpm_cdc_async_rst_inst/arststages_ff_reg[1]/CLR
                            (removal check against rising-edge clock clk_fpga_0  {rise@0.000ns fall@5.000ns period=10.000ns})
  Path Group:             (none)
  Path Type:              Removal (Min at Fast Process Corner)
  Data Path Delay:        0.668ns  (logic 0.186ns (27.829%)  route 0.482ns (72.171%))
  Logic Levels:           1  (LUT1=1)
  Clock Path Skew:        0.298ns (DCD - SCD - CPR)
    Destination Clock Delay (DCD):    1.188ns
    Source Clock Delay      (SCD):    0.890ns
    Clock Pessimism Removal (CPR):    -0.000ns
  Clock Uncertainty:      0.154ns  ((TSJ^2 + TIJ^2)^1/2 + DJ) / 2 + PE
    Total System Jitter     (TSJ):    0.071ns
    Total Input Jitter      (TIJ):    0.300ns
    Discrete Jitter          (DJ):    0.000ns
    Phase Error              (PE):    0.000ns
  Timing Exception:       False Path

    Location             Delay type                Incr(ns)  Path(ns)    Netlist Resource(s)
  -------------------------------------------------------------------    -------------------
                         (clock clk_fpga_0 rise edge)
                                                      0.000     0.000 r  
    PS7_X0Y0             PS7                          0.000     0.000 r  aes_i/processing_system7_0/inst/PS7_i/FCLKCLK[0]
                         net (fo=1, routed)           0.310     0.310    aes_i/processing_system7_0/inst/FCLK_CLK_unbuffered[0]
    BUFGCTRL_X0Y16       BUFG (Prop_bufg_I_O)         0.026     0.336 r  aes_i/processing_system7_0/inst/buffer_fclk_clk_0.FCLK_CLK_0_BUFG/O
                         net (fo=17798, routed)       0.554     0.890    aes_i/axi_smc/inst/clk_map/psr_aclk/U0/aclk
    SLICE_X48Y90         FDRE                                         r  aes_i/axi_smc/inst/clk_map/psr_aclk/U0/ACTIVE_LOW_BSR_OUT_DFF[0].FDRE_BSR_N/C
  -------------------------------------------------------------------    -------------------
    SLICE_X48Y90         FDRE (Prop_fdre_C_Q)         0.141     1.031 r  aes_i/axi_smc/inst/clk_map/psr_aclk/U0/ACTIVE_LOW_BSR_OUT_DFF[0].FDRE_BSR_N/Q
                         net (fo=25, routed)          0.303     1.333    aes_i/axi_smc/inst/m00_nodes/m00_r_node/inst/s_sc_xpm_cdc_async_rst_inst/src_arst
    SLICE_X44Y88         LUT1 (Prop_lut1_I0_O)        0.045     1.378 f  aes_i/axi_smc/inst/m00_nodes/m00_r_node/inst/s_sc_xpm_cdc_async_rst_inst/arststages_ff[2]_i_1/O
                         net (fo=3, routed)           0.180     1.558    aes_i/axi_smc/inst/m00_nodes/m00_r_node/inst/s_sc_xpm_cdc_async_rst_inst/reset_pol
    SLICE_X45Y88         FDCE                                         f  aes_i/axi_smc/inst/m00_nodes/m00_r_node/inst/s_sc_xpm_cdc_async_rst_inst/arststages_ff_reg[1]/CLR
  -------------------------------------------------------------------    -------------------

                         (clock clk_fpga_0 rise edge)
                                                      0.000     0.000 r  
    PS7_X0Y0             PS7                          0.000     0.000 r  aes_i/processing_system7_0/inst/PS7_i/FCLKCLK[0]
                         net (fo=1, routed)           0.337     0.337    aes_i/processing_system7_0/inst/FCLK_CLK_unbuffered[0]
    BUFGCTRL_X0Y16       BUFG (Prop_bufg_I_O)         0.029     0.366 r  aes_i/processing_system7_0/inst/buffer_fclk_clk_0.FCLK_CLK_0_BUFG/O
                         net (fo=17798, routed)       0.822     1.188    aes_i/axi_smc/inst/m00_nodes/m00_r_node/inst/s_sc_xpm_cdc_async_rst_inst/dest_clk
    SLICE_X45Y88         FDCE                                         r  aes_i/axi_smc/inst/m00_nodes/m00_r_node/inst/s_sc_xpm_cdc_async_rst_inst/arststages_ff_reg[1]/C

Slack:                    inf
  Source:                 aes_i/axi_smc/inst/clk_map/psr_aclk/U0/ACTIVE_LOW_BSR_OUT_DFF[0].FDRE_BSR_N/C
                            (rising edge-triggered cell FDRE clocked by clk_fpga_0  {rise@0.000ns fall@5.000ns period=10.000ns})
  Destination:            aes_i/axi_smc/inst/m00_nodes/m00_r_node/inst/s_sc_xpm_cdc_async_rst_inst/arststages_ff_reg[2]/CLR
                            (removal check against rising-edge clock clk_fpga_0  {rise@0.000ns fall@5.000ns period=10.000ns})
  Path Group:             (none)
  Path Type:              Removal (Min at Fast Process Corner)
  Data Path Delay:        0.668ns  (logic 0.186ns (27.829%)  route 0.482ns (72.171%))
  Logic Levels:           1  (LUT1=1)
  Clock Path Skew:        0.298ns (DCD - SCD - CPR)
    Destination Clock Delay (DCD):    1.188ns
    Source Clock Delay      (SCD):    0.890ns
    Clock Pessimism Removal (CPR):    -0.000ns
  Clock Uncertainty:      0.154ns  ((TSJ^2 + TIJ^2)^1/2 + DJ) / 2 + PE
    Total System Jitter     (TSJ):    0.071ns
    Total Input Jitter      (TIJ):    0.300ns
    Discrete Jitter          (DJ):    0.000ns
    Phase Error              (PE):    0.000ns
  Timing Exception:       False Path

    Location             Delay type                Incr(ns)  Path(ns)    Netlist Resource(s)
  -------------------------------------------------------------------    -------------------
                         (clock clk_fpga_0 rise edge)
                                                      0.000     0.000 r  
    PS7_X0Y0             PS7                          0.000     0.000 r  aes_i/processing_system7_0/inst/PS7_i/FCLKCLK[0]
                         net (fo=1, routed)           0.310     0.310    aes_i/processing_system7_0/inst/FCLK_CLK_unbuffered[0]
    BUFGCTRL_X0Y16       BUFG (Prop_bufg_I_O)         0.026     0.336 r  aes_i/processing_system7_0/inst/buffer_fclk_clk_0.FCLK_CLK_0_BUFG/O
                         net (fo=17798, routed)       0.554     0.890    aes_i/axi_smc/inst/clk_map/psr_aclk/U0/aclk
    SLICE_X48Y90         FDRE                                         r  aes_i/axi_smc/inst/clk_map/psr_aclk/U0/ACTIVE_LOW_BSR_OUT_DFF[0].FDRE_BSR_N/C
  -------------------------------------------------------------------    -------------------
    SLICE_X48Y90         FDRE (Prop_fdre_C_Q)         0.141     1.031 r  aes_i/axi_smc/inst/clk_map/psr_aclk/U0/ACTIVE_LOW_BSR_OUT_DFF[0].FDRE_BSR_N/Q
                         net (fo=25, routed)          0.303     1.333    aes_i/axi_smc/inst/m00_nodes/m00_r_node/inst/s_sc_xpm_cdc_async_rst_inst/src_arst
    SLICE_X44Y88         LUT1 (Prop_lut1_I0_O)        0.045     1.378 f  aes_i/axi_smc/inst/m00_nodes/m00_r_node/inst/s_sc_xpm_cdc_async_rst_inst/arststages_ff[2]_i_1/O
                         net (fo=3, routed)           0.180     1.558    aes_i/axi_smc/inst/m00_nodes/m00_r_node/inst/s_sc_xpm_cdc_async_rst_inst/reset_pol
    SLICE_X45Y88         FDCE                                         f  aes_i/axi_smc/inst/m00_nodes/m00_r_node/inst/s_sc_xpm_cdc_async_rst_inst/arststages_ff_reg[2]/CLR
  -------------------------------------------------------------------    -------------------

                         (clock clk_fpga_0 rise edge)
                                                      0.000     0.000 r  
    PS7_X0Y0             PS7                          0.000     0.000 r  aes_i/processing_system7_0/inst/PS7_i/FCLKCLK[0]
                         net (fo=1, routed)           0.337     0.337    aes_i/processing_system7_0/inst/FCLK_CLK_unbuffered[0]
    BUFGCTRL_X0Y16       BUFG (Prop_bufg_I_O)         0.029     0.366 r  aes_i/processing_system7_0/inst/buffer_fclk_clk_0.FCLK_CLK_0_BUFG/O
                         net (fo=17798, routed)       0.822     1.188    aes_i/axi_smc/inst/m00_nodes/m00_r_node/inst/s_sc_xpm_cdc_async_rst_inst/dest_clk
    SLICE_X45Y88         FDCE                                         r  aes_i/axi_smc/inst/m00_nodes/m00_r_node/inst/s_sc_xpm_cdc_async_rst_inst/arststages_ff_reg[2]/C

Slack:                    inf
  Source:                 aes_i/axi_smc/inst/clk_map/psr_aclk/U0/ACTIVE_LOW_BSR_OUT_DFF[0].FDRE_BSR_N/C
                            (rising edge-triggered cell FDRE clocked by clk_fpga_0  {rise@0.000ns fall@5.000ns period=10.000ns})
  Destination:            aes_i/axi_smc/inst/m01_nodes/m01_b_node/inst/s_sc_xpm_cdc_async_rst_inst/arststages_ff_reg[0]/CLR
                            (removal check against rising-edge clock clk_fpga_0  {rise@0.000ns fall@5.000ns period=10.000ns})
  Path Group:             (none)
  Path Type:              Removal (Min at Fast Process Corner)
  Data Path Delay:        0.700ns  (logic 0.183ns (26.146%)  route 0.517ns (73.854%))
  Logic Levels:           1  (LUT1=1)
  Clock Path Skew:        0.298ns (DCD - SCD - CPR)
    Destination Clock Delay (DCD):    1.188ns
    Source Clock Delay      (SCD):    0.890ns
    Clock Pessimism Removal (CPR):    -0.000ns
  Clock Uncertainty:      0.154ns  ((TSJ^2 + TIJ^2)^1/2 + DJ) / 2 + PE
    Total System Jitter     (TSJ):    0.071ns
    Total Input Jitter      (TIJ):    0.300ns
    Discrete Jitter          (DJ):    0.000ns
    Phase Error              (PE):    0.000ns
  Timing Exception:       False Path

    Location             Delay type                Incr(ns)  Path(ns)    Netlist Resource(s)
  -------------------------------------------------------------------    -------------------
                         (clock clk_fpga_0 rise edge)
                                                      0.000     0.000 r  
    PS7_X0Y0             PS7                          0.000     0.000 r  aes_i/processing_system7_0/inst/PS7_i/FCLKCLK[0]
                         net (fo=1, routed)           0.310     0.310    aes_i/processing_system7_0/inst/FCLK_CLK_unbuffered[0]
    BUFGCTRL_X0Y16       BUFG (Prop_bufg_I_O)         0.026     0.336 r  aes_i/processing_system7_0/inst/buffer_fclk_clk_0.FCLK_CLK_0_BUFG/O
                         net (fo=17798, routed)       0.554     0.890    aes_i/axi_smc/inst/clk_map/psr_aclk/U0/aclk
    SLICE_X48Y90         FDRE                                         r  aes_i/axi_smc/inst/clk_map/psr_aclk/U0/ACTIVE_LOW_BSR_OUT_DFF[0].FDRE_BSR_N/C
  -------------------------------------------------------------------    -------------------
    SLICE_X48Y90         FDRE (Prop_fdre_C_Q)         0.141     1.031 r  aes_i/axi_smc/inst/clk_map/psr_aclk/U0/ACTIVE_LOW_BSR_OUT_DFF[0].FDRE_BSR_N/Q
                         net (fo=25, routed)          0.280     1.311    aes_i/axi_smc/inst/m01_nodes/m01_b_node/inst/s_sc_xpm_cdc_async_rst_inst/src_arst
    SLICE_X44Y89         LUT1 (Prop_lut1_I0_O)        0.042     1.353 f  aes_i/axi_smc/inst/m01_nodes/m01_b_node/inst/s_sc_xpm_cdc_async_rst_inst/arststages_ff[2]_i_1/O
                         net (fo=3, routed)           0.237     1.590    aes_i/axi_smc/inst/m01_nodes/m01_b_node/inst/s_sc_xpm_cdc_async_rst_inst/reset_pol
    SLICE_X44Y89         FDCE                                         f  aes_i/axi_smc/inst/m01_nodes/m01_b_node/inst/s_sc_xpm_cdc_async_rst_inst/arststages_ff_reg[0]/CLR
  -------------------------------------------------------------------    -------------------

                         (clock clk_fpga_0 rise edge)
                                                      0.000     0.000 r  
    PS7_X0Y0             PS7                          0.000     0.000 r  aes_i/processing_system7_0/inst/PS7_i/FCLKCLK[0]
                         net (fo=1, routed)           0.337     0.337    aes_i/processing_system7_0/inst/FCLK_CLK_unbuffered[0]
    BUFGCTRL_X0Y16       BUFG (Prop_bufg_I_O)         0.029     0.366 r  aes_i/processing_system7_0/inst/buffer_fclk_clk_0.FCLK_CLK_0_BUFG/O
                         net (fo=17798, routed)       0.822     1.188    aes_i/axi_smc/inst/m01_nodes/m01_b_node/inst/s_sc_xpm_cdc_async_rst_inst/dest_clk
    SLICE_X44Y89         FDCE                                         r  aes_i/axi_smc/inst/m01_nodes/m01_b_node/inst/s_sc_xpm_cdc_async_rst_inst/arststages_ff_reg[0]/C

Slack:                    inf
  Source:                 aes_i/axi_smc/inst/clk_map/psr_aclk/U0/ACTIVE_LOW_BSR_OUT_DFF[0].FDRE_BSR_N/C
                            (rising edge-triggered cell FDRE clocked by clk_fpga_0  {rise@0.000ns fall@5.000ns period=10.000ns})
  Destination:            aes_i/axi_smc/inst/m01_nodes/m01_b_node/inst/s_sc_xpm_cdc_async_rst_inst/arststages_ff_reg[1]/CLR
                            (removal check against rising-edge clock clk_fpga_0  {rise@0.000ns fall@5.000ns period=10.000ns})
  Path Group:             (none)
  Path Type:              Removal (Min at Fast Process Corner)
  Data Path Delay:        0.700ns  (logic 0.183ns (26.146%)  route 0.517ns (73.854%))
  Logic Levels:           1  (LUT1=1)
  Clock Path Skew:        0.298ns (DCD - SCD - CPR)
    Destination Clock Delay (DCD):    1.188ns
    Source Clock Delay      (SCD):    0.890ns
    Clock Pessimism Removal (CPR):    -0.000ns
  Clock Uncertainty:      0.154ns  ((TSJ^2 + TIJ^2)^1/2 + DJ) / 2 + PE
    Total System Jitter     (TSJ):    0.071ns
    Total Input Jitter      (TIJ):    0.300ns
    Discrete Jitter          (DJ):    0.000ns
    Phase Error              (PE):    0.000ns
  Timing Exception:       False Path

    Location             Delay type                Incr(ns)  Path(ns)    Netlist Resource(s)
  -------------------------------------------------------------------    -------------------
                         (clock clk_fpga_0 rise edge)
                                                      0.000     0.000 r  
    PS7_X0Y0             PS7                          0.000     0.000 r  aes_i/processing_system7_0/inst/PS7_i/FCLKCLK[0]
                         net (fo=1, routed)           0.310     0.310    aes_i/processing_system7_0/inst/FCLK_CLK_unbuffered[0]
    BUFGCTRL_X0Y16       BUFG (Prop_bufg_I_O)         0.026     0.336 r  aes_i/processing_system7_0/inst/buffer_fclk_clk_0.FCLK_CLK_0_BUFG/O
                         net (fo=17798, routed)       0.554     0.890    aes_i/axi_smc/inst/clk_map/psr_aclk/U0/aclk
    SLICE_X48Y90         FDRE                                         r  aes_i/axi_smc/inst/clk_map/psr_aclk/U0/ACTIVE_LOW_BSR_OUT_DFF[0].FDRE_BSR_N/C
  -------------------------------------------------------------------    -------------------
    SLICE_X48Y90         FDRE (Prop_fdre_C_Q)         0.141     1.031 r  aes_i/axi_smc/inst/clk_map/psr_aclk/U0/ACTIVE_LOW_BSR_OUT_DFF[0].FDRE_BSR_N/Q
                         net (fo=25, routed)          0.280     1.311    aes_i/axi_smc/inst/m01_nodes/m01_b_node/inst/s_sc_xpm_cdc_async_rst_inst/src_arst
    SLICE_X44Y89         LUT1 (Prop_lut1_I0_O)        0.042     1.353 f  aes_i/axi_smc/inst/m01_nodes/m01_b_node/inst/s_sc_xpm_cdc_async_rst_inst/arststages_ff[2]_i_1/O
                         net (fo=3, routed)           0.237     1.590    aes_i/axi_smc/inst/m01_nodes/m01_b_node/inst/s_sc_xpm_cdc_async_rst_inst/reset_pol
    SLICE_X44Y89         FDCE                                         f  aes_i/axi_smc/inst/m01_nodes/m01_b_node/inst/s_sc_xpm_cdc_async_rst_inst/arststages_ff_reg[1]/CLR
  -------------------------------------------------------------------    -------------------

                         (clock clk_fpga_0 rise edge)
                                                      0.000     0.000 r  
    PS7_X0Y0             PS7                          0.000     0.000 r  aes_i/processing_system7_0/inst/PS7_i/FCLKCLK[0]
                         net (fo=1, routed)           0.337     0.337    aes_i/processing_system7_0/inst/FCLK_CLK_unbuffered[0]
    BUFGCTRL_X0Y16       BUFG (Prop_bufg_I_O)         0.029     0.366 r  aes_i/processing_system7_0/inst/buffer_fclk_clk_0.FCLK_CLK_0_BUFG/O
                         net (fo=17798, routed)       0.822     1.188    aes_i/axi_smc/inst/m01_nodes/m01_b_node/inst/s_sc_xpm_cdc_async_rst_inst/dest_clk
    SLICE_X44Y89         FDCE                                         r  aes_i/axi_smc/inst/m01_nodes/m01_b_node/inst/s_sc_xpm_cdc_async_rst_inst/arststages_ff_reg[1]/C

Slack:                    inf
  Source:                 aes_i/axi_smc/inst/clk_map/psr_aclk/U0/ACTIVE_LOW_BSR_OUT_DFF[0].FDRE_BSR_N/C
                            (rising edge-triggered cell FDRE clocked by clk_fpga_0  {rise@0.000ns fall@5.000ns period=10.000ns})
  Destination:            aes_i/axi_smc/inst/m01_nodes/m01_b_node/inst/s_sc_xpm_cdc_async_rst_inst/arststages_ff_reg[2]/CLR
                            (removal check against rising-edge clock clk_fpga_0  {rise@0.000ns fall@5.000ns period=10.000ns})
  Path Group:             (none)
  Path Type:              Removal (Min at Fast Process Corner)
  Data Path Delay:        0.700ns  (logic 0.183ns (26.146%)  route 0.517ns (73.854%))
  Logic Levels:           1  (LUT1=1)
  Clock Path Skew:        0.298ns (DCD - SCD - CPR)
    Destination Clock Delay (DCD):    1.188ns
    Source Clock Delay      (SCD):    0.890ns
    Clock Pessimism Removal (CPR):    -0.000ns
  Clock Uncertainty:      0.154ns  ((TSJ^2 + TIJ^2)^1/2 + DJ) / 2 + PE
    Total System Jitter     (TSJ):    0.071ns
    Total Input Jitter      (TIJ):    0.300ns
    Discrete Jitter          (DJ):    0.000ns
    Phase Error              (PE):    0.000ns
  Timing Exception:       False Path

    Location             Delay type                Incr(ns)  Path(ns)    Netlist Resource(s)
  -------------------------------------------------------------------    -------------------
                         (clock clk_fpga_0 rise edge)
                                                      0.000     0.000 r  
    PS7_X0Y0             PS7                          0.000     0.000 r  aes_i/processing_system7_0/inst/PS7_i/FCLKCLK[0]
                         net (fo=1, routed)           0.310     0.310    aes_i/processing_system7_0/inst/FCLK_CLK_unbuffered[0]
    BUFGCTRL_X0Y16       BUFG (Prop_bufg_I_O)         0.026     0.336 r  aes_i/processing_system7_0/inst/buffer_fclk_clk_0.FCLK_CLK_0_BUFG/O
                         net (fo=17798, routed)       0.554     0.890    aes_i/axi_smc/inst/clk_map/psr_aclk/U0/aclk
    SLICE_X48Y90         FDRE                                         r  aes_i/axi_smc/inst/clk_map/psr_aclk/U0/ACTIVE_LOW_BSR_OUT_DFF[0].FDRE_BSR_N/C
  -------------------------------------------------------------------    -------------------
    SLICE_X48Y90         FDRE (Prop_fdre_C_Q)         0.141     1.031 r  aes_i/axi_smc/inst/clk_map/psr_aclk/U0/ACTIVE_LOW_BSR_OUT_DFF[0].FDRE_BSR_N/Q
                         net (fo=25, routed)          0.280     1.311    aes_i/axi_smc/inst/m01_nodes/m01_b_node/inst/s_sc_xpm_cdc_async_rst_inst/src_arst
    SLICE_X44Y89         LUT1 (Prop_lut1_I0_O)        0.042     1.353 f  aes_i/axi_smc/inst/m01_nodes/m01_b_node/inst/s_sc_xpm_cdc_async_rst_inst/arststages_ff[2]_i_1/O
                         net (fo=3, routed)           0.237     1.590    aes_i/axi_smc/inst/m01_nodes/m01_b_node/inst/s_sc_xpm_cdc_async_rst_inst/reset_pol
    SLICE_X44Y89         FDCE                                         f  aes_i/axi_smc/inst/m01_nodes/m01_b_node/inst/s_sc_xpm_cdc_async_rst_inst/arststages_ff_reg[2]/CLR
  -------------------------------------------------------------------    -------------------

                         (clock clk_fpga_0 rise edge)
                                                      0.000     0.000 r  
    PS7_X0Y0             PS7                          0.000     0.000 r  aes_i/processing_system7_0/inst/PS7_i/FCLKCLK[0]
                         net (fo=1, routed)           0.337     0.337    aes_i/processing_system7_0/inst/FCLK_CLK_unbuffered[0]
    BUFGCTRL_X0Y16       BUFG (Prop_bufg_I_O)         0.029     0.366 r  aes_i/processing_system7_0/inst/buffer_fclk_clk_0.FCLK_CLK_0_BUFG/O
                         net (fo=17798, routed)       0.822     1.188    aes_i/axi_smc/inst/m01_nodes/m01_b_node/inst/s_sc_xpm_cdc_async_rst_inst/dest_clk
    SLICE_X44Y89         FDCE                                         r  aes_i/axi_smc/inst/m01_nodes/m01_b_node/inst/s_sc_xpm_cdc_async_rst_inst/arststages_ff_reg[2]/C

Slack:                    inf
  Source:                 aes_i/axi_smc/inst/clk_map/psr_aclk/U0/ACTIVE_LOW_BSR_OUT_DFF[0].FDRE_BSR_N/C
                            (rising edge-triggered cell FDRE clocked by clk_fpga_0  {rise@0.000ns fall@5.000ns period=10.000ns})
  Destination:            aes_i/axi_smc/inst/m01_exit_pipeline/m01_exit/inst/xpm_cdc_async_rst_inst/arststages_ff_reg[0]/CLR
                            (removal check against rising-edge clock clk_fpga_0  {rise@0.000ns fall@5.000ns period=10.000ns})
  Path Group:             (none)
  Path Type:              Removal (Min at Fast Process Corner)
  Data Path Delay:        0.720ns  (logic 0.192ns (26.650%)  route 0.528ns (73.350%))
  Logic Levels:           1  (LUT1=1)
  Clock Path Skew:        0.298ns (DCD - SCD - CPR)
    Destination Clock Delay (DCD):    1.188ns
    Source Clock Delay      (SCD):    0.890ns
    Clock Pessimism Removal (CPR):    -0.000ns
  Clock Uncertainty:      0.154ns  ((TSJ^2 + TIJ^2)^1/2 + DJ) / 2 + PE
    Total System Jitter     (TSJ):    0.071ns
    Total Input Jitter      (TIJ):    0.300ns
    Discrete Jitter          (DJ):    0.000ns
    Phase Error              (PE):    0.000ns
  Timing Exception:       False Path

    Location             Delay type                Incr(ns)  Path(ns)    Netlist Resource(s)
  -------------------------------------------------------------------    -------------------
                         (clock clk_fpga_0 rise edge)
                                                      0.000     0.000 r  
    PS7_X0Y0             PS7                          0.000     0.000 r  aes_i/processing_system7_0/inst/PS7_i/FCLKCLK[0]
                         net (fo=1, routed)           0.310     0.310    aes_i/processing_system7_0/inst/FCLK_CLK_unbuffered[0]
    BUFGCTRL_X0Y16       BUFG (Prop_bufg_I_O)         0.026     0.336 r  aes_i/processing_system7_0/inst/buffer_fclk_clk_0.FCLK_CLK_0_BUFG/O
                         net (fo=17798, routed)       0.554     0.890    aes_i/axi_smc/inst/clk_map/psr_aclk/U0/aclk
    SLICE_X48Y90         FDRE                                         r  aes_i/axi_smc/inst/clk_map/psr_aclk/U0/ACTIVE_LOW_BSR_OUT_DFF[0].FDRE_BSR_N/C
  -------------------------------------------------------------------    -------------------
    SLICE_X48Y90         FDRE (Prop_fdre_C_Q)         0.141     1.031 r  aes_i/axi_smc/inst/clk_map/psr_aclk/U0/ACTIVE_LOW_BSR_OUT_DFF[0].FDRE_BSR_N/Q
                         net (fo=25, routed)          0.303     1.333    aes_i/axi_smc/inst/m01_exit_pipeline/m01_exit/inst/xpm_cdc_async_rst_inst/src_arst
    SLICE_X44Y88         LUT1 (Prop_lut1_I0_O)        0.051     1.384 f  aes_i/axi_smc/inst/m01_exit_pipeline/m01_exit/inst/xpm_cdc_async_rst_inst/arststages_ff[2]_i_1/O
                         net (fo=3, routed)           0.226     1.610    aes_i/axi_smc/inst/m01_exit_pipeline/m01_exit/inst/xpm_cdc_async_rst_inst/reset_pol
    SLICE_X41Y88         FDCE                                         f  aes_i/axi_smc/inst/m01_exit_pipeline/m01_exit/inst/xpm_cdc_async_rst_inst/arststages_ff_reg[0]/CLR
  -------------------------------------------------------------------    -------------------

                         (clock clk_fpga_0 rise edge)
                                                      0.000     0.000 r  
    PS7_X0Y0             PS7                          0.000     0.000 r  aes_i/processing_system7_0/inst/PS7_i/FCLKCLK[0]
                         net (fo=1, routed)           0.337     0.337    aes_i/processing_system7_0/inst/FCLK_CLK_unbuffered[0]
    BUFGCTRL_X0Y16       BUFG (Prop_bufg_I_O)         0.029     0.366 r  aes_i/processing_system7_0/inst/buffer_fclk_clk_0.FCLK_CLK_0_BUFG/O
                         net (fo=17798, routed)       0.822     1.188    aes_i/axi_smc/inst/m01_exit_pipeline/m01_exit/inst/xpm_cdc_async_rst_inst/dest_clk
    SLICE_X41Y88         FDCE                                         r  aes_i/axi_smc/inst/m01_exit_pipeline/m01_exit/inst/xpm_cdc_async_rst_inst/arststages_ff_reg[0]/C





